fid,id,left,top,right,bottom,row_index,col_index,sci_name_count,sci_name_unique,sci_name_empty,sci_name_filled,sci_name_min,sci_name_max,sci_name_min_length,sci_name_max_length,sci_name_mean_length
230,230,541333.3689,158306.674,543333.3689,156306.674,13,6,,,,,,,,,
231,231,541333.3689,156306.674,543333.3689,154306.674,14,6,10,9,0,10,Abax parallelepipedus,Rutpela maculata,15,25,18.8
232,232,541333.3689,154306.674,543333.3689,152306.674,15,6,,,,,,,,,
233,233,541333.3689,152306.674,543333.3689,150306.674,16,6,,,,,,,,,
234,234,541333.3689,150306.674,543333.3689,148306.674,17,6,2,2,0,2,Amara plebeja,Phymatodes testaceus,13,20,16.5
235,235,541333.3689,148306.674,543333.3689,146306.674,18,6,2,2,0,2,Coccinella septempunctata,Oedemera nobilis,16,25,20.5
236,236,541333.3689,146306.674,543333.3689,144306.674,19,6,,,,,,,,,
237,237,541333.3689,144306.674,543333.3689,142306.674,20,6,,,,,,,,,
238,238,541333.3689,142306.674,543333.3689,140306.674,21,6,,,,,,,,,
265,265,543333.3689,160306.674,545333.3689,158306.674,12,7,,,,,,,,,
266,266,543333.3689,158306.674,545333.3689,156306.674,13,7,,,,,,,,,
267,267,543333.3689,156306.674,545333.3689,154306.674,14,7,61,51,0,61,Abax parallelepipedus,Tytthaspis sedecimpunctata,10,26,17.5573770491803
268,268,543333.3689,154306.674,545333.3689,152306.674,15,7,76,74,0,76,Abax parallelepipedus,Trechus obtusus,11,30,19.2894736842105
269,269,543333.3689,152306.674,545333.3689,150306.674,16,7,19,19,0,19,Acrossus rufipes,Strophosoma melanogrammum,11,28,18.6842105263158
270,270,543333.3689,150306.674,545333.3689,148306.674,17,7,2,2,0,2,Anaglyptus mysticus,Hermaeophaga mercurialis,19,24,21.5
271,271,543333.3689,148306.674,545333.3689,146306.674,18,7,42,39,0,42,Adalia bipunctata,Tytthaspis sedecimpunctata,11,26,18.0952380952381
272,272,543333.3689,146306.674,545333.3689,144306.674,19,7,47,37,0,47,Abax parallelepipedus,Tytthaspis sedecimpunctata,11,37,19.9574468085106
273,273,543333.3689,144306.674,545333.3689,142306.674,20,7,117,101,0,117,Acupalpus dubius,Xantholinus linearis,11,37,19.0598290598291
274,274,543333.3689,142306.674,545333.3689,140306.674,21,7,28,28,0,28,Adalia decempunctata,Tachyporus solutus,15,37,19.8214285714286
275,275,543333.3689,140306.674,545333.3689,138306.674,22,7,1,1,0,1,Lythraria salicariae,Lythraria salicariae,20,20,20
300,300,545333.3689,162306.674,547333.3689,160306.674,11,8,,,,,,,,,
301,301,545333.3689,160306.674,547333.3689,158306.674,12,8,16,16,0,16,Anotylus tetracarinatus,Tasgius morsitans,16,25,20.3125
302,302,545333.3689,158306.674,547333.3689,156306.674,13,8,4,4,0,4,Coccinella septempunctata,Rhagonycha fulva,16,25,20.25
303,303,545333.3689,156306.674,547333.3689,154306.674,14,8,10,8,0,10,Elmis aenea,Rutpela maculata,11,22,15.4
304,304,545333.3689,154306.674,547333.3689,152306.674,15,8,33,31,0,33,Abax parallelepipedus,Tytthaspis sedecimpunctata,10,26,18.6060606060606
305,305,545333.3689,152306.674,547333.3689,150306.674,16,8,36,36,0,36,Abax parallelepipedus,Xantholinus linearis,16,30,19.8055555555556
306,306,545333.3689,150306.674,547333.3689,148306.674,17,8,16,16,0,16,Abax parallelepipedus,Sphaeridium lunatum,11,28,19.125
307,307,545333.3689,148306.674,547333.3689,146306.674,18,8,7,6,0,7,Aphodius fimetarius/pedellus,Rutpela maculata,15,28,19.8571428571429
308,308,545333.3689,146306.674,547333.3689,144306.674,19,8,20,18,0,20,Alosterna tabacicolor,Rutpela maculata,11,37,19.6
309,309,545333.3689,144306.674,547333.3689,142306.674,20,8,192,154,0,192,Abax parallelepipedus,Xantholinus longiventris,10,44,19.2083333333333
310,310,545333.3689,142306.674,547333.3689,140306.674,21,8,7,7,0,7,Agonum emarginatum,Tachyporus hypnorum,16,20,18.4285714285714
311,311,545333.3689,140306.674,547333.3689,138306.674,22,8,,,,,,,,,
335,335,547333.3689,164306.674,549333.3689,162306.674,10,9,26,26,0,26,Amischa analis,Tachyporus hypnorum,14,29,19.3461538461538
336,336,547333.3689,162306.674,549333.3689,160306.674,11,9,45,14,0,45,Adalia bipunctata,Scaphidium quadrimaculatum,12,30,23.1555555555556
337,337,547333.3689,160306.674,549333.3689,158306.674,12,9,46,34,0,46,Ablattaria laevigata,Tytthaspis sedecimpunctata,11,30,18.9130434782609
338,338,547333.3689,158306.674,549333.3689,156306.674,13,9,13,9,0,13,Adalia bipunctata,Scaphidium quadrimaculatum,11,26,19.2307692307692
339,339,547333.3689,156306.674,549333.3689,154306.674,14,9,47,44,0,47,Adalia decempunctata,Tytthaspis sedecimpunctata,12,33,19.6595744680851
340,340,547333.3689,154306.674,549333.3689,152306.674,15,9,11,11,0,11,Amara fulva,Staphylinus erythropterus,11,25,18.5454545454545
341,341,547333.3689,152306.674,549333.3689,150306.674,16,9,44,42,0,44,Adalia bipunctata,Vincenzellus ruficollis,12,30,19.0454545454545
342,342,547333.3689,150306.674,549333.3689,148306.674,17,9,1,1,0,1,Malachius bipustulatus,Malachius bipustulatus,22,22,22
343,343,547333.3689,148306.674,549333.3689,146306.674,18,9,18,18,0,18,Agabus bipustulatus,Tychius pusillus,14,23,18.6111111111111
344,344,547333.3689,146306.674,549333.3689,144306.674,19,9,23,15,0,23,Adalia bipunctata,Subcoccinella vigintiquattuorpunctata,16,37,21.5652173913043
345,345,547333.3689,144306.674,549333.3689,142306.674,20,9,9,8,0,9,Cartodere nodifer,Rhagonycha fulva,14,20,17.6666666666667
346,346,547333.3689,142306.674,549333.3689,140306.674,21,9,20,19,0,20,Amara aenea,Siagonium quadricorne,11,24,17.85
366,366,549333.3689,174306.674,551333.3689,172306.674,5,10,69,39,0,69,Abax parallelepipedus,Tachyporus hypnorum,12,31,20.304347826087
367,367,549333.3689,172306.674,551333.3689,170306.674,6,10,102,17,0,102,Anisosticta novemdecimpunctata,Xantholinus linearis,13,43,16.4411764705882
368,368,549333.3689,170306.674,551333.3689,168306.674,7,10,2,2,0,2,Lucanus cervus,Pyrrhalta viburni,14,17,15.5
369,369,549333.3689,168306.674,551333.3689,166306.674,8,10,10,2,0,10,Lucanus cervus,Metoecus paradoxus,14,18,14.4
370,370,549333.3689,166306.674,551333.3689,164306.674,9,10,321,316,0,321,Abraeus perpusillus,Xylodromus concinnus,10,33,18.5482866043614
371,371,549333.3689,164306.674,551333.3689,162306.674,10,10,83,80,0,83,Abax parallelepipedus,Tytthaspis sedecimpunctata,13,29,20.3614457831325
372,372,549333.3689,162306.674,551333.3689,160306.674,11,10,332,247,0,332,Abax parallelepipedus,Vincenzellus ruficollis,10,37,19.0331325301205
373,373,549333.3689,160306.674,551333.3689,158306.674,12,10,45,41,0,45,Adalia bipunctata,Xantholinus longiventris,12,29,19.7333333333333
374,374,549333.3689,158306.674,551333.3689,156306.674,13,10,159,120,0,159,Abax parallelepipedus,Tytthaspis sedecimpunctata,11,43,19.6289308176101
375,375,549333.3689,156306.674,551333.3689,154306.674,14,10,117,74,0,117,Abax parallelepipedus,Tytthaspis sedecimpunctata,11,37,19.6923076923077
376,376,549333.3689,154306.674,551333.3689,152306.674,15,10,161,126,0,161,Abax parallelepipedus,Xantholinus linearis,12,39,19.7453416149068
377,377,549333.3689,152306.674,551333.3689,150306.674,16,10,22,22,0,22,Abax parallelepipedus,Tytthaspis sedecimpunctata,11,30,20.3181818181818
378,378,549333.3689,150306.674,551333.3689,148306.674,17,10,46,23,0,46,Acilius sulcatus,Stenagostus rhombeus,7,43,18.1304347826087
379,379,549333.3689,148306.674,551333.3689,146306.674,18,10,96,84,0,96,Acilius sulcatus,Vincenzellus ruficollis,7,37,19.1458333333333
380,380,549333.3689,146306.674,551333.3689,144306.674,19,10,24,18,0,24,Aphodius fimetarius/pedellus,Stenus similis,14,43,20.5416666666667
381,381,549333.3689,144306.674,551333.3689,142306.674,20,10,25,18,0,25,Adalia bipunctata,Tatianaerhynchites aequatus,12,37,21.84
382,382,549333.3689,142306.674,551333.3689,140306.674,21,10,17,15,0,17,Adalia decempunctata,Tytthaspis sedecimpunctata,14,30,20.9411764705882
383,383,549333.3689,140306.674,551333.3689,138306.674,22,10,59,32,0,59,Adalia decempunctata,Typhaea stercorea,11,30,18.9830508474576
384,384,549333.3689,138306.674,551333.3689,136306.674,23,10,,,,,,,,,
401,401,551333.3689,176306.674,553333.3689,174306.674,4,11,5,2,0,5,Lucanus cervus,Ptinus sexpunctatus,14,19,15
402,402,551333.3689,174306.674,553333.3689,172306.674,5,11,301,136,0,301,Adalia bipunctata,Xantholinus longiventris,11,37,18.9933554817276
403,403,551333.3689,172306.674,553333.3689,170306.674,6,11,25,11,0,25,Adalia bipunctata,Pterostichus madidus,14,30,18.32
404,404,551333.3689,170306.674,553333.3689,168306.674,7,11,47,43,0,47,Abax parallelepipedus,Tychius picirostris,12,28,18.3404255319149
405,405,551333.3689,168306.674,553333.3689,166306.674,8,11,8,7,0,8,Aloconota gregaria,Tachyporus hypnorum,16,26,18.625
406,406,551333.3689,166306.674,553333.3689,164306.674,9,11,126,113,0,126,Abraeus perpusillus,Trixagus dermestoides,10,37,18.8333333333333
407,407,551333.3689,164306.674,553333.3689,162306.674,10,11,269,198,0,269,Abraeus perpusillus,Trypodendron domesticum,8,33,18.8921933085502
408,408,551333.3689,162306.674,553333.3689,160306.674,11,11,101,91,0,101,Agathidium varians,Tatianaerhynchites aequatus,8,30,19.019801980198
409,409,551333.3689,160306.674,553333.3689,158306.674,12,11,114,100,0,114,Adalia decempunctata,Volinus sticticus,11,43,19.7105263157895
410,410,551333.3689,158306.674,553333.3689,156306.674,13,11,1025,533,0,1025,Abax parallelepipedus,Xantholinus longiventris,9,43,19.1765853658537
411,411,551333.3689,156306.674,553333.3689,154306.674,14,11,138,105,0,138,Abax parallelepipedus,Tytthaspis sedecimpunctata,10,37,19.0652173913043
412,412,551333.3689,154306.674,553333.3689,152306.674,15,11,116,91,0,116,Abax parallelepipedus,Xantholinus longiventris,8,30,19.2586206896552
413,413,551333.3689,152306.674,553333.3689,150306.674,16,11,6,5,0,6,Coccinella septempunctata,Subcoccinella vigintiquattuorpunctata,20,37,26.1666666666667
414,414,551333.3689,150306.674,553333.3689,148306.674,17,11,7,7,0,7,Altica lythri,Tachyporus hypnorum,13,26,19.1428571428571
415,415,551333.3689,148306.674,553333.3689,146306.674,18,11,85,69,0,85,Acilius sulcatus,Trichosirocalus troglodytes,15,37,20.0117647058824
416,416,551333.3689,146306.674,553333.3689,144306.674,19,11,27,22,0,27,Adalia bipunctata,Tytthaspis sedecimpunctata,12,37,20.1481481481481
417,417,551333.3689,144306.674,553333.3689,142306.674,20,11,69,16,0,69,Elmis aenea,Rutpela maculata,8,30,15.4492753623188
418,418,551333.3689,142306.674,553333.3689,140306.674,21,11,15,15,0,15,Adalia bipunctata,Xantholinus linearis,15,30,19.1333333333333
419,419,551333.3689,140306.674,553333.3689,138306.674,22,11,50,28,0,50,Agriotes pallidulus,Tachyerges stigma,16,33,20.04
420,420,551333.3689,138306.674,553333.3689,136306.674,23,11,1,1,0,1,Pterostichus madidus,Pterostichus madidus,20,20,20
436,436,553333.3689,178306.674,555333.3689,176306.674,3,12,327,88,0,327,Agabus bipustulatus,Syntomus obscuroguttatus,12,43,20.0122324159021
437,437,553333.3689,176306.674,555333.3689,174306.674,4,12,222,90,0,222,Ablattaria laevigata,Tachyporus nitidulus,13,43,19.8153153153153
438,438,553333.3689,174306.674,555333.3689,172306.674,5,12,115,47,0,115,Abax parallelepipedus,Tatianaerhynchites aequatus,12,37,18.1913043478261
439,439,553333.3689,172306.674,555333.3689,170306.674,6,12,233,120,0,233,Abraeus perpusillus,Xantholinus linearis,11,43,19.1888412017167
440,440,553333.3689,170306.674,555333.3689,168306.674,7,12,472,323,0,472,Abax parallelepipedus,Xylocleptes bispinus,11,33,19.1313559322034
441,441,553333.3689,168306.674,555333.3689,166306.674,8,12,117,114,0,117,Abraeus perpusillus,Tytthaspis sedecimpunctata,11,30,19.1538461538462
442,442,553333.3689,166306.674,555333.3689,164306.674,9,12,10,8,0,10,Agonum muelleri,Pterostichus madidus,14,25,17.5
443,443,553333.3689,164306.674,555333.3689,162306.674,10,12,10,10,0,10,Agriotes obscurus,Tachyporus nitidulus,15,21,18.1
444,444,553333.3689,162306.674,555333.3689,160306.674,11,12,43,38,0,43,Agapanthia villosoviridescens,Trypodendron domesticum,14,43,20.1627906976744
445,445,553333.3689,160306.674,555333.3689,158306.674,12,12,57,50,0,57,Adalia bipunctata,Tychius picirostris,12,37,18.9649122807018
446,446,553333.3689,158306.674,555333.3689,156306.674,13,12,20,19,0,20,Ampedus balteatus,Rhagonycha fulva,15,37,21.65
447,447,553333.3689,156306.674,555333.3689,154306.674,14,12,150,125,0,150,Abax parallelepipedus,Volinus sticticus,10,37,19.3333333333333
448,448,553333.3689,154306.674,555333.3689,152306.674,15,12,303,220,0,303,Abax parallelepipedus,Xestobium rufovillosum,10,37,19.3333333333333
449,449,553333.3689,152306.674,555333.3689,150306.674,16,12,10,8,0,10,Athous haemorrhoidalis,Stenurella melanura,16,25,20.1
450,450,553333.3689,150306.674,555333.3689,148306.674,17,12,46,39,0,46,Adalia bipunctata,Xantholinus linearis,15,37,20.3913043478261
451,451,553333.3689,148306.674,555333.3689,146306.674,18,12,216,136,0,216,Abax parallelepipedus,Xantholinus linearis,11,37,19.8564814814815
452,452,553333.3689,146306.674,555333.3689,144306.674,19,12,182,137,0,182,Abax parallelepipedus,Variimorda villosa,11,37,19.5494505494506
453,453,553333.3689,144306.674,555333.3689,142306.674,20,12,16,13,0,16,Carabus violaceus,Rutpela maculata,8,25,16.75
454,454,553333.3689,142306.674,555333.3689,140306.674,21,12,5,5,0,5,Anaspis fasciata,Oedemera nobilis,15,25,17.6
455,455,553333.3689,140306.674,555333.3689,138306.674,22,12,116,69,0,116,Abax parallelepipedus,Variimorda villosa,12,30,19.7844827586207
456,456,553333.3689,138306.674,555333.3689,136306.674,23,12,1,1,0,1,Aleochara tristis,Aleochara tristis,17,17,17
472,472,555333.3689,178306.674,557333.3689,176306.674,3,13,1,1,0,1,Hydroporus palustris,Hydroporus palustris,20,20,20
473,473,555333.3689,176306.674,557333.3689,174306.674,4,13,77,69,0,77,Acrotrichis intermedia,Tenebrio molitor,11,33,18.6493506493506
474,474,555333.3689,174306.674,557333.3689,172306.674,5,13,433,232,0,433,Adalia bipunctata,Xantholinus linearis,12,37,19.2124711316397
475,475,555333.3689,172306.674,557333.3689,170306.674,6,13,468,243,0,468,Abraeus perpusillus,Xantholinus linearis,10,37,19.1175213675214
476,476,555333.3689,170306.674,557333.3689,168306.674,7,13,131,112,0,131,Acupalpus meridianus,Xylodromus depressus,11,29,18.2442748091603
477,477,555333.3689,168306.674,557333.3689,166306.674,8,13,38,37,0,38,Aleochara lanuginosa,Trichophya pilicornis,11,33,19.3157894736842
478,478,555333.3689,166306.674,557333.3689,164306.674,9,13,12,12,0,12,Amischa analis,Trachys scrobiculatus,14,22,19.1666666666667
479,479,555333.3689,164306.674,557333.3689,162306.674,10,13,66,60,0,66,Agaricochara latissima,Xantholinus linearis,8,30,19.4848484848485
480,480,555333.3689,162306.674,557333.3689,160306.674,11,13,15,15,0,15,Agaricochara latissima,Tachyporus hypnorum,14,33,20.0666666666667
481,481,555333.3689,160306.674,557333.3689,158306.674,12,13,13,9,0,13,Coccinella septempunctata,Tytthaspis sedecimpunctata,15,28,22.5384615384615
482,482,555333.3689,158306.674,557333.3689,156306.674,13,13,17,14,0,17,Adalia decempunctata,Sciodrepoides fumatus,12,26,20.4117647058824
483,483,555333.3689,156306.674,557333.3689,154306.674,14,13,49,47,0,49,Adalia decempunctata,Tetartopeus terminatus,10,43,19.6122448979592
484,484,555333.3689,154306.674,557333.3689,152306.674,15,13,308,229,0,308,Abax parallelepipedus,Xantholinus longiventris,10,37,19.288961038961
485,485,555333.3689,152306.674,557333.3689,150306.674,16,13,40,35,0,40,Adalia bipunctata,Volinus sticticus,13,37,19.5
486,486,555333.3689,150306.674,557333.3689,148306.674,17,13,119,80,0,119,Abax parallelepipedus,Tytthaspis sedecimpunctata,12,37,19.8823529411765
487,487,555333.3689,148306.674,557333.3689,146306.674,18,13,274,189,0,274,Abax parallelepipedus,Xantholinus longiventris,10,43,19.4452554744526
488,488,555333.3689,146306.674,557333.3689,144306.674,19,13,487,250,0,487,Abax parallelepipedus,Xantholinus longiventris,11,37,19.3285420944559
489,489,555333.3689,144306.674,557333.3689,142306.674,20,13,86,76,0,86,Abax parallelepipedus,Trichosirocalus troglodytes,10,30,19.7441860465116
490,490,555333.3689,142306.674,557333.3689,140306.674,21,13,4,3,0,4,Anthonomus bituberculatus,Epitrix pubescens,17,25,23
491,491,555333.3689,140306.674,557333.3689,138306.674,22,13,415,179,0,415,Abax parallelepipedus,Xantholinus longiventris,11,43,19.7518072289157
492,492,555333.3689,138306.674,557333.3689,136306.674,23,13,11,10,0,11,Ceratapion onopordi,Subcoccinella vigintiquattuorpunctata,17,37,23.3636363636364
509,509,557333.3689,176306.674,559333.3689,174306.674,4,14,96,77,0,96,Adalia bipunctata,Tychius junceus,12,43,19.9479166666667
510,510,557333.3689,174306.674,559333.3689,172306.674,5,14,200,128,0,200,Abax parallelepipedus,Xantholinus linearis,12,37,19.38
511,511,557333.3689,172306.674,559333.3689,170306.674,6,14,15,13,0,15,Acupalpus meridianus,Subcoccinella vigintiquattuorpunctata,12,37,21.2
512,512,557333.3689,170306.674,559333.3689,168306.674,7,14,91,89,0,91,Ahasverus advena,Xylodromus concinnus,11,33,18.6593406593407
513,513,557333.3689,168306.674,559333.3689,166306.674,8,14,6,6,0,6,Adalia bipunctata,Tachyporus nitidulus,17,20,17.8333333333333
514,514,557333.3689,166306.674,559333.3689,164306.674,9,14,10,10,0,10,Amara plebeja,Scaphidium quadrimaculatum,13,26,19.2
515,515,557333.3689,164306.674,559333.3689,162306.674,10,14,1,1,0,1,Proteinus brachypterus,Proteinus brachypterus,22,22,22
516,516,557333.3689,162306.674,559333.3689,160306.674,11,14,2,2,0,2,Coccinella septempunctata,Rutpela maculata,16,25,20.5
517,517,557333.3689,160306.674,559333.3689,158306.674,12,14,25,22,0,25,Aloconota gregaria,Tachyporus obtusus,12,29,19.84
518,518,557333.3689,158306.674,559333.3689,156306.674,13,14,48,42,0,48,Acupalpus dubius,Tetartopeus terminatus,7,30,19.2708333333333
519,519,557333.3689,156306.674,559333.3689,154306.674,14,14,78,56,0,78,Abax parallelepipedus,Tetartopeus terminatus,11,30,19.9615384615385
520,520,557333.3689,154306.674,559333.3689,152306.674,15,14,211,114,0,211,Abax parallelepipedus,Uleiota planatus,6,37,19.4312796208531
521,521,557333.3689,152306.674,559333.3689,150306.674,16,14,149,99,0,149,Adalia bipunctata,Xantholinus linearis,6,37,19.6375838926174
522,522,557333.3689,150306.674,559333.3689,148306.674,17,14,83,59,0,83,Abax parallelepipedus,Tytthaspis sedecimpunctata,11,37,19.6746987951807
523,523,557333.3689,148306.674,559333.3689,146306.674,18,14,60,46,0,60,Adalia bipunctata,Tatianaerhynchites aequatus,11,37,19.4833333333333
524,524,557333.3689,146306.674,559333.3689,144306.674,19,14,10,8,0,10,Adalia decempunctata,Tytthaspis sedecimpunctata,16,26,20.5
525,525,557333.3689,144306.674,559333.3689,142306.674,20,14,77,61,0,77,Agabus bipustulatus,Sitona suturalis,7,43,19.5584415584416
526,526,557333.3689,142306.674,559333.3689,140306.674,21,14,63,45,0,63,Adalia bipunctata,Xantholinus longiventris,10,30,19.015873015873
527,527,557333.3689,140306.674,559333.3689,138306.674,22,14,83,48,0,83,Abax parallelepipedus,Typhaeus typhoeus,12,30,20.2289156626506
528,528,557333.3689,138306.674,559333.3689,136306.674,23,14,,,,,,,,,
544,544,559333.3689,178306.674,561333.3689,176306.674,3,15,,,,,,,,,
545,545,559333.3689,176306.674,561333.3689,174306.674,4,15,166,80,0,166,Agabus bipustulatus,Vincenzellus ruficollis,7,31,19.1144578313253
546,546,559333.3689,174306.674,561333.3689,172306.674,5,15,337,258,0,337,Ablattaria laevigata,Xantholinus linearis,10,37,19.0029673590504
547,547,559333.3689,172306.674,561333.3689,170306.674,6,15,3,3,0,3,Agriotes sputator,Pterostichus madidus,17,25,20.6666666666667
548,548,559333.3689,170306.674,561333.3689,168306.674,7,15,16,16,0,16,Atomaria testacea,Tachyporus nitidulus,14,23,17.75
549,549,559333.3689,168306.674,561333.3689,166306.674,8,15,22,21,0,22,Agriotes acuminatus,Tachyporus hypnorum,16,21,17.9545454545455
550,550,559333.3689,166306.674,561333.3689,164306.674,9,15,19,13,0,19,Anaspis pulicaria,Tachinus rufipes,12,25,18.5789473684211
551,551,559333.3689,164306.674,561333.3689,162306.674,10,15,32,32,0,32,Acrotrichis intermedia,Tachinus rufipes,12,43,20.28125
552,552,559333.3689,162306.674,561333.3689,160306.674,11,15,13,13,0,13,Anotylus sculpturatus,Tachyporus obtusus,13,25,17.7692307692308
553,553,559333.3689,160306.674,561333.3689,158306.674,12,15,95,86,0,95,Abax parallelepipedus,Tychius junceus,12,33,18.9789473684211
554,554,559333.3689,158306.674,561333.3689,156306.674,13,15,261,145,0,261,Acrossus rufipes,Xantholinus linearis,6,37,18.6896551724138
555,555,559333.3689,156306.674,561333.3689,154306.674,14,15,16,16,0,16,Anotylus rugosus,Tachyporus pallidus,16,28,20.0625
556,556,559333.3689,154306.674,561333.3689,152306.674,15,15,17,17,0,17,Agonum gracile,Tachinus rufipes,11,22,18
557,557,559333.3689,152306.674,561333.3689,150306.674,16,15,210,135,0,210,Abax parallelepipedus,Xylodromus concinnus,14,43,19.9761904761905
558,558,559333.3689,150306.674,561333.3689,148306.674,17,15,5,5,0,5,Aspidapion radiolus,Pseudapion rufirostre,16,21,18.6
559,559,559333.3689,148306.674,561333.3689,146306.674,18,15,85,69,0,85,Adalia bipunctata,Tytthaspis sedecimpunctata,12,37,19.5294117647059
560,560,559333.3689,146306.674,561333.3689,144306.674,19,15,3,2,0,3,Coccinella septempunctata,Rhagonycha fulva,16,25,22
561,561,559333.3689,144306.674,561333.3689,142306.674,20,15,62,51,0,62,Agriotes acuminatus,Tatianaerhynchites aequatus,6,27,19.6129032258065
562,562,559333.3689,142306.674,561333.3689,140306.674,21,15,52,27,0,52,Adalia bipunctata,Stenurella melanura,12,30,20.2692307692308
563,563,559333.3689,140306.674,561333.3689,138306.674,22,15,30,26,0,30,Adalia decempunctata,Tytthaspis sedecimpunctata,10,29,19.5666666666667
564,564,559333.3689,138306.674,561333.3689,136306.674,23,15,5,4,0,5,Agabus didymus,Rhagonycha fulva,14,25,17.8
581,581,561333.3689,176306.674,563333.3689,174306.674,4,16,1,1,0,1,Hippodamia variegata,Hippodamia variegata,20,20,20
582,582,561333.3689,174306.674,563333.3689,172306.674,5,16,11,7,0,11,Aspidapion aeneum,Scymnus limbatus,14,25,17.0909090909091
583,583,561333.3689,172306.674,563333.3689,170306.674,6,16,7,5,0,7,Bembidion lampros,Pyrochroa coccinea,12,22,18.2857142857143
584,584,561333.3689,170306.674,563333.3689,168306.674,7,16,7,6,0,7,Coccinella septempunctata,Oulema duftschmidi/melanopus,12,28,18.5714285714286
585,585,561333.3689,168306.674,563333.3689,166306.674,8,16,3,3,0,3,Agonum muelleri,Leistus ferrugineus,15,19,17.6666666666667
586,586,561333.3689,166306.674,563333.3689,164306.674,9,16,10,9,0,10,Athous haemorrhoidalis,Trechus quadristriatus,16,37,23.3
587,587,561333.3689,164306.674,563333.3689,162306.674,10,16,1,1,0,1,Harpalus latus,Harpalus latus,14,14,14
588,588,561333.3689,162306.674,563333.3689,160306.674,11,16,188,148,0,188,Abax parallelepipedus,Variimorda villosa,14,43,19.5478723404255
589,589,561333.3689,160306.674,563333.3689,158306.674,12,16,35,27,0,35,Amara similata,Timarcha goettingensis,6,31,18.1714285714286
590,590,561333.3689,158306.674,563333.3689,156306.674,13,16,33,31,0,33,Abax parallelepipedus,Tachyporus hypnorum,14,26,19.8484848484848
591,591,561333.3689,156306.674,563333.3689,154306.674,14,16,72,57,0,72,Abraeus perpusillus,Thanasimus formicarius,12,43,20.4444444444444
592,592,561333.3689,154306.674,563333.3689,152306.674,15,16,48,42,0,48,Agathidium nigripenne,Tachyporus hypnorum,14,30,19.75
593,593,561333.3689,152306.674,563333.3689,150306.674,16,16,6,4,0,6,Elmis aenea,Sitona lineatus,6,17,11.8333333333333
594,594,561333.3689,150306.674,563333.3689,148306.674,17,16,16,16,0,16,Altica lythri,Rhyzobius litura,11,26,18.1875
595,595,561333.3689,148306.674,563333.3689,146306.674,18,16,92,79,0,92,Adalia decempunctata,Xantholinus linearis,13,43,19.7173913043478
596,596,561333.3689,146306.674,563333.3689,144306.674,19,16,9,8,0,9,Bruchus rufipes,Thanasimus formicarius,15,30,21.5555555555556
597,597,561333.3689,144306.674,563333.3689,142306.674,20,16,122,78,0,122,Abax parallelepipedus,Xantholinus longiventris,12,39,20.0573770491803
598,598,561333.3689,142306.674,563333.3689,140306.674,21,16,41,37,0,41,Acalles ptinoides,Tytthaspis sedecimpunctata,11,43,19.0243902439024
599,599,561333.3689,140306.674,563333.3689,138306.674,22,16,12,12,0,12,Agabus bipustulatus,Rhagonycha fulva,15,43,20.75
600,600,561333.3689,138306.674,563333.3689,136306.674,23,16,,,,,,,,,
617,617,563333.3689,176306.674,565333.3689,174306.674,4,17,,,,,,,,,
618,618,563333.3689,174306.674,565333.3689,172306.674,5,17,71,6,0,71,Apionidae,Tachyporus hypnorum,9,25,14.4788732394366
619,619,563333.3689,172306.674,565333.3689,170306.674,6,17,18,8,0,18,Adalia bipunctata,Pterostichus madidus,12,25,17.2222222222222
620,620,563333.3689,170306.674,565333.3689,168306.674,7,17,38,36,0,38,Adalia bipunctata,Tachyporus obtusus,14,26,18.5789473684211
621,621,563333.3689,168306.674,565333.3689,166306.674,8,17,9,7,0,9,Adalia bipunctata,Tytthaspis sedecimpunctata,16,26,22
622,622,563333.3689,166306.674,565333.3689,164306.674,9,17,44,43,0,44,Adalia bipunctata,Xantholinus linearis,14,30,19.4772727272727
623,623,563333.3689,164306.674,565333.3689,162306.674,10,17,8,7,0,8,Alosterna tabacicolor,Rhinusa linariae,16,25,19.625
624,624,563333.3689,162306.674,565333.3689,160306.674,11,17,129,88,0,129,Abax parallelepipedus,Trachyphloeus spinimanus,6,37,19.7829457364341
625,625,563333.3689,160306.674,565333.3689,158306.674,12,17,161,92,0,161,Adalia bipunctata,Zacladus exiguus,11,31,18.8260869565217
626,626,563333.3689,158306.674,565333.3689,156306.674,13,17,31,26,0,31,Amara familiaris,Tytthaspis sedecimpunctata,14,30,20.258064516129
627,627,563333.3689,156306.674,565333.3689,154306.674,14,17,88,58,0,88,Abax parallelepipedus,Typhaeus typhoeus,14,30,19.9090909090909
628,628,563333.3689,154306.674,565333.3689,152306.674,15,17,13,10,0,13,Anthobium unicolor,Stenus pallipes,9,22,19.0769230769231
629,629,563333.3689,152306.674,565333.3689,150306.674,16,17,4,4,0,4,Aspidapion radiolus,Philonthus cognatus,16,19,17.75
630,630,563333.3689,150306.674,565333.3689,148306.674,17,17,10,10,0,10,Aspidapion aeneum,Rhagonycha fulva,14,22,17.9
631,631,563333.3689,148306.674,565333.3689,146306.674,18,17,19,17,0,19,Adalia bipunctata,Taphrorychus villifrons,14,25,18.7894736842105
632,632,563333.3689,146306.674,565333.3689,144306.674,19,17,34,34,0,34,Agriotes acuminatus,Xantholinus linearis,12,37,19.5882352941176
633,633,563333.3689,144306.674,565333.3689,142306.674,20,17,101,75,0,101,Abax parallelepipedus,Tetralaucopora longitarsis,6,37,19.1584158415842
634,634,563333.3689,142306.674,565333.3689,140306.674,21,17,41,39,0,41,Agriotes acuminatus,Tachyporus hypnorum,14,39,20.5121951219512
635,635,563333.3689,140306.674,565333.3689,138306.674,22,17,1,1,0,1,Stenocorus meridianus,Stenocorus meridianus,21,21,21
636,636,563333.3689,138306.674,565333.3689,136306.674,23,17,4,3,0,4,Calathus fuscipes,Rhagonycha fulva,16,22,17.75
637,637,563333.3689,136306.674,565333.3689,134306.674,24,17,198,181,0,198,Acrossus rufipes,Tytthaspis sedecimpunctata,7,43,18.9343434343434
638,638,563333.3689,134306.674,565333.3689,132306.674,25,17,,,,,,,,,
653,653,565333.3689,176306.674,567333.3689,174306.674,4,18,,,,,,,,,
654,654,565333.3689,174306.674,567333.3689,172306.674,5,18,78,14,0,78,Adalia bipunctata,Tytthaspis sedecimpunctata,14,30,17.8205128205128
655,655,565333.3689,172306.674,567333.3689,170306.674,6,18,13,7,0,13,Adalia decempunctata,Strophosoma melanogrammum,16,25,22.6923076923077
656,656,565333.3689,170306.674,567333.3689,168306.674,7,18,69,65,0,69,Abraeus perpusillus,Volinus sticticus,10,33,18.8550724637681
657,657,565333.3689,168306.674,567333.3689,166306.674,8,18,114,100,0,114,Acrotrichis intermedia,Xantholinus linearis,13,39,20.2543859649123
658,658,565333.3689,166306.674,567333.3689,164306.674,9,18,60,52,0,60,Adalia bipunctata,Variimorda villosa,13,30,19.5166666666667
659,659,565333.3689,164306.674,567333.3689,162306.674,10,18,210,161,0,210,Abax parallelepipedus,Xantholinus longiventris,10,39,19.4333333333333
660,660,565333.3689,162306.674,567333.3689,160306.674,11,18,45,44,0,45,Aloconota gregaria,Thanatophilus sinuatus,14,30,20.1777777777778
661,661,565333.3689,160306.674,567333.3689,158306.674,12,18,458,38,0,458,Adalia bipunctata,Trichosirocalus troglodytes,6,29,18.1834061135371
662,662,565333.3689,158306.674,567333.3689,156306.674,13,18,58,56,0,58,Adalia bipunctata,Tatianaerhynchites aequatus,9,43,19.3275862068966
663,663,565333.3689,156306.674,567333.3689,154306.674,14,18,22,19,0,22,Byturus tomentosus,Scaphidium quadrimaculatum,14,30,20.2272727272727
664,664,565333.3689,154306.674,567333.3689,152306.674,15,18,4,4,0,4,Coccinella septempunctata,Scaphidium quadrimaculatum,16,26,21.75
665,665,565333.3689,152306.674,567333.3689,150306.674,16,18,10,9,0,10,Elmis aenea,Rutpela maculata,9,20,14.4
666,666,565333.3689,150306.674,567333.3689,148306.674,17,18,61,53,0,61,Adalia bipunctata,Xantholinus linearis,6,43,19.2131147540984
667,667,565333.3689,148306.674,567333.3689,146306.674,18,18,58,58,0,58,Agabus bipustulatus,Tatianaerhynchites aequatus,11,43,19.9137931034483
668,668,565333.3689,146306.674,567333.3689,144306.674,19,18,59,36,0,59,Adalia decempunctata,Tytthaspis sedecimpunctata,14,30,19.7457627118644
669,669,565333.3689,144306.674,567333.3689,142306.674,20,18,2,2,0,2,Ocypus olens,Phosphuga atrata,12,16,14
670,670,565333.3689,142306.674,567333.3689,140306.674,21,18,6,6,0,6,Agrilus biguttatus,Rhagonycha lignosa,17,22,18.6666666666667
671,671,565333.3689,140306.674,567333.3689,138306.674,22,18,13,10,0,13,Coccinella septempunctata,Tachyporus hypnorum,16,30,22.0769230769231
672,672,565333.3689,138306.674,567333.3689,136306.674,23,18,22,20,0,22,Acrulia inflata,Stenus similis,11,23,17.8181818181818
673,673,565333.3689,136306.674,567333.3689,134306.674,24,18,21,21,0,21,Abax parallelepipedus,Tytthaspis sedecimpunctata,13,26,18.5238095238095
689,689,567333.3689,176306.674,569333.3689,174306.674,4,19,,,,,,,,,
690,690,567333.3689,174306.674,569333.3689,172306.674,5,19,201,82,0,201,Adalia bipunctata,Tytthaspis sedecimpunctata,12,43,19.7213930348259
691,691,567333.3689,172306.674,569333.3689,170306.674,6,19,383,161,0,383,Abraeus perpusillus,Tytthaspis sedecimpunctata,10,37,19.6579634464752
692,692,567333.3689,170306.674,569333.3689,168306.674,7,19,362,292,0,362,Abax parallelepipedus,Volinus sticticus,10,43,19.3591160220994
693,693,567333.3689,168306.674,569333.3689,166306.674,8,19,109,101,0,109,Adalia bipunctata,Xantholinus linearis,10,39,19.4587155963303
694,694,567333.3689,166306.674,569333.3689,164306.674,9,19,131,118,0,131,Abax parallelepipedus,Xantholinus linearis,10,30,19.412213740458
695,695,567333.3689,164306.674,569333.3689,162306.674,10,19,494,209,0,494,Abax parallelepipedus,Variimorda villosa,11,43,19.6538461538462
696,696,567333.3689,162306.674,569333.3689,160306.674,11,19,114,101,0,114,Acupalpus dubius,Zacladus exiguus,6,37,18.7368421052632
697,697,567333.3689,160306.674,569333.3689,158306.674,12,19,809,332,0,809,Acalles misellus,Zacladus exiguus,9,43,19.5735475896168
698,698,567333.3689,158306.674,569333.3689,156306.674,13,19,388,234,0,388,Abraeus perpusillus,Xantholinus linearis,10,37,18.9278350515464
699,699,567333.3689,156306.674,569333.3689,154306.674,14,19,161,117,0,161,Abax parallelepipedus,Trichosirocalus troglodytes,7,37,20.0931677018634
700,700,567333.3689,154306.674,569333.3689,152306.674,15,19,13,13,0,13,Agabus didymus,Tytthaspis sedecimpunctata,14,31,20.2307692307692
701,701,567333.3689,152306.674,569333.3689,150306.674,16,19,9,9,0,9,Abax parallelepipedus,Notiophilus biguttatus,16,27,19.1111111111111
702,702,567333.3689,150306.674,569333.3689,148306.674,17,19,108,88,0,108,Adalia bipunctata,Tytthaspis sedecimpunctata,7,43,19.4722222222222
703,703,567333.3689,148306.674,569333.3689,146306.674,18,19,17,17,0,17,Agabus didymus,Stictotarsus duodecimpustulatus,14,43,21.2941176470588
704,704,567333.3689,146306.674,569333.3689,144306.674,19,19,6,4,0,6,Chilocorus bipustulatus,Rhagonycha fulva,7,23,15.8333333333333
705,705,567333.3689,144306.674,569333.3689,142306.674,20,19,8,8,0,8,Agabus guttatus,Scymnus auritus,15,30,20
706,706,567333.3689,142306.674,569333.3689,140306.674,21,19,18,17,0,18,Anacaena globulus,Scymnus auritus,15,30,20.2222222222222
707,707,567333.3689,140306.674,569333.3689,138306.674,22,19,2,2,0,2,Leistus spinibarbis,Rutpela maculata,16,19,17.5
708,708,567333.3689,138306.674,569333.3689,136306.674,23,19,6,4,0,6,Cantharis rufa,Rhagonycha fulva,14,30,21
709,709,567333.3689,136306.674,569333.3689,134306.674,24,19,137,124,0,137,Abax parallelepipedus,Xyletinus longitarsis,10,43,19.2481751824818
710,710,567333.3689,134306.674,569333.3689,132306.674,25,19,444,278,0,444,Abax parallelepipedus,Variimorda villosa,11,37,19.2702702702703
723,723,569333.3689,180306.674,571333.3689,178306.674,2,20,,,,,,,,,
724,724,569333.3689,178306.674,571333.3689,176306.674,3,20,88,48,0,88,Agabus conspersus,Tytthaspis sedecimpunctata,13,29,19.7840909090909
725,725,569333.3689,176306.674,571333.3689,174306.674,4,20,386,206,0,386,Acrolocha sulcula,Xantholinus linearis,11,43,20.0025906735751
726,726,569333.3689,174306.674,571333.3689,172306.674,5,20,111,57,0,111,Acupalpus dubius,Tytthaspis sedecimpunctata,12,37,18.954954954955
727,727,569333.3689,172306.674,571333.3689,170306.674,6,20,183,151,0,183,Acrotrichis intermedia,Variimorda villosa,11,30,18.120218579235
728,728,569333.3689,170306.674,571333.3689,168306.674,7,20,487,152,0,487,Abax parallelepipedus,Xantholinus linearis,11,33,18.6611909650924
729,729,569333.3689,168306.674,571333.3689,166306.674,8,20,246,200,0,246,Abax parallelepipedus,Variimorda villosa,11,37,19.2276422764228
730,730,569333.3689,166306.674,571333.3689,164306.674,9,20,200,147,0,200,Adalia bipunctata,Xylocleptes bispinus,9,43,19.31
731,731,569333.3689,164306.674,571333.3689,162306.674,10,20,892,316,0,892,Abax parallelepipedus,Zeugophora subspinosa,7,43,19.7914798206278
732,732,569333.3689,162306.674,571333.3689,160306.674,11,20,839,425,0,839,Acrotrichis sitkaensis,Xantholinus longiventris,9,43,19.2872467222884
733,733,569333.3689,160306.674,571333.3689,158306.674,12,20,240,160,0,240,Abax parallelepipedus,Xantholinus longiventris,11,43,19.3833333333333
734,734,569333.3689,158306.674,571333.3689,156306.674,13,20,116,90,0,116,Acrossus rufipes,Xestobium rufovillosum,6,43,17.75
735,735,569333.3689,156306.674,571333.3689,154306.674,14,20,81,66,0,81,Adalia bipunctata,Xantholinus longiventris,12,37,20.1111111111111
736,736,569333.3689,154306.674,571333.3689,152306.674,15,20,248,199,0,248,Acrossus rufipes,Xantholinus longiventris,11,37,19.3790322580645
737,737,569333.3689,152306.674,571333.3689,150306.674,16,20,19,19,0,19,Adalia bipunctata,Rutpela maculata,12,26,19.4210526315789
738,738,569333.3689,150306.674,571333.3689,148306.674,17,20,14,14,0,14,Agonum (Europhilus),Stictotarsus duodecimpustulatus,11,31,19.8571428571429
739,739,569333.3689,148306.674,571333.3689,146306.674,18,20,18,17,0,18,Adrastus pallens,Tachyporus solutus,12,30,19.9444444444444
740,740,569333.3689,146306.674,571333.3689,144306.674,19,20,47,33,0,47,Agonum fuliginosum,Tytthaspis sedecimpunctata,12,43,19.3617021276596
741,741,569333.3689,144306.674,571333.3689,142306.674,20,20,3,3,0,3,Oedemera nobilis,Tachyporus obtusus,16,22,18.6666666666667
742,742,569333.3689,142306.674,571333.3689,140306.674,21,20,4,4,0,4,Bembidion articulatum,Rhagonycha fulva,16,21,17.5
743,743,569333.3689,140306.674,571333.3689,138306.674,22,20,26,26,0,26,Acrossus rufipes,Tenebrio molitor,11,26,18.3846153846154
744,744,569333.3689,138306.674,571333.3689,136306.674,23,20,10,10,0,10,Ceutorhynchus picitarsis,Tytthaspis sedecimpunctata,10,26,18.7
745,745,569333.3689,136306.674,571333.3689,134306.674,24,20,144,98,0,144,Abax parallelepipedus,Uleiota planatus,13,43,20.4236111111111
746,746,569333.3689,134306.674,571333.3689,132306.674,25,20,72,67,0,72,Abax parallelepipedus,Tychius picirostris,12,37,19.2777777777778
747,747,569333.3689,132306.674,571333.3689,130306.674,26,20,1,1,0,1,Sphaeridium bipustulatum,Sphaeridium bipustulatum,24,24,24
759,759,571333.3689,180306.674,573333.3689,178306.674,2,21,219,112,0,219,Adalia bipunctata,Xantholinus longiventris,11,43,19.6301369863014
760,760,571333.3689,178306.674,573333.3689,176306.674,3,21,238,144,0,238,Adalia bipunctata,Tytthaspis sedecimpunctata,8,43,19.7478991596639
761,761,571333.3689,176306.674,573333.3689,174306.674,4,21,46,24,0,46,Adalia bipunctata,Tytthaspis sedecimpunctata,14,30,20.3695652173913
762,762,571333.3689,174306.674,573333.3689,172306.674,5,21,10,7,0,10,Anthocomus rufus,Pterostichus madidus,16,30,22.7
763,763,571333.3689,172306.674,573333.3689,170306.674,6,21,20,11,0,20,Adalia bipunctata,Tytthaspis sedecimpunctata,10,30,18.95
764,764,571333.3689,170306.674,573333.3689,168306.674,7,21,72,12,0,72,Carabus violaceus,Uleiota planatus,12,25,15.625
765,765,571333.3689,168306.674,573333.3689,166306.674,8,21,244,105,0,244,Adalia bipunctata,Tychius schneideri,6,44,19.4959016393443
766,766,571333.3689,166306.674,573333.3689,164306.674,9,21,43,30,0,43,Amphimallon solstitiale,Timarcha tenebricosa,8,30,20.093023255814
767,767,571333.3689,164306.674,573333.3689,162306.674,10,21,249,194,0,249,Ablattaria laevigata,Variimorda villosa,12,33,19.863453815261
768,768,571333.3689,162306.674,573333.3689,160306.674,11,21,599,299,0,599,Abax parallelepipedus,Xylocleptes bispinus,6,31,19.2270450751252
769,769,571333.3689,160306.674,573333.3689,158306.674,12,21,564,499,0,564,Abraeus perpusillus,Xylocleptes bispinus,6,37,18.7340425531915
770,770,571333.3689,158306.674,573333.3689,156306.674,13,21,77,52,0,77,Adalia bipunctata,Tytthaspis sedecimpunctata,8,30,19.3116883116883
771,771,571333.3689,156306.674,573333.3689,154306.674,14,21,131,92,0,131,Adalia bipunctata,Tytthaspis sedecimpunctata,13,43,20.1984732824427
772,772,571333.3689,154306.674,573333.3689,152306.674,15,21,14,13,0,14,Agriotes sputator,Volinus sticticus,14,23,19
773,773,571333.3689,152306.674,573333.3689,150306.674,16,21,95,63,0,95,Adalia bipunctata,Xylocleptes bispinus,7,30,20.4315789473684
774,774,571333.3689,150306.674,573333.3689,148306.674,17,21,18,18,0,18,Agabus didymus,Xantholinus linearis,12,30,18.2777777777778
775,775,571333.3689,148306.674,573333.3689,146306.674,18,21,29,27,0,29,Anchomenus dorsalis,Tachyporus hypnorum,12,30,19.7241379310345
776,776,571333.3689,146306.674,573333.3689,144306.674,19,21,10,10,0,10,Agabus sturmii,Noterus clavicornis,14,22,18.8
777,777,571333.3689,144306.674,573333.3689,142306.674,20,21,64,61,0,64,Acrotrichis intermedia,Xantholinus linearis,12,26,19.28125
778,778,571333.3689,142306.674,573333.3689,140306.674,21,21,,,,,,,,,
779,779,571333.3689,140306.674,573333.3689,138306.674,22,21,19,17,0,19,Agriotes sputator,Typhaeus typhoeus,10,30,18
780,780,571333.3689,138306.674,573333.3689,136306.674,23,21,,,,,,,,,
781,781,571333.3689,136306.674,573333.3689,134306.674,24,21,16,16,0,16,Agabus guttatus,Rhagonycha fulva,15,25,18.8125
782,782,571333.3689,134306.674,573333.3689,132306.674,25,21,260,177,0,260,Abax parallelepipedus,Xantholinus longiventris,10,43,19.6076923076923
783,783,571333.3689,132306.674,573333.3689,130306.674,26,21,8,7,0,8,Bembidion lampros,Pyrochroa coccinea,15,29,20.625
784,784,571333.3689,130306.674,573333.3689,128306.674,27,21,,,,,,,,,
795,795,573333.3689,180306.674,575333.3689,178306.674,2,22,198,106,0,198,Acrossus rufipes,Tytthaspis sedecimpunctata,14,43,20.540404040404
796,796,573333.3689,178306.674,575333.3689,176306.674,3,22,182,135,0,182,Adalia bipunctata,Tytthaspis sedecimpunctata,11,43,20.2692307692308
797,797,573333.3689,176306.674,575333.3689,174306.674,4,22,109,59,0,109,Anaspis fasciata,Tytthaspis sedecimpunctata,14,37,19.954128440367
798,798,573333.3689,174306.674,575333.3689,172306.674,5,22,563,261,0,563,Abax parallelepipedus,Zeugophora subspinosa,12,43,19.1474245115453
799,799,573333.3689,172306.674,575333.3689,170306.674,6,22,143,83,0,143,Abax parallelepipedus,Typhaea stercorea,7,37,19.1048951048951
800,800,573333.3689,170306.674,575333.3689,168306.674,7,22,51,40,0,51,Adalia bipunctata,Tachyporus nitidulus,12,30,18.4901960784314
801,801,573333.3689,168306.674,575333.3689,166306.674,8,22,38,17,0,38,Adalia bipunctata,Tenebrio molitor,12,37,16.5
802,802,573333.3689,166306.674,575333.3689,164306.674,9,22,52,31,0,52,Amara apricaria,Trechus obtusus,8,29,18.0192307692308
803,803,573333.3689,164306.674,575333.3689,162306.674,10,22,188,140,0,188,Abax parallelepipedus,Variimorda villosa,8,29,19.3297872340426
804,804,573333.3689,162306.674,575333.3689,160306.674,11,22,181,138,0,181,Abax parallelepipedus,Xylocleptes bispinus,11,37,20.3591160220994
805,805,573333.3689,160306.674,575333.3689,158306.674,12,22,585,379,0,585,Acilius sulcatus,Xantholinus longiventris,6,43,19.1760683760684
806,806,573333.3689,158306.674,575333.3689,156306.674,13,22,110,73,0,110,Acupalpus meridianus,Xestobium rufovillosum,12,27,18.2909090909091
807,807,573333.3689,156306.674,575333.3689,154306.674,14,22,123,85,0,123,Adalia bipunctata,Xestobium rufovillosum,12,37,19.3414634146341
808,808,573333.3689,154306.674,575333.3689,152306.674,15,22,17,12,0,17,Adalia bipunctata,Subcoccinella vigintiquattuorpunctata,11,37,21.5882352941176
809,809,573333.3689,152306.674,575333.3689,150306.674,16,22,2,2,0,2,Leistus rufomarginatus,Rhagonycha fulva,16,22,19
810,810,573333.3689,150306.674,575333.3689,148306.674,17,22,47,47,0,47,Acrolocha sulcula,Triplax aenea,10,37,19.3829787234043
811,811,573333.3689,148306.674,575333.3689,146306.674,18,22,15,15,0,15,Aleochara discipennis,Tachyporus obtusus,16,30,20.5333333333333
812,812,573333.3689,146306.674,575333.3689,144306.674,19,22,38,36,0,38,Agabus sturmii,Stenolophus mixtus,11,43,19.7368421052632
813,813,573333.3689,144306.674,575333.3689,142306.674,20,22,4,4,0,4,Agabus sturmii,Noterus clavicornis,14,43,23.75
814,814,573333.3689,142306.674,575333.3689,140306.674,21,22,27,24,0,27,Acupalpus dubius,Tachyporus obtusus,14,25,18.7407407407407
815,815,573333.3689,140306.674,575333.3689,138306.674,22,22,31,29,0,31,Agabus bipustulatus,Xantholinus longiventris,14,33,18.9677419354839
816,816,573333.3689,138306.674,575333.3689,136306.674,23,22,14,14,0,14,Agabus bipustulatus,Volinus sticticus,16,33,20.8571428571429
817,817,573333.3689,136306.674,575333.3689,134306.674,24,22,8,8,0,8,Agrypnus murinus,Subcoccinella vigintiquattuorpunctata,16,37,25.125
818,818,573333.3689,134306.674,575333.3689,132306.674,25,22,43,35,0,43,Agabus bipustulatus,Stenurella melanura,12,43,19.8139534883721
819,819,573333.3689,132306.674,575333.3689,130306.674,26,22,4,4,0,4,Atheta crassicornis,Phyllotreta undulata,17,20,18.75
820,820,573333.3689,130306.674,575333.3689,128306.674,27,22,9,9,0,9,Anacaena globulus,Tachyporus hypnorum,6,25,17
831,831,575333.3689,180306.674,577333.3689,178306.674,2,23,29,18,0,29,Agriotes lineatus,Tytthaspis sedecimpunctata,12,26,21.1724137931034
832,832,575333.3689,178306.674,577333.3689,176306.674,3,23,53,36,0,53,Adalia decempunctata,Tytthaspis sedecimpunctata,14,43,22.0943396226415
833,833,575333.3689,176306.674,577333.3689,174306.674,4,23,407,282,0,407,Abax parallelepipedus,Volinus sticticus,11,43,19.1621621621622
834,834,575333.3689,174306.674,577333.3689,172306.674,5,23,146,128,0,146,Acrotona parvula,Tytthaspis sedecimpunctata,10,43,18.8972602739726
835,835,575333.3689,172306.674,577333.3689,170306.674,6,23,12,8,0,12,Bembidion lunulatum,Tillus elongatus,14,22,16.9166666666667
836,836,575333.3689,170306.674,577333.3689,168306.674,7,23,67,33,0,67,Adalia bipunctata,Stenagostus rhombeus,10,29,19.8358208955224
837,837,575333.3689,168306.674,577333.3689,166306.674,8,23,71,59,0,71,Adalia decempunctata,Tytthaspis sedecimpunctata,14,30,19.8732394366197
838,838,575333.3689,166306.674,577333.3689,164306.674,9,23,64,58,0,64,Agriotes obscurus,Trixagus carinifrons,11,37,18.859375
839,839,575333.3689,164306.674,577333.3689,162306.674,10,23,13,8,0,13,Adalia bipunctata,Scolytus mali,13,30,18.9230769230769
840,840,575333.3689,162306.674,577333.3689,160306.674,11,23,286,143,0,286,Abax parallelepipedus,Xantholinus longiventris,11,40,19.3986013986014
841,841,575333.3689,160306.674,577333.3689,158306.674,12,23,517,325,0,517,Abax parallelepipedus,Xylocleptes bispinus,11,43,19.3984526112186
842,842,575333.3689,158306.674,577333.3689,156306.674,13,23,188,147,0,188,Abax parallelepipedus,Xantholinus linearis,11,33,19.6276595744681
843,843,575333.3689,156306.674,577333.3689,154306.674,14,23,175,81,0,175,Abax parallelepipedus,Zacladus geranii,11,28,18.1085714285714
844,844,575333.3689,154306.674,577333.3689,152306.674,15,23,21,21,0,21,Bisnius fimetarius,Variimorda villosa,11,31,19.7142857142857
845,845,575333.3689,152306.674,577333.3689,150306.674,16,23,42,38,0,42,Agabus bipustulatus,Xantholinus longiventris,12,37,19.4047619047619
846,846,575333.3689,150306.674,577333.3689,148306.674,17,23,29,27,0,29,Agrilinus ater,Tachyporus obtusus,14,43,20.7241379310345
847,847,575333.3689,148306.674,577333.3689,146306.674,18,23,4,3,0,4,Hydrobius fuscipes/rottenbergii/subrotundus,Rhagonycha fulva,16,43,23.75
848,848,575333.3689,146306.674,577333.3689,144306.674,19,23,57,45,0,57,Anaspis pulicaria,Tachyporus hypnorum,9,27,18.1052631578947
849,849,575333.3689,144306.674,577333.3689,142306.674,20,23,6,6,0,6,Haliplus ruficollis,Rhagonycha fulva,16,21,18.8333333333333
850,850,575333.3689,142306.674,577333.3689,140306.674,21,23,7,6,0,7,Coccinella septempunctata,Typhaeus typhoeus,16,30,22.1428571428571
851,851,575333.3689,140306.674,577333.3689,138306.674,22,23,18,16,0,18,Anacaena globulus,Rhyzobius litura,11,26,18.7222222222222
852,852,575333.3689,138306.674,577333.3689,136306.674,23,23,226,158,0,226,Acupalpus dubius,Xantholinus longiventris,11,37,19.5088495575221
853,853,575333.3689,136306.674,577333.3689,134306.674,24,23,35,35,0,35,Abax parallelepipedus,Tachyporus pallidus,11,43,19.3714285714286
854,854,575333.3689,134306.674,577333.3689,132306.674,25,23,24,20,0,24,Adalia bipunctata,Tytthaspis sedecimpunctata,7,26,18.9166666666667
855,855,575333.3689,132306.674,577333.3689,130306.674,26,23,5,5,0,5,Anaspis pulicaria,Oxystoma craccae,16,25,20.2
856,856,575333.3689,130306.674,577333.3689,128306.674,27,23,59,51,0,59,Agriotes acuminatus,Tachyporus obtusus,9,30,17.7627118644068
857,857,575333.3689,128306.674,577333.3689,126306.674,28,23,,,,,,,,,
867,867,577333.3689,180306.674,579333.3689,178306.674,2,24,20,18,0,20,Adalia decempunctata,Xantholinus linearis,15,37,23.25
868,868,577333.3689,178306.674,579333.3689,176306.674,3,24,305,232,0,305,Adalia bipunctata,Xylodromus concinnus,11,43,19.6
869,869,577333.3689,176306.674,579333.3689,174306.674,4,24,45,29,0,45,Amara similata,Tytthaspis sedecimpunctata,14,37,22.4444444444444
870,870,577333.3689,174306.674,579333.3689,172306.674,5,24,80,80,0,80,Adalia bipunctata,Tytthaspis sedecimpunctata,12,31,19.575
871,871,577333.3689,172306.674,579333.3689,170306.674,6,24,6,6,0,6,Anthicus antherinus,Malvapion malvae,16,44,23.6666666666667
872,872,577333.3689,170306.674,579333.3689,168306.674,7,24,21,15,0,21,Acrolocha sulcula,Sphaeroderma testaceum,14,25,17.5238095238095
873,873,577333.3689,168306.674,579333.3689,166306.674,8,24,202,81,0,202,Adalia decempunctata,Tytthaspis sedecimpunctata,11,31,19.8712871287129
874,874,577333.3689,166306.674,579333.3689,164306.674,9,24,474,197,0,474,Adalia bipunctata,Xantholinus linearis,7,37,19.3839662447257
875,875,577333.3689,164306.674,579333.3689,162306.674,10,24,13,11,0,13,Anchomenus dorsalis,Rhagonycha fulva,12,30,20
876,876,577333.3689,162306.674,579333.3689,160306.674,11,24,20,20,0,20,Abax parallelepipedus,Tachyporus hypnorum,15,28,18.6
877,877,577333.3689,160306.674,579333.3689,158306.674,12,24,202,146,0,202,Abax parallelepipedus,Xylocleptes bispinus,6,31,19.7029702970297
878,878,577333.3689,158306.674,579333.3689,156306.674,13,24,286,182,0,286,Adalia bipunctata,Tytthaspis sedecimpunctata,11,37,19.5979020979021
879,879,577333.3689,156306.674,579333.3689,154306.674,14,24,150,128,0,150,Adalia decempunctata,Xantholinus linearis,7,31,18.8133333333333
880,880,577333.3689,154306.674,579333.3689,152306.674,15,24,32,21,0,32,Acrossus rufipes,Trechus quadristriatus,14,25,20.09375
881,881,577333.3689,152306.674,579333.3689,150306.674,16,24,17,16,0,17,Agabus bipustulatus,Tytthaspis sedecimpunctata,12,30,19.7058823529412
882,882,577333.3689,150306.674,579333.3689,148306.674,17,24,19,17,0,19,Agabus sturmii,Tytthaspis sedecimpunctata,11,26,17.7894736842105
883,883,577333.3689,148306.674,579333.3689,146306.674,18,24,64,64,0,64,Achenium depressum,Xantholinus longiventris,11,43,19.53125
884,884,577333.3689,146306.674,579333.3689,144306.674,19,24,16,16,0,16,Agabus bipustulatus,Stomis pumicatus,15,22,19.1875
885,885,577333.3689,144306.674,579333.3689,142306.674,20,24,80,72,0,80,Agabus bipustulatus,Zacladus exiguus,14,43,19.275
886,886,577333.3689,142306.674,579333.3689,140306.674,21,24,1,1,0,1,Rhagonycha fulva,Rhagonycha fulva,16,16,16
887,887,577333.3689,140306.674,579333.3689,138306.674,22,24,26,22,0,26,Agabus bipustulatus,Limnebius truncatellus,7,43,21
888,888,577333.3689,138306.674,579333.3689,136306.674,23,24,52,46,0,52,Acilius sulcatus,Tytthaspis sedecimpunctata,11,31,19.0576923076923
889,889,577333.3689,136306.674,579333.3689,134306.674,24,24,8,8,0,8,Anaspis costai,Rutpela maculata,14,25,19.75
890,890,577333.3689,134306.674,579333.3689,132306.674,25,24,30,30,0,30,Atheta liturata,Tytthaspis sedecimpunctata,13,30,19.4666666666667
891,891,577333.3689,132306.674,579333.3689,130306.674,26,24,6,6,0,6,Coccinella septempunctata,Tytthaspis sedecimpunctata,15,30,23.3333333333333
892,892,577333.3689,130306.674,579333.3689,128306.674,27,24,15,15,0,15,Adalia decempunctata,Tytthaspis sedecimpunctata,16,26,19.2666666666667
893,893,577333.3689,128306.674,579333.3689,126306.674,28,24,,,,,,,,,
894,894,577333.3689,126306.674,579333.3689,124306.674,29,24,,,,,,,,,
903,903,579333.3689,180306.674,581333.3689,178306.674,2,25,,,,,,,,,
904,904,579333.3689,178306.674,581333.3689,176306.674,3,25,52,32,0,52,Acrotrichis intermedia,Tasgius globulifer,11,30,18.7115384615385
905,905,579333.3689,176306.674,581333.3689,174306.674,4,25,5,5,0,5,Cerylon histeroides,Rhagonycha fulva,16,25,20
906,906,579333.3689,174306.674,581333.3689,172306.674,5,25,401,339,0,401,Acupalpus dubius,Zacladus exiguus,12,47,19.5286783042394
907,907,579333.3689,172306.674,581333.3689,170306.674,6,25,6,6,0,6,Atomaria linearis,Rhagonycha fulva,16,28,19.8333333333333
908,908,579333.3689,170306.674,581333.3689,168306.674,7,25,78,70,0,78,Adalia bipunctata,Tytthaspis sedecimpunctata,12,43,20.5512820512821
909,909,579333.3689,168306.674,581333.3689,166306.674,8,25,77,39,0,77,Adalia bipunctata,Tytthaspis sedecimpunctata,9,37,19.4935064935065
910,910,579333.3689,166306.674,581333.3689,164306.674,9,25,303,102,0,303,Acupalpus meridianus,Vincenzellus ruficollis,12,37,18.4092409240924
911,911,579333.3689,164306.674,581333.3689,162306.674,10,25,15,9,0,15,Aspidapion radiolus,Rhagonycha fulva,14,26,17.7333333333333
912,912,579333.3689,162306.674,581333.3689,160306.674,11,25,171,93,0,171,Abax parallelepipedus,Volinus sticticus,12,37,19.4619883040936
913,913,579333.3689,160306.674,581333.3689,158306.674,12,25,39,36,0,39,Agonum (Europhilus),Xylocleptes bispinus,7,30,19.4358974358974
914,914,579333.3689,158306.674,581333.3689,156306.674,13,25,15,14,0,15,Adalia bipunctata,Vanonus brevicornis,9,28,17.6666666666667
915,915,579333.3689,156306.674,581333.3689,154306.674,14,25,58,48,0,58,Agabus guttatus,Tychius picirostris,9,37,19.1896551724138
916,916,579333.3689,154306.674,581333.3689,152306.674,15,25,24,21,0,24,Adalia bipunctata,Sericoderus lateralis,9,30,18.75
917,917,579333.3689,152306.674,581333.3689,150306.674,16,25,45,41,0,45,Adalia bipunctata,Tytthaspis sedecimpunctata,14,27,19.5333333333333
918,918,579333.3689,150306.674,581333.3689,148306.674,17,25,22,22,0,22,Abax parallelepipedus,Rhagonycha fulva,16,26,19.1363636363636
919,919,579333.3689,148306.674,581333.3689,146306.674,18,25,16,15,0,16,Agabus bipustulatus,Rhagonycha fulva,11,25,20.0625
920,920,579333.3689,146306.674,581333.3689,144306.674,19,25,5,5,0,5,Coccinella septempunctata,Rhagonycha fulva,16,25,21.4
921,921,579333.3689,144306.674,581333.3689,142306.674,20,25,20,20,0,20,Agabus didymus,Tetrops praeustus,14,31,19.45
922,922,579333.3689,142306.674,581333.3689,140306.674,21,25,34,29,0,34,Acrossus rufipes,Tachyporus hypnorum,13,37,21.1470588235294
923,923,579333.3689,140306.674,581333.3689,138306.674,22,25,28,25,0,28,Amara convexior,Sitona obsoletus,13,30,20
924,924,579333.3689,138306.674,581333.3689,136306.674,23,25,141,115,0,141,Acalles ptinoides,Xantholinus longiventris,11,44,19.7234042553191
925,925,579333.3689,136306.674,581333.3689,134306.674,24,25,60,57,0,60,Adalia bipunctata,Tytthaspis sedecimpunctata,13,30,19.4166666666667
926,926,579333.3689,134306.674,581333.3689,132306.674,25,25,94,73,0,94,Acupalpus exiguus,Volinus sticticus,11,30,18.8936170212766
927,927,579333.3689,132306.674,581333.3689,130306.674,26,25,29,26,0,29,Agabus bipustulatus,Variimorda villosa,17,26,20.6896551724138
928,928,579333.3689,130306.674,581333.3689,128306.674,27,25,2,2,0,2,Helophorus brevipalpis,Philonthus debilis,18,22,20
929,929,579333.3689,128306.674,581333.3689,126306.674,28,25,2,2,0,2,Bembidion lampros,Poecilus cupreus,16,17,16.5
930,930,579333.3689,126306.674,581333.3689,124306.674,29,25,,,,,,,,,
939,939,581333.3689,180306.674,583333.3689,178306.674,2,26,,,,,,,,,
940,940,581333.3689,178306.674,583333.3689,176306.674,3,26,104,94,0,104,Achenium depressum,Xantholinus linearis,13,43,19.5673076923077
941,941,581333.3689,176306.674,583333.3689,174306.674,4,26,145,136,0,145,Acrotona muscorum,Tytthaspis sedecimpunctata,11,43,20.048275862069
942,942,581333.3689,174306.674,583333.3689,172306.674,5,26,15,15,0,15,Adalia bipunctata,Rhagonycha fulva,14,30,20.2666666666667
943,943,581333.3689,172306.674,583333.3689,170306.674,6,26,,,,,,,,,
944,944,581333.3689,170306.674,583333.3689,168306.674,7,26,,,,,,,,,
945,945,581333.3689,168306.674,583333.3689,166306.674,8,26,238,128,0,238,Adalia bipunctata,Xantholinus linearis,7,43,19.5798319327731
946,946,581333.3689,166306.674,583333.3689,164306.674,9,26,77,21,0,77,Adalia,Tytthaspis sedecimpunctata,6,37,18.6103896103896
947,947,581333.3689,164306.674,583333.3689,162306.674,10,26,398,203,0,398,Ablattaria laevigata,Xyleborus dryographus,7,37,19.2964824120603
948,948,581333.3689,162306.674,583333.3689,160306.674,11,26,14,11,0,14,Coccinella septempunctata,Tachyporus obtusus,16,30,22.9285714285714
949,949,581333.3689,160306.674,583333.3689,158306.674,12,26,7,7,0,7,Adalia bipunctata,Tachyporus hypnorum,16,24,19.1428571428571
950,950,581333.3689,158306.674,583333.3689,156306.674,13,26,16,16,0,16,Athous haemorrhoidalis,Stenurella melanura,9,27,17.9375
951,951,581333.3689,156306.674,583333.3689,154306.674,14,26,83,59,0,83,Adalia bipunctata,Zacladus exiguus,11,37,19.6265060240964
952,952,581333.3689,154306.674,583333.3689,152306.674,15,26,98,80,0,98,Adalia bipunctata,Typhaeus typhoeus,9,37,18.8061224489796
953,953,581333.3689,152306.674,583333.3689,150306.674,16,26,3,2,0,3,Coccinella septempunctata,Polydrusus formosus,19,25,21
954,954,581333.3689,150306.674,583333.3689,148306.674,17,26,6,6,0,6,Coccinella septempunctata,Stephostethus lardarius,17,26,22
955,955,581333.3689,148306.674,583333.3689,146306.674,18,26,57,51,0,57,Acalles ptinoides,Volinus sticticus,14,43,19.8947368421053
956,956,581333.3689,146306.674,583333.3689,144306.674,19,26,142,119,0,142,Acupalpus dubius,Tytthaspis sedecimpunctata,11,30,19.056338028169
957,957,581333.3689,144306.674,583333.3689,142306.674,20,26,22,21,0,22,Acrossus rufipes,Xestobium rufovillosum,12,43,20.6363636363636
958,958,581333.3689,142306.674,583333.3689,140306.674,21,26,5,5,0,5,Nebrioporus elegans,Sitona lineatus,15,19,16.6
959,959,581333.3689,140306.674,583333.3689,138306.674,22,26,33,31,0,33,Acilius sulcatus,Stictotarsus duodecimpustulatus,11,31,18.3939393939394
960,960,581333.3689,138306.674,583333.3689,136306.674,23,26,131,97,0,131,Acupalpus dubius,Xylocleptes bispinus,13,43,19.6412213740458
961,961,581333.3689,136306.674,583333.3689,134306.674,24,26,51,51,0,51,Agabus bipustulatus,Variimorda villosa,13,43,19.8627450980392
962,962,581333.3689,134306.674,583333.3689,132306.674,25,26,68,59,0,68,Agathidium seminulum,Volinus sticticus,10,43,19.25
963,963,581333.3689,132306.674,583333.3689,130306.674,26,26,27,19,0,27,Athous haemorrhoidalis,Stomis pumicatus,16,43,20.9259259259259
964,964,581333.3689,130306.674,583333.3689,128306.674,27,26,17,17,0,17,Ahasverus advena,Syntomus obscuroguttatus,15,24,18.7647058823529
965,965,581333.3689,128306.674,583333.3689,126306.674,28,26,12,12,0,12,Coccinella septempunctata,Rutpela maculata,16,25,19.0833333333333
966,966,581333.3689,126306.674,583333.3689,124306.674,29,26,,,,,,,,,
975,975,583333.3689,180306.674,585333.3689,178306.674,2,27,1,1,0,1,Noterus clavicornis,Noterus clavicornis,19,19,19
976,976,583333.3689,178306.674,585333.3689,176306.674,3,27,4,4,0,4,Bagous subcarinatus,Sibinia arenariae,17,20,18.5
977,977,583333.3689,176306.674,585333.3689,174306.674,4,27,42,37,0,42,Anacaena limbata,Tytthaspis sedecimpunctata,16,37,20.7142857142857
978,978,583333.3689,174306.674,585333.3689,172306.674,5,27,,,,,,,,,
979,979,583333.3689,172306.674,585333.3689,170306.674,6,27,,,,,,,,,
980,980,583333.3689,170306.674,585333.3689,168306.674,7,27,80,77,0,80,Agabus bipustulatus,Tytthaspis sedecimpunctata,12,43,20.4
981,981,583333.3689,168306.674,585333.3689,166306.674,8,27,104,53,0,104,Adalia bipunctata,Trichosirocalus troglodytes,12,30,16.5384615384615
982,982,583333.3689,166306.674,585333.3689,164306.674,9,27,16,13,0,16,Acrossus depressus,Typhaeus typhoeus,15,26,18.5625
983,983,583333.3689,164306.674,585333.3689,162306.674,10,27,24,14,0,24,Calathus fuscipes,Typhaeus typhoeus,14,30,18.5
984,984,583333.3689,162306.674,585333.3689,160306.674,11,27,14,6,0,14,Adalia bipunctata,Xylocleptes bispinus,17,30,26.8571428571429
985,985,583333.3689,160306.674,585333.3689,158306.674,12,27,128,125,0,128,Adalia decempunctata,Xantholinus longiventris,8,30,18.921875
986,986,583333.3689,158306.674,585333.3689,156306.674,13,27,98,71,0,98,Agapanthia villosoviridescens,Xantholinus linearis,13,37,19.2959183673469
987,987,583333.3689,156306.674,585333.3689,154306.674,14,27,60,58,0,60,Abax parallelepipedus,Tychius picirostris,10,37,19.8166666666667
988,988,583333.3689,154306.674,585333.3689,152306.674,15,27,95,64,0,95,Adalia bipunctata,Tytthaspis sedecimpunctata,5,43,20
989,989,583333.3689,152306.674,585333.3689,150306.674,16,27,5,5,0,5,Abax parallelepipedus,Nebria brevicollis,18,25,20.2
990,990,583333.3689,150306.674,585333.3689,148306.674,17,27,12,11,0,12,Adalia bipunctata,Tasgius globulifer,11,22,16.9166666666667
991,991,583333.3689,148306.674,585333.3689,146306.674,18,27,91,80,0,91,Abax parallelepipedus,Tachyporus solutus,11,43,19.7362637362637
992,992,583333.3689,146306.674,585333.3689,144306.674,19,27,16,15,0,16,Agabus bipustulatus,Rutpela maculata,12,25,19.3125
993,993,583333.3689,144306.674,585333.3689,142306.674,20,27,19,19,0,19,Ceutorhynchus cochleariae,Rhagonycha fulva,12,25,19.4210526315789
994,994,583333.3689,142306.674,585333.3689,140306.674,21,27,,,,,,,,,
995,995,583333.3689,140306.674,585333.3689,138306.674,22,27,25,24,0,25,Acilius sulcatus,Xestobium rufovillosum,6,26,19.24
996,996,583333.3689,138306.674,585333.3689,136306.674,23,27,13,13,0,13,Adalia decempunctata,Rhagonycha lignosa,14,24,18.1538461538462
997,997,583333.3689,136306.674,585333.3689,134306.674,24,27,12,12,0,12,Bembidion deletum,Tachyporus solutus,16,30,20.3333333333333
998,998,583333.3689,134306.674,585333.3689,132306.674,25,27,23,22,0,23,Amischa analis,Tachyporus hypnorum,11,25,18.4782608695652
999,999,583333.3689,132306.674,585333.3689,130306.674,26,27,58,48,0,58,Acilius sulcatus,Trixagus dermestoides,12,29,19.6206896551724
1000,1000,583333.3689,130306.674,585333.3689,128306.674,27,27,4,4,0,4,Haliplus lineatocollis,Rhagonycha fulva,16,22,19
1001,1001,583333.3689,128306.674,585333.3689,126306.674,28,27,2,2,0,2,Chrysolina coerulans,Oedemera nobilis,16,20,18
1011,1011,585333.3689,180306.674,587333.3689,178306.674,2,28,1,1,0,1,Mecinus pyraster,Mecinus pyraster,16,16,16
1012,1012,585333.3689,178306.674,587333.3689,176306.674,3,28,30,30,0,30,Achenium depressum,Tytthaspis sedecimpunctata,12,30,19.7333333333333
1013,1013,585333.3689,176306.674,587333.3689,174306.674,4,28,6,6,0,6,Cantharis fusca,Syntomus obscuroguttatus,15,29,19.8333333333333
1014,1014,585333.3689,174306.674,587333.3689,172306.674,5,28,,,,,,,,,
1015,1015,585333.3689,172306.674,587333.3689,170306.674,6,28,2,2,0,2,Enochrus bicolor,Philonthus varians,16,18,17
1016,1016,585333.3689,170306.674,587333.3689,168306.674,7,28,16,16,0,16,Anthicus antherinus,Xantholinus longiventris,12,25,19.4375
1017,1017,585333.3689,168306.674,587333.3689,166306.674,8,28,43,37,0,43,Anthocomus rufus,Tytthaspis sedecimpunctata,14,37,20.8604651162791
1018,1018,585333.3689,166306.674,587333.3689,164306.674,9,28,281,95,0,281,Acrossus rufipes,Zeugophora subspinosa,11,37,19.8113879003559
1019,1019,585333.3689,164306.674,587333.3689,162306.674,10,28,119,94,0,119,Acupalpus exiguus,Zeugophora subspinosa,12,31,19.5126050420168
1020,1020,585333.3689,162306.674,587333.3689,160306.674,11,28,2,2,0,2,Coccinella septempunctata,Rhagonycha fulva,16,25,20.5
1021,1021,585333.3689,160306.674,587333.3689,158306.674,12,28,209,158,0,209,Abax parallelepipedus,Xylocleptes bispinus,10,31,19.6363636363636
1022,1022,585333.3689,158306.674,587333.3689,156306.674,13,28,16,12,0,16,Byctiscus populi,Rhagonycha fulva,16,30,21.5625
1023,1023,585333.3689,156306.674,587333.3689,154306.674,14,28,18,17,0,18,Anatis ocellata,Thanatophilus sinuatus,14,25,19.3888888888889
1024,1024,585333.3689,154306.674,587333.3689,152306.674,15,28,23,23,0,23,Amischa analis,Trechus quadristriatus,9,27,19.1304347826087
1025,1025,585333.3689,152306.674,587333.3689,150306.674,16,28,23,14,0,23,Bodilopsis rufa,Scirtidae,7,25,14.9130434782609
1026,1026,585333.3689,150306.674,587333.3689,148306.674,17,28,30,28,0,30,Adalia,Tytthaspis sedecimpunctata,6,43,20.4
1027,1027,585333.3689,148306.674,587333.3689,146306.674,18,28,35,25,0,35,Agabus bipustulatus,Oedemera nobilis,9,43,16.9142857142857
1028,1028,585333.3689,146306.674,587333.3689,144306.674,19,28,37,36,0,37,Agabus bipustulatus,Stenus impressus,8,43,19.2162162162162
1029,1029,585333.3689,144306.674,587333.3689,142306.674,20,28,39,38,0,39,Agabus bipustulatus,Stictotarsus duodecimpustulatus,11,31,19
1030,1030,585333.3689,142306.674,587333.3689,140306.674,21,28,2,2,0,2,Agriotes lineatus,Coccinella septempunctata,17,25,21
1031,1031,585333.3689,140306.674,587333.3689,138306.674,22,28,13,12,0,13,Agabus bipustulatus,Rhantus suturalis,12,22,18.0769230769231
1032,1032,585333.3689,138306.674,587333.3689,136306.674,23,28,7,7,0,7,Agabus sturmii,Tychus niger,12,20,15.8571428571429
1033,1033,585333.3689,136306.674,587333.3689,134306.674,24,28,46,46,0,46,Agabus didymus,Stictotarsus duodecimpustulatus,14,43,20.0869565217391
1034,1034,585333.3689,134306.674,587333.3689,132306.674,25,28,7,6,0,7,Cionus hortulanus,Stictotarsus duodecimpustulatus,16,31,20.2857142857143
1035,1035,585333.3689,132306.674,587333.3689,130306.674,26,28,75,34,0,75,Altica lythri,Rhinoncus inconspectus,6,43,18.5333333333333
1036,1036,585333.3689,130306.674,587333.3689,128306.674,27,28,138,120,0,138,Achenium humile,Xantholinus longiventris,7,43,18.8188405797101
1037,1037,585333.3689,128306.674,587333.3689,126306.674,28,28,,,,,,,,,
1047,1047,587333.3689,180306.674,589333.3689,178306.674,2,29,,,,,,,,,
1048,1048,587333.3689,178306.674,589333.3689,176306.674,3,29,100,71,0,100,Ablattaria laevigata,Tytthaspis sedecimpunctata,13,43,19.88
1049,1049,587333.3689,176306.674,589333.3689,174306.674,4,29,82,75,0,82,Acrotona muscorum,Tytthaspis sedecimpunctata,8,43,18.609756097561
1050,1050,587333.3689,174306.674,589333.3689,172306.674,5,29,,,,,,,,,
1051,1051,587333.3689,172306.674,589333.3689,170306.674,6,29,5,5,0,5,Bembidion varium,Heterocerus obsoletus,15,22,18.8
1052,1052,587333.3689,170306.674,589333.3689,168306.674,7,29,5,4,0,5,Adalia bipunctata,Cordicollis instabilis,17,25,22.4
1053,1053,587333.3689,168306.674,589333.3689,166306.674,8,29,,,,,,,,,
1054,1054,587333.3689,166306.674,589333.3689,164306.674,9,29,7,7,0,7,Anchomenus dorsalis,Ochthebius minimus,14,23,19
1055,1055,587333.3689,164306.674,589333.3689,162306.674,10,29,20,10,0,20,Agriotes sputator,Tachyporus hypnorum,14,25,16.85
1056,1056,587333.3689,162306.674,589333.3689,160306.674,11,29,5,5,0,5,Arhopalus rusticus,Stegobium paniceum,16,43,22.8
1057,1057,587333.3689,160306.674,589333.3689,158306.674,12,29,24,23,0,24,Anaspis maculata,Tachinus rufipes,13,25,19.3333333333333
1058,1058,587333.3689,158306.674,589333.3689,156306.674,13,29,31,30,0,31,Agriotes sputator,Tachyporus hypnorum,10,33,19.258064516129
1059,1059,587333.3689,156306.674,589333.3689,154306.674,14,29,25,16,0,25,Abax parallelepipedus,Polydrusus formosus,15,25,20.56
1060,1060,587333.3689,154306.674,589333.3689,152306.674,15,29,10,8,0,10,Anchomenus dorsalis,Stilbus testaceus,15,25,19.5
1061,1061,587333.3689,152306.674,589333.3689,150306.674,16,29,267,147,0,267,Abax parallelepipedus,Variimorda villosa,8,43,19.6591760299625
1062,1062,587333.3689,150306.674,589333.3689,148306.674,17,29,20,19,0,20,Anaspis pulicaria,Tytthaspis sedecimpunctata,16,30,20.05
1063,1063,587333.3689,148306.674,589333.3689,146306.674,18,29,1,1,0,1,Stenus similis,Stenus similis,14,14,14
1064,1064,587333.3689,146306.674,589333.3689,144306.674,19,29,19,19,0,19,Agriotes acuminatus,Syntomus obscuroguttatus,11,26,19.8421052631579
1065,1065,587333.3689,144306.674,589333.3689,142306.674,20,29,8,8,0,8,Anthonomus rubi,Tytthaspis sedecimpunctata,13,26,19.25
1066,1066,587333.3689,142306.674,589333.3689,140306.674,21,29,32,30,0,32,Agabus bipustulatus,Volinus sticticus,12,43,19.6875
1067,1067,587333.3689,140306.674,589333.3689,138306.674,22,29,26,26,0,26,Agabus bipustulatus,Trechus quadristriatus,12,43,20.6153846153846
1068,1068,587333.3689,138306.674,589333.3689,136306.674,23,29,29,29,0,29,Acilius sulcatus,Tychius junceus,12,43,18.551724137931
1069,1069,587333.3689,136306.674,589333.3689,134306.674,24,29,12,12,0,12,Adalia bipunctata,Scirtes hemisphaericus,15,30,19.6666666666667
1070,1070,587333.3689,134306.674,589333.3689,132306.674,25,29,152,136,0,152,Acilius sulcatus,Uleiota planatus,9,30,18.0197368421053
1071,1071,587333.3689,132306.674,589333.3689,130306.674,26,29,56,50,0,56,Acilius sulcatus,Tachyporus hypnorum,12,43,18.6071428571429
1072,1072,587333.3689,130306.674,589333.3689,128306.674,27,29,64,58,0,64,Agabus bipustulatus,Tytthaspis sedecimpunctata,8,43,19.359375
1073,1073,587333.3689,128306.674,589333.3689,126306.674,28,29,56,54,0,56,Agabus guttatus,Zeugophora subspinosa,13,30,19.4821428571429
1074,1074,587333.3689,126306.674,589333.3689,124306.674,29,29,6,5,0,6,Haliplus flavicollis,Noterus clavicornis,18,22,20.5
1085,1085,589333.3689,176306.674,591333.3689,174306.674,4,30,21,21,0,21,Amara aenea,Sitona obsoletus,11,31,18.952380952381
1086,1086,589333.3689,174306.674,591333.3689,172306.674,5,30,29,27,0,29,Agabus bipustulatus,Tytthaspis sedecimpunctata,12,43,20.4137931034483
1087,1087,589333.3689,172306.674,591333.3689,170306.674,6,30,186,159,0,186,Ablattaria laevigata,Xantholinus longiventris,11,37,19.1559139784946
1088,1088,589333.3689,170306.674,591333.3689,168306.674,7,30,338,244,0,338,Acrolocha sulcula,Xantholinus longiventris,9,43,19.2899408284024
1089,1089,589333.3689,168306.674,591333.3689,166306.674,8,30,33,32,0,33,Agabus bipustulatus,Tytthaspis sedecimpunctata,12,43,20.5454545454545
1090,1090,589333.3689,166306.674,591333.3689,164306.674,9,30,243,173,0,243,Adalia bipunctata,Xantholinus linearis,12,37,19.798353909465
1091,1091,589333.3689,164306.674,591333.3689,162306.674,10,30,122,49,0,122,Adalia bipunctata,Typhaea stercorea,12,30,16.672131147541
1092,1092,589333.3689,162306.674,591333.3689,160306.674,11,30,154,79,0,154,Abax parallelepipedus,Typhaea stercorea,9,31,19.1298701298701
1093,1093,589333.3689,160306.674,591333.3689,158306.674,12,30,20,19,0,20,Anotylus rugosus,Tachinus rufipes,13,26,18.7
1094,1094,589333.3689,158306.674,591333.3689,156306.674,13,30,83,68,0,83,Agriotes acuminatus,Trechus quadristriatus,12,30,19.2650602409639
1095,1095,589333.3689,156306.674,591333.3689,154306.674,14,30,37,28,0,37,Acrossus rufipes,Tytthaspis sedecimpunctata,10,26,18.9459459459459
1096,1096,589333.3689,154306.674,591333.3689,152306.674,15,30,13,13,0,13,Amischa analis,Sitona lineatus,14,31,20.4615384615385
1097,1097,589333.3689,152306.674,591333.3689,150306.674,16,30,47,43,0,47,Adalia decempunctata,Typhaeus typhoeus,8,37,19.0212765957447
1098,1098,589333.3689,150306.674,591333.3689,148306.674,17,30,26,25,0,26,Adalia bipunctata,Zeugophora subspinosa,11,26,19.1923076923077
1099,1099,589333.3689,148306.674,591333.3689,146306.674,18,30,11,11,0,11,Acrossus rufipes,Rhagonycha fulva,16,26,20.1818181818182
1100,1100,589333.3689,146306.674,591333.3689,144306.674,19,30,33,20,0,33,Aleochara curtula,Trixagus dermestoides,16,26,18.9393939393939
1101,1101,589333.3689,144306.674,591333.3689,142306.674,20,30,11,10,0,11,Cicindela campestris,Uleiota planatus,13,26,19.7272727272727
1102,1102,589333.3689,142306.674,591333.3689,140306.674,21,30,28,26,0,28,Acilius canaliculatus,Sphaeridium lunatum,12,43,18.9285714285714
1103,1103,589333.3689,140306.674,591333.3689,138306.674,22,30,62,58,0,62,Adalia decempunctata,Xantholinus longiventris,12,30,19.4193548387097
1104,1104,589333.3689,138306.674,591333.3689,136306.674,23,30,78,76,0,78,Adalia decempunctata,Xantholinus longiventris,12,30,19.3846153846154
1105,1105,589333.3689,136306.674,591333.3689,134306.674,24,30,18,17,0,18,Agonum fuliginosum,Volinus sticticus,14,23,18.3888888888889
1106,1106,589333.3689,134306.674,591333.3689,132306.674,25,30,20,19,0,20,Agriotes pallidulus,Trixagus obtusus,15,23,18.75
1107,1107,589333.3689,132306.674,591333.3689,130306.674,26,30,45,29,0,45,Acrossus rufipes,Tachyporus hypnorum,13,26,18.9555555555556
1108,1108,589333.3689,130306.674,591333.3689,128306.674,27,30,114,83,0,114,Acilius sulcatus,Tachyporus chrysomelinus,8,43,19.719298245614
1109,1109,589333.3689,128306.674,591333.3689,126306.674,28,30,27,26,0,27,Amischa analis,Tachyporus obtusus,14,26,18.1851851851852
1110,1110,589333.3689,126306.674,591333.3689,124306.674,29,30,,,,,,,,,
1121,1121,591333.3689,176306.674,593333.3689,174306.674,4,31,16,11,0,16,Adalia bipunctata,Tytthaspis sedecimpunctata,12,37,23.4375
1122,1122,591333.3689,174306.674,593333.3689,172306.674,5,31,48,29,0,48,Agabus bipustulatus,Tytthaspis sedecimpunctata,10,37,20.2708333333333
1123,1123,591333.3689,172306.674,593333.3689,170306.674,6,31,110,72,0,110,Agabus bipustulatus,Tytthaspis sedecimpunctata,13,30,19.7090909090909
1124,1124,591333.3689,170306.674,593333.3689,168306.674,7,31,320,190,0,320,Agabus bipustulatus,Tytthaspis sedecimpunctata,11,44,20.275
1125,1125,591333.3689,168306.674,593333.3689,166306.674,8,31,221,168,0,221,Adalia bipunctata,Xantholinus linearis,11,43,19.552036199095
1126,1126,591333.3689,166306.674,593333.3689,164306.674,9,31,1453,591,0,1453,Acritus nigricornis,Zeugophora subspinosa,11,44,19.4349621472815
1127,1127,591333.3689,164306.674,593333.3689,162306.674,10,31,214,109,0,214,Ablattaria laevigata,Typhaea stercorea,11,43,18.9719626168224
1128,1128,591333.3689,162306.674,593333.3689,160306.674,11,31,18,13,0,18,Adalia bipunctata,Tasgius winkleri,12,30,17.1666666666667
1129,1129,591333.3689,160306.674,593333.3689,158306.674,12,31,72,57,0,72,Abax parallelepipedus,Tropiphorus elevatus,11,31,19.8333333333333
1130,1130,591333.3689,158306.674,593333.3689,156306.674,13,31,168,119,0,168,Abax parallelepipedus,Xantholinus linearis,11,30,19.4345238095238
1131,1131,591333.3689,156306.674,593333.3689,154306.674,14,31,22,17,0,22,Agriotes obscurus,Tachyporus obtusus,14,30,20.4545454545455
1132,1132,591333.3689,154306.674,593333.3689,152306.674,15,31,18,17,0,18,Athous haemorrhoidalis,Subcoccinella vigintiquattuorpunctata,7,37,19.8333333333333
1133,1133,591333.3689,152306.674,593333.3689,150306.674,16,31,,,,,,,,,
1134,1134,591333.3689,150306.674,593333.3689,148306.674,17,31,32,30,0,32,Agonum muelleri,Zeugophora subspinosa,14,30,18.6875
1135,1135,591333.3689,148306.674,593333.3689,146306.674,18,31,67,66,0,67,Aleochara bipustulata,Xantholinus longiventris,11,33,19.2089552238806
1136,1136,591333.3689,146306.674,593333.3689,144306.674,19,31,4,4,0,4,Anchomenus dorsalis,Oedemera nobilis,16,25,21
1137,1137,591333.3689,144306.674,593333.3689,142306.674,20,31,5,5,0,5,Anotylus rugosus,Leistus fulvibarbis,16,25,20.2
1138,1138,591333.3689,142306.674,593333.3689,140306.674,21,31,27,25,0,27,Acilius,Rutpela maculata,7,43,19.0740740740741
1139,1139,591333.3689,140306.674,593333.3689,138306.674,22,31,104,56,0,104,Abax parallelepipedus,Tytthaspis sedecimpunctata,7,37,19.6634615384615
1140,1140,591333.3689,138306.674,593333.3689,136306.674,23,31,30,30,0,30,Anaspis frontalis,Tytthaspis sedecimpunctata,15,37,19.4333333333333
1141,1141,591333.3689,136306.674,593333.3689,134306.674,24,31,6,6,0,6,Exomias araneiformis,Sitona lineatus,15,20,17.8333333333333
1142,1142,591333.3689,134306.674,593333.3689,132306.674,25,31,41,41,0,41,Agabus didymus,Tachyporus obtusus,12,43,18.8780487804878
1143,1143,591333.3689,132306.674,593333.3689,130306.674,26,31,106,57,0,106,Aloconota gregaria,Tanysphyrus lemnae,11,43,19.2830188679245
1144,1144,591333.3689,130306.674,593333.3689,128306.674,27,31,52,50,0,52,Agriotes sputator,Trechus quadristriatus,13,33,19.5769230769231
1145,1145,591333.3689,128306.674,593333.3689,126306.674,28,31,37,27,0,37,Acrossus luridus,Tytthaspis sedecimpunctata,9,39,18.6486486486486
1146,1146,591333.3689,126306.674,593333.3689,124306.674,29,31,,,,,,,,,
1157,1157,593333.3689,176306.674,595333.3689,174306.674,4,32,38,27,0,38,Adalia bipunctata,Tytthaspis sedecimpunctata,10,37,19.1842105263158
1158,1158,593333.3689,174306.674,595333.3689,172306.674,5,32,36,36,0,36,Acupalpus dubius,Stenolophus mixtus,11,30,19.3888888888889
1159,1159,593333.3689,172306.674,595333.3689,170306.674,6,32,12,12,0,12,Agrilinus ater,Rhantus frontalis,14,26,20.8333333333333
1160,1160,593333.3689,170306.674,595333.3689,168306.674,7,32,27,24,0,27,Agrilinus ater,Strophosoma nebulosum,14,41,21.3333333333333
1161,1161,593333.3689,168306.674,595333.3689,166306.674,8,32,53,44,0,53,Agabus conspersus,Xantholinus linearis,11,44,19.7547169811321
1162,1162,593333.3689,166306.674,595333.3689,164306.674,9,32,180,158,0,180,Ablattaria laevigata,Xantholinus longiventris,11,31,18.9166666666667
1163,1163,593333.3689,164306.674,595333.3689,162306.674,10,32,25,23,0,25,Agriotes pallidulus,Stenus clavicornis,16,28,20.76
1164,1164,593333.3689,162306.674,595333.3689,160306.674,11,32,2,1,0,2,Lucanus cervus,Lucanus cervus,14,14,14
1165,1165,593333.3689,160306.674,595333.3689,158306.674,12,32,49,29,0,49,Aphidecta obliterata,Tachinus humeralis,13,30,19.8571428571429
1166,1166,593333.3689,158306.674,595333.3689,156306.674,13,32,95,79,0,95,Abax parallelepipedus,Zacladus exiguus,11,37,19.7684210526316
1167,1167,593333.3689,156306.674,595333.3689,154306.674,14,32,53,27,0,53,Anthobium atrocephalum,Tachyporus obtusus,12,31,19.4716981132075
1168,1168,593333.3689,154306.674,595333.3689,152306.674,15,32,19,15,0,19,Adalia bipunctata,Rhagonycha fulva,7,25,17.3684210526316
1169,1169,593333.3689,152306.674,595333.3689,150306.674,16,32,36,33,0,36,Acrolocha sulcula,Trechus quadristriatus,14,30,18.8611111111111
1170,1170,593333.3689,150306.674,595333.3689,148306.674,17,32,53,43,0,53,Acrotona parvula,Subcoccinella vigintiquattuorpunctata,12,37,20.1698113207547
1171,1171,593333.3689,148306.674,595333.3689,146306.674,18,32,17,15,0,17,Agabus didymus,Tytthaspis sedecimpunctata,11,31,19.5294117647059
1172,1172,593333.3689,146306.674,595333.3689,144306.674,19,32,55,38,0,55,Adalia decempunctata,Tachyporus hypnorum,11,31,19.5818181818182
1173,1173,593333.3689,144306.674,595333.3689,142306.674,20,32,34,32,0,34,Abax parallelepipedus,Volinus sticticus,11,30,20
1174,1174,593333.3689,142306.674,595333.3689,140306.674,21,32,8,7,0,8,Acupalpus exiguus,Stenus similis,14,21,17.125
1175,1175,593333.3689,140306.674,595333.3689,138306.674,22,32,49,45,0,49,Abax parallelepipedus,Trechus obtusus,15,43,20.469387755102
1176,1176,593333.3689,138306.674,595333.3689,136306.674,23,32,8,8,0,8,Anthonomus rubi,Rutpela maculata,15,33,19.625
1177,1177,593333.3689,136306.674,595333.3689,134306.674,24,32,9,9,0,9,Amara aenea,Tytthaspis sedecimpunctata,11,27,19
1178,1178,593333.3689,134306.674,595333.3689,132306.674,25,32,48,32,0,48,Agabus didymus,Tachyporus obtusus,8,31,19.3541666666667
1179,1179,593333.3689,132306.674,595333.3689,130306.674,26,32,75,42,0,75,Acrossus rufipes,Tachyporus obtusus,12,26,19.0133333333333
1180,1180,593333.3689,130306.674,595333.3689,128306.674,27,32,113,99,0,113,Acrossus rufipes,Tinotus morion,12,43,18.8761061946903
1181,1181,593333.3689,128306.674,595333.3689,126306.674,28,32,44,37,0,44,Amara plebeja,Tachyporus pallidus,13,30,18.3636363636364
1182,1182,593333.3689,126306.674,595333.3689,124306.674,29,32,36,35,0,36,Agonum marginatum,Tachyporus hypnorum,14,30,18.8333333333333
1183,1183,593333.3689,124306.674,595333.3689,122306.674,30,32,45,29,0,45,Berosus affinis,Tachyporus atriceps,14,26,19.1111111111111
1194,1194,595333.3689,174306.674,597333.3689,172306.674,5,33,42,36,0,42,Adalia bipunctata,Tychius picirostris,14,37,20.0952380952381
1195,1195,595333.3689,172306.674,597333.3689,170306.674,6,33,5,5,0,5,Lucanus cervus,Rhagonycha fulva,14,21,16.6
1196,1196,595333.3689,170306.674,597333.3689,168306.674,7,33,,,,,,,,,
1197,1197,595333.3689,168306.674,597333.3689,166306.674,8,33,94,63,0,94,Agabus bipustulatus,Tytthaspis sedecimpunctata,12,43,19.8297872340426
1198,1198,595333.3689,166306.674,597333.3689,164306.674,9,33,185,113,0,185,Acrotrichis sitkaensis,Tytthaspis sedecimpunctata,11,37,19.6810810810811
1199,1199,595333.3689,164306.674,597333.3689,162306.674,10,33,36,33,0,36,Adalia bipunctata,Trichiusa immigrata,12,28,17.4722222222222
1200,1200,595333.3689,162306.674,597333.3689,160306.674,11,33,2,2,0,2,Geotrupes spiniger,Lucanus cervus,14,18,16
1201,1201,595333.3689,160306.674,597333.3689,158306.674,12,33,2,2,0,2,Coccinella septempunctata,Rhagonycha fulva,16,25,20.5
1202,1202,595333.3689,158306.674,597333.3689,156306.674,13,33,33,28,0,33,Agonum muelleri,Tytthaspis sedecimpunctata,12,26,17.7575757575758
1203,1203,595333.3689,156306.674,597333.3689,154306.674,14,33,40,36,0,40,Abax parallelepipedus,Volinus sticticus,14,30,19.9
1204,1204,595333.3689,154306.674,597333.3689,152306.674,15,33,28,25,0,28,Adalia bipunctata,Tytthaspis sedecimpunctata,16,27,19.5357142857143
1205,1205,595333.3689,152306.674,597333.3689,150306.674,16,33,10,10,0,10,Agrypnus murinus,Pterostichus madidus,16,27,20.7
1206,1206,595333.3689,150306.674,597333.3689,148306.674,17,33,452,252,0,452,Abraeus perpusillus,Xylodromus concinnus,6,37,18.6172566371681
1207,1207,595333.3689,148306.674,597333.3689,146306.674,18,33,285,141,0,285,Acupalpus meridianus,Volinus sticticus,10,37,19.680701754386
1208,1208,595333.3689,146306.674,597333.3689,144306.674,19,33,2017,641,0,2017,Abax parallelepipedus,Zeugophora subspinosa,6,40,19.3133366385721
1209,1209,595333.3689,144306.674,597333.3689,142306.674,20,33,125,77,0,125,Acrotona muscorum,Xantholinus longiventris,11,31,18.04
1210,1210,595333.3689,142306.674,597333.3689,140306.674,21,33,2,1,0,2,Rhagonycha fulva,Rhagonycha fulva,16,16,16
1211,1211,595333.3689,140306.674,597333.3689,138306.674,22,33,2,2,0,2,Coccinella septempunctata,Pterostichus madidus,20,25,22.5
1212,1212,595333.3689,138306.674,597333.3689,136306.674,23,33,10,9,0,10,Acrossus rufipes,Teuchestes fossor,15,25,19.9
1213,1213,595333.3689,136306.674,597333.3689,134306.674,24,33,101,94,0,101,Agrilus angustulus,Tytthaspis sedecimpunctata,12,37,19.3663366336634
1214,1214,595333.3689,134306.674,597333.3689,132306.674,25,33,38,36,0,38,Anaspis pulicaria,Xantholinus longiventris,14,30,19.5789473684211
1215,1215,595333.3689,132306.674,597333.3689,130306.674,26,33,165,97,0,165,Agabus bipustulatus,Trixagus dermestoides,9,43,19.2787878787879
1216,1216,595333.3689,130306.674,597333.3689,128306.674,27,33,295,87,0,295,Agabus bipustulatus,Thryogenes festucae,7,43,18.6881355932203
1217,1217,595333.3689,128306.674,597333.3689,126306.674,28,33,378,145,0,378,Adalia bipunctata,Trechus quadristriatus,7,43,19.2486772486773
1218,1218,595333.3689,126306.674,597333.3689,124306.674,29,33,268,138,0,268,Agabus bipustulatus,Thryogenes nereis,8,43,19.1231343283582
1219,1219,595333.3689,124306.674,597333.3689,122306.674,30,33,4308,136,0,4308,Acrotrichis intermedia,Thryogenes festucae,9,43,19.8481894150418
1220,1220,595333.3689,122306.674,597333.3689,120306.674,31,33,3,2,0,3,Ocypus olens,Oedemera nobilis,12,16,14.6666666666667
1230,1230,597333.3689,174306.674,599333.3689,172306.674,5,34,8,8,0,8,Bembidion deletum,Pyrochroa serraticornis,15,23,17.875
1231,1231,597333.3689,172306.674,599333.3689,170306.674,6,34,14,14,0,14,Athous campyloides,Tytthaspis sedecimpunctata,16,29,21.5
1232,1232,597333.3689,170306.674,599333.3689,168306.674,7,34,41,38,0,41,Aspidapion aeneum,Trichosirocalus troglodytes,12,27,17.9512195121951
1233,1233,597333.3689,168306.674,599333.3689,166306.674,8,34,12,12,0,12,Ablattaria laevigata,Psyllobora vigintiduopunctata,15,29,19.5
1234,1234,597333.3689,166306.674,599333.3689,164306.674,9,34,99,66,0,99,Agabus sturmii,Tytthaspis sedecimpunctata,11,37,19.1414141414141
1235,1235,597333.3689,164306.674,599333.3689,162306.674,10,34,51,47,0,51,Acrotrichis fascicularis,Trixagus dermestoides,12,44,19.8039215686275
1236,1236,597333.3689,162306.674,599333.3689,160306.674,11,34,206,174,0,206,Acrotrichis fascicularis,Zacladus geranii,10,43,19.0679611650485
1237,1237,597333.3689,160306.674,599333.3689,158306.674,12,34,147,107,0,147,Abax parallelepipedus,Zacladus exiguus,12,30,19.9455782312925
1238,1238,597333.3689,158306.674,599333.3689,156306.674,13,34,35,33,0,35,Amara eurynota,Tachyporus hypnorum,12,25,18.3714285714286
1239,1239,597333.3689,156306.674,599333.3689,154306.674,14,34,37,35,0,37,Agonum muelleri,Thanatophilus sinuatus,14,33,19.4864864864865
1240,1240,597333.3689,154306.674,599333.3689,152306.674,15,34,5,5,0,5,Meligethes atramentarius,Rhagonycha fulva,16,26,21
1241,1241,597333.3689,152306.674,599333.3689,150306.674,16,34,112,79,0,112,Abax parallelepipedus,Xantholinus linearis,12,43,20.6071428571429
1242,1242,597333.3689,150306.674,599333.3689,148306.674,17,34,63,58,0,63,Aleochara bipustulata,Xylocleptes bispinus,13,30,19.7619047619048
1243,1243,597333.3689,148306.674,599333.3689,146306.674,18,34,68,65,0,68,Acrossus rufipes,Vincenzellus ruficollis,12,27,18.6764705882353
1244,1244,597333.3689,146306.674,599333.3689,144306.674,19,34,115,88,0,115,Abax parallelepipedus,Typhaeus typhoeus,7,37,19.5826086956522
1245,1245,597333.3689,144306.674,599333.3689,142306.674,20,34,39,36,0,39,Anisosticta novemdecimpunctata,Tytthaspis sedecimpunctata,10,43,20.6153846153846
1246,1246,597333.3689,142306.674,599333.3689,140306.674,21,34,166,127,0,166,Abax parallelepipedus,Trixagus obtusus,11,37,19.2469879518072
1247,1247,597333.3689,140306.674,599333.3689,138306.674,22,34,14,14,0,14,Anisosticta novemdecimpunctata,Tachyporus pallidus,15,37,22.0714285714286
1248,1248,597333.3689,138306.674,599333.3689,136306.674,23,34,14,14,0,14,Autalia impressa,Xantholinus linearis,16,27,19.5714285714286
1249,1249,597333.3689,136306.674,599333.3689,134306.674,24,34,1476,566,0,1476,Abax parallelepipedus,Zyras haworthi,10,44,19.219512195122
1250,1250,597333.3689,134306.674,599333.3689,132306.674,25,34,258,123,0,258,Abax parallelepipedus,Xyleborus monographus,6,30,19.031007751938
1251,1251,597333.3689,132306.674,599333.3689,130306.674,26,34,285,91,0,285,Agabus bipustulatus,Tachyporus chrysomelinus,8,43,19.1087719298246
1252,1252,597333.3689,130306.674,599333.3689,128306.674,27,34,65,53,0,65,Agabus bipustulatus,Xantholinus linearis,12,43,20.2307692307692
1253,1253,597333.3689,128306.674,599333.3689,126306.674,28,34,25,25,0,25,Anacaena bipustulata,Tachyporus obtusus,7,43,20
1254,1254,597333.3689,126306.674,599333.3689,124306.674,29,34,264,125,0,264,Adalia bipunctata,Xantholinus linearis,8,43,18.8674242424242
1255,1255,597333.3689,124306.674,599333.3689,122306.674,30,34,231,82,0,231,Agabus bipustulatus,Tetralaucopora longitarsis,7,43,18.6363636363636
1256,1256,597333.3689,122306.674,599333.3689,120306.674,31,34,8,3,0,8,Coccinella septempunctata,Oedemera nobilis,12,25,17.75
1257,1257,597333.3689,120306.674,599333.3689,118306.674,32,34,11,10,0,11,Gyrinus substriatus,Noterus clavicornis,16,22,18.5454545454545
1266,1266,599333.3689,174306.674,601333.3689,172306.674,5,35,,,,,,,,,
1267,1267,599333.3689,172306.674,601333.3689,170306.674,6,35,6,6,0,6,Coccinella undecimpunctata,Rhagonycha fulva,16,26,20.5
1268,1268,599333.3689,170306.674,601333.3689,168306.674,7,35,11,11,0,11,Agabus bipustulatus,Ilybius fuliginosus,16,26,19
1269,1269,599333.3689,168306.674,601333.3689,166306.674,8,35,6,6,0,6,Aleochara curtula,Sitona lineatus,14,24,17.3333333333333
1270,1270,599333.3689,166306.674,601333.3689,164306.674,9,35,1536,512,0,1536,Ablattaria laevigata,Zacladus geranii,6,44,19.3776041666667
1271,1271,599333.3689,164306.674,601333.3689,162306.674,10,35,586,331,0,586,Abax parallelepipedus,Xantholinus longiventris,11,44,19.3839590443686
1272,1272,599333.3689,162306.674,601333.3689,160306.674,11,35,635,316,0,635,Abax parallelepipedus,Xylocleptes bispinus,10,44,18.8850393700787
1273,1273,599333.3689,160306.674,601333.3689,158306.674,12,35,410,184,0,410,Adalia bipunctata,Zacladus exiguus,12,44,19.5292682926829
1274,1274,599333.3689,158306.674,601333.3689,156306.674,13,35,467,229,0,467,Abax parallelepipedus,Xylocleptes bispinus,10,37,19.3169164882227
1275,1275,599333.3689,156306.674,601333.3689,154306.674,14,35,13,12,0,13,Athous haemorrhoidalis,Rutpela maculata,14,29,19.1538461538462
1276,1276,599333.3689,154306.674,601333.3689,152306.674,15,35,1,1,0,1,Badister bullatus,Badister bullatus,17,17,17
1277,1277,599333.3689,152306.674,601333.3689,150306.674,16,35,4,4,0,4,Cicindela campestris,Ocypus nitens,13,20,17
1278,1278,599333.3689,150306.674,601333.3689,148306.674,17,35,7,7,0,7,Acrossus rufipes,Rhodaphodius foetens,16,24,20
1279,1279,599333.3689,148306.674,601333.3689,146306.674,18,35,8,8,0,8,Agrilinus ater,Pterostichus madidus,14,25,20.125
1280,1280,599333.3689,146306.674,601333.3689,144306.674,19,35,281,200,0,281,Acupalpus dubius,Xantholinus elegans,9,43,19.4092526690391
1281,1281,599333.3689,144306.674,601333.3689,142306.674,20,35,68,57,0,68,Abax parallelepipedus,Tatianaerhynchites aequatus,11,37,20.4705882352941
1282,1282,599333.3689,142306.674,601333.3689,140306.674,21,35,8,7,0,8,Abax parallelepipedus,Rhagonycha fulva,14,25,20.5
1283,1283,599333.3689,140306.674,601333.3689,138306.674,22,35,7,7,0,7,Adalia bipunctata,Rhagonycha fulva,14,30,20.7142857142857
1284,1284,599333.3689,138306.674,601333.3689,136306.674,23,35,5,5,0,5,Eutrichapion ervi,Rhagonycha fulva,16,26,19.6
1285,1285,599333.3689,136306.674,601333.3689,134306.674,24,35,116,88,0,116,Acilius canaliculatus,Zeugophora subspinosa,12,36,19.0603448275862
1286,1286,599333.3689,134306.674,601333.3689,132306.674,25,35,433,246,0,433,Abax parallelepipedus,Zeugophora subspinosa,6,33,18.3718244803695
1287,1287,599333.3689,132306.674,601333.3689,130306.674,26,35,107,70,0,107,Agabus bipustulatus,Tachyporus pusillus,6,43,19.588785046729
1288,1288,599333.3689,130306.674,601333.3689,128306.674,27,35,35,31,0,35,Agabus bipustulatus,Rhagonycha fulva,6,43,19.3714285714286
1289,1289,599333.3689,128306.674,601333.3689,126306.674,28,35,15,14,0,15,Anotylus sculpturatus,Tachyporus nitidulus,15,22,19.4666666666667
1290,1290,599333.3689,126306.674,601333.3689,124306.674,29,35,2,2,0,2,Agriotes pallidulus,Asaphidion stierlini,19,20,19.5
1291,1291,599333.3689,124306.674,601333.3689,122306.674,30,35,33,32,0,33,Aspidapion soror,Trechus quadristriatus,12,43,20.2121212121212
1292,1292,599333.3689,122306.674,601333.3689,120306.674,31,35,52,26,0,52,Agonum emarginatum,Stenus boops,8,43,19.0192307692308
1293,1293,599333.3689,120306.674,601333.3689,118306.674,32,35,,,,,,,,,
1294,1294,599333.3689,118306.674,601333.3689,116306.674,33,35,,,,,,,,,
1302,1302,601333.3689,174306.674,603333.3689,172306.674,5,36,,,,,,,,,
1303,1303,601333.3689,172306.674,603333.3689,170306.674,6,36,24,23,0,24,Agriotes lineatus,Tytthaspis sedecimpunctata,12,26,18.1666666666667
1304,1304,601333.3689,170306.674,603333.3689,168306.674,7,36,7,7,0,7,Amara similata,Pterostichus melanarius,14,30,19.5714285714286
1305,1305,601333.3689,168306.674,603333.3689,166306.674,8,36,6,6,0,6,Anchomenus dorsalis,Hippodamia variegata,11,30,21
1306,1306,601333.3689,166306.674,603333.3689,164306.674,9,36,16,16,0,16,Anotylus sculpturatus,Tytthaspis sedecimpunctata,14,29,19.1875
1307,1307,601333.3689,164306.674,603333.3689,162306.674,10,36,209,184,0,209,Abraeus perpusillus,Tytthaspis sedecimpunctata,11,37,19.4401913875598
1308,1308,601333.3689,162306.674,603333.3689,160306.674,11,36,141,111,0,141,Acilius sulcatus,Zacladus exiguus,12,43,19.113475177305
1309,1309,601333.3689,160306.674,603333.3689,158306.674,12,36,7,3,0,7,Anaspis lurida,Stegobium paniceum,14,18,14.5714285714286
1310,1310,601333.3689,158306.674,603333.3689,156306.674,13,36,17,16,0,17,Calodromius spilotus,Tachyporus hypnorum,14,29,19.4117647058824
1311,1311,601333.3689,156306.674,603333.3689,154306.674,14,36,67,52,0,67,Abax parallelepipedus,Typhaeus typhoeus,12,30,19.6865671641791
1312,1312,601333.3689,154306.674,603333.3689,152306.674,15,36,3,3,0,3,Geotrupidae,Oedemera nobilis,11,24,17
1313,1313,601333.3689,152306.674,603333.3689,150306.674,16,36,57,51,0,57,Agabus bipustulatus,Xantholinus longiventris,9,30,19.5614035087719
1314,1314,601333.3689,150306.674,603333.3689,148306.674,17,36,72,61,0,72,Abax parallelepipedus,Xantholinus linearis,9,28,19.7638888888889
1315,1315,601333.3689,148306.674,603333.3689,146306.674,18,36,6,5,0,6,Agrilinus ater,Melinopterus sphacelatus,11,25,19.3333333333333
1316,1316,601333.3689,146306.674,603333.3689,144306.674,19,36,6,6,0,6,Agrilinus ater,Rhagonycha fulva,14,24,19
1317,1317,601333.3689,144306.674,603333.3689,142306.674,20,36,115,95,0,115,Abax parallelepipedus,Typhaeus typhoeus,7,43,19.6173913043478
1318,1318,601333.3689,142306.674,603333.3689,140306.674,21,36,29,28,0,29,Amphimallon solstitiale,Tachyporus hypnorum,14,25,18.8620689655172
1319,1319,601333.3689,140306.674,603333.3689,138306.674,22,36,34,32,0,34,Acrossus rufipes,Trypodendron domesticum,11,24,18.8529411764706
1320,1320,601333.3689,138306.674,603333.3689,136306.674,23,36,5,5,0,5,Megalinus glabratus,Rhagonycha fulva,16,26,20.4
1321,1321,601333.3689,136306.674,603333.3689,134306.674,24,36,67,64,0,67,Agaricochara latissima,Thryogenes festucae,12,29,18.9850746268657
1322,1322,601333.3689,134306.674,603333.3689,132306.674,25,36,53,49,0,53,Agrilus laticornis,Tytthaspis sedecimpunctata,6,28,18.9245283018868
1323,1323,601333.3689,132306.674,603333.3689,130306.674,26,36,60,31,0,60,Acrossus luridus,Subcoccinella vigintiquattuorpunctata,14,43,20.8666666666667
1324,1324,601333.3689,130306.674,603333.3689,128306.674,27,36,4,4,0,4,Agonum emarginatum,Pterostichus strenuus,14,21,18.25
1325,1325,601333.3689,128306.674,603333.3689,126306.674,28,36,9,8,0,9,Demetrias atricapillus,Xestobium rufovillosum,16,22,19
1326,1326,601333.3689,126306.674,603333.3689,124306.674,29,36,,,,,,,,,
1327,1327,601333.3689,124306.674,603333.3689,122306.674,30,36,34,34,0,34,Agabus bipustulatus,Tanysphyrus lemnae,14,43,21.0882352941176
1328,1328,601333.3689,122306.674,603333.3689,120306.674,31,36,81,33,0,81,Agabus bipustulatus,Rhyzobius litura,11,29,18.3333333333333
1329,1329,601333.3689,120306.674,603333.3689,118306.674,32,36,459,244,0,459,Acilius sulcatus,Xantholinus linearis,10,43,19.1938997821351
1330,1330,601333.3689,118306.674,603333.3689,116306.674,33,36,1,1,0,1,Coccinella undecimpunctata,Coccinella undecimpunctata,26,26,26
1339,1339,603333.3689,172306.674,605333.3689,170306.674,6,37,,,,,,,,,
1340,1340,603333.3689,170306.674,605333.3689,168306.674,7,37,33,33,0,33,Aleochara bipustulata,Xantholinus linearis,15,28,18.8787878787879
1341,1341,603333.3689,168306.674,605333.3689,166306.674,8,37,22,22,0,22,Anthocomus rufus,Tytthaspis sedecimpunctata,12,26,19.7272727272727
1342,1342,603333.3689,166306.674,605333.3689,164306.674,9,37,69,63,0,69,Adrastus pallens,Xantholinus longiventris,11,29,19.8840579710145
1343,1343,603333.3689,164306.674,605333.3689,162306.674,10,37,118,106,0,118,Acrolocha sulcula,Tytthaspis sedecimpunctata,12,37,19.8983050847458
1344,1344,603333.3689,162306.674,605333.3689,160306.674,11,37,67,27,0,67,Adalia bipunctata,Tytthaspis sedecimpunctata,13,37,19.7313432835821
1345,1345,603333.3689,160306.674,605333.3689,158306.674,12,37,8,6,0,8,Aleochara cuniculorum,Nossidium pilosellum,14,21,17.375
1346,1346,603333.3689,158306.674,605333.3689,156306.674,13,37,48,43,0,48,Acrossus rufipes,Soronia grisea,12,25,17.9791666666667
1347,1347,603333.3689,156306.674,605333.3689,154306.674,14,37,156,94,0,156,Acalles misellus,Tachyporus obtusus,8,31,18.2371794871795
1348,1348,603333.3689,154306.674,605333.3689,152306.674,15,37,388,208,0,388,Abax parallelepipedus,Xantholinus linearis,10,31,19.5953608247423
1349,1349,603333.3689,152306.674,605333.3689,150306.674,16,37,88,62,0,88,Abax parallelus,Volinus sticticus,12,26,19.0227272727273
1350,1350,603333.3689,150306.674,605333.3689,148306.674,17,37,10,10,0,10,Aphthona euphorbiae,Typhaeus typhoeus,15,25,18.7
1351,1351,603333.3689,148306.674,605333.3689,146306.674,18,37,23,21,0,23,Agabus didymus,Rhagonycha fulva,11,43,19.2173913043478
1352,1352,603333.3689,146306.674,605333.3689,144306.674,19,37,40,38,0,40,Agabus sturmii,Tachinus subterraneus,11,26,18.075
1353,1353,603333.3689,144306.674,605333.3689,142306.674,20,37,70,68,0,70,Acrolocha sulcula,Uleiota planatus,11,30,17.9142857142857
1354,1354,603333.3689,142306.674,605333.3689,140306.674,21,37,27,27,0,27,Anaspis regimbarti,Tachyerges stigma,11,30,20.4814814814815
1355,1355,603333.3689,140306.674,605333.3689,138306.674,22,37,5,5,0,5,Haliplus lineatocollis,Tychius picirostris,19,22,20.4
1356,1356,603333.3689,138306.674,605333.3689,136306.674,23,37,10,10,0,10,Coccinella septempunctata,Pterostichus macer,18,25,20
1357,1357,603333.3689,136306.674,605333.3689,134306.674,24,37,55,46,0,55,Agabus bipustulatus,Stilbus testaceus,6,43,17.6
1358,1358,603333.3689,134306.674,605333.3689,132306.674,25,37,29,18,0,29,Graptodytes pictus,Stictotarsus duodecimpustulatus,7,43,19.448275862069
1359,1359,603333.3689,132306.674,605333.3689,130306.674,26,37,,,,,,,,,
1360,1360,603333.3689,130306.674,605333.3689,128306.674,27,37,,,,,,,,,
1361,1361,603333.3689,128306.674,605333.3689,126306.674,28,37,6,6,0,6,Amara similata,Oulema duftschmidi/melanopus,14,28,20.5
1362,1362,603333.3689,126306.674,605333.3689,124306.674,29,37,21,19,0,21,Agabus bipustulatus,Trechus quadristriatus,14,26,19.3333333333333
1363,1363,603333.3689,124306.674,605333.3689,122306.674,30,37,21,11,0,21,Cymbiodyta marginella,Porhydrus lineatus,16,26,19.7142857142857
1364,1364,603333.3689,122306.674,605333.3689,120306.674,31,37,8,6,0,8,Coccinella septempunctata,Tachyporus nitidulus,16,25,20.625
1365,1365,603333.3689,120306.674,605333.3689,118306.674,32,37,157,118,0,157,Agabus conspersus,Xantholinus longiventris,9,43,19.2229299363057
1366,1366,603333.3689,118306.674,605333.3689,116306.674,33,37,207,115,0,207,Acrotona benicki,Tytthaspis sedecimpunctata,11,43,19.6859903381643
1377,1377,605333.3689,168306.674,607333.3689,166306.674,8,38,22,22,0,22,Anotylus inustus,Tytthaspis sedecimpunctata,14,31,20.9545454545455
1378,1378,605333.3689,166306.674,607333.3689,164306.674,9,38,200,159,0,200,Adalia decempunctata,Xantholinus longiventris,11,37,19.575
1379,1379,605333.3689,164306.674,607333.3689,162306.674,10,38,34,30,0,34,Acrolocha sulcula,Tytthaspis sedecimpunctata,14,30,19.8529411764706
1380,1380,605333.3689,162306.674,607333.3689,160306.674,11,38,59,42,0,59,Amara familiaris,Tytthaspis sedecimpunctata,14,37,20.0338983050847
1381,1381,605333.3689,160306.674,607333.3689,158306.674,12,38,165,109,0,165,Acalles misellus,Xantholinus linearis,10,33,19.5212121212121
1382,1382,605333.3689,158306.674,607333.3689,156306.674,13,38,74,46,0,74,Altica palustris,Vincenzellus ruficollis,14,28,19.527027027027
1383,1383,605333.3689,156306.674,607333.3689,154306.674,14,38,5,5,0,5,Cryptophagus scanicus,Tachyporus hypnorum,16,24,20.4
1384,1384,605333.3689,154306.674,607333.3689,152306.674,15,38,180,164,0,180,Agonum gracile,Xantholinus linearis,11,33,19.2166666666667
1385,1385,605333.3689,152306.674,607333.3689,150306.674,16,38,95,70,0,95,Abax parallelepipedus,Tritoma bipustulata,11,43,19.7789473684211
1386,1386,605333.3689,150306.674,607333.3689,148306.674,17,38,32,32,0,32,Agabus didymus,Tachyporus pallidus,7,25,18.25
1387,1387,605333.3689,148306.674,607333.3689,146306.674,18,38,56,53,0,56,Acupalpus meridianus,Xantholinus longiventris,11,25,19.2321428571429
1388,1388,605333.3689,146306.674,607333.3689,144306.674,19,38,69,66,0,69,Abax parallelepipedus,Volinus sticticus,13,37,19.6231884057971
1389,1389,605333.3689,144306.674,607333.3689,142306.674,20,38,43,39,0,43,Agabus bipustulatus,Stenus similis,13,43,19.953488372093
1390,1390,605333.3689,142306.674,607333.3689,140306.674,21,38,119,103,0,119,Abax parallelepipedus,Xestobium rufovillosum,11,30,19.6218487394958
1391,1391,605333.3689,140306.674,607333.3689,138306.674,22,38,5,5,0,5,Cantharis nigricans,Tachys bistriatus,17,25,19.8
1392,1392,605333.3689,138306.674,607333.3689,136306.674,23,38,10,10,0,10,Altica lythri,Rhagonycha fulva,13,22,17.4
1393,1393,605333.3689,136306.674,607333.3689,134306.674,24,38,95,20,0,95,Abax parallelepipedus,Rhagonycha fulva,6,30,18.6631578947368
1394,1394,605333.3689,134306.674,607333.3689,132306.674,25,38,30,25,0,30,Amara similata,Rhagonycha fulva,14,43,19.6333333333333
1395,1395,605333.3689,132306.674,607333.3689,130306.674,26,38,22,12,0,22,Anacaena limbata,Rhagonycha fulva,15,43,20.0909090909091
1396,1396,605333.3689,130306.674,607333.3689,128306.674,27,38,1,1,0,1,Gyrinus substriatus,Gyrinus substriatus,19,19,19
1397,1397,605333.3689,128306.674,607333.3689,126306.674,28,38,2,2,0,2,Laccophilus minutus,Limnoxenus niger,16,19,17.5
1398,1398,605333.3689,126306.674,607333.3689,124306.674,29,38,31,31,0,31,Agabus bipustulatus,Syntomus foveatus,11,43,18.6774193548387
1399,1399,605333.3689,124306.674,607333.3689,122306.674,30,38,24,24,0,24,Amara convexior,Tachyporus hypnorum,15,26,19.9583333333333
1400,1400,605333.3689,122306.674,607333.3689,120306.674,31,38,364,169,0,364,Acupalpus dubius,Tytthaspis sedecimpunctata,11,43,19.032967032967
1401,1401,605333.3689,120306.674,607333.3689,118306.674,32,38,2187,596,0,2187,Ablattaria laevigata,Xantholinus longiventris,6,43,18.6241426611797
1402,1402,605333.3689,118306.674,607333.3689,116306.674,33,38,255,146,0,255,Acalles misellus,Taeniapion urticarium,7,43,19.3607843137255
1414,1414,607333.3689,166306.674,609333.3689,164306.674,9,39,214,173,0,214,Achenium depressum,Xantholinus longiventris,10,43,19.1121495327103
1415,1415,607333.3689,164306.674,609333.3689,162306.674,10,39,53,39,0,53,Agabus bipustulatus,Tytthaspis sedecimpunctata,12,30,18.9622641509434
1416,1416,607333.3689,162306.674,609333.3689,160306.674,11,39,112,86,0,112,Abax parallelepipedus,Xantholinus linearis,12,31,19.2767857142857
1417,1417,607333.3689,160306.674,609333.3689,158306.674,12,39,215,127,0,215,Agabus bipustulatus,Xantholinus longiventris,10,30,19.0790697674419
1418,1418,607333.3689,158306.674,609333.3689,156306.674,13,39,210,103,0,210,Abax parallelepipedus,Vincenzellus ruficollis,10,31,19.8380952380952
1419,1419,607333.3689,156306.674,609333.3689,154306.674,14,39,83,82,0,83,Acupalpus dubius,Teuchestes fossor,11,30,19.2530120481928
1420,1420,607333.3689,154306.674,609333.3689,152306.674,15,39,349,249,0,349,Abax parallelepipedus,Xantholinus linearis,11,44,19.3381088825215
1421,1421,607333.3689,152306.674,609333.3689,150306.674,16,39,107,90,0,107,Agrilinus ater,Xantholinus linearis,12,30,19.0467289719626
1422,1422,607333.3689,150306.674,609333.3689,148306.674,17,39,64,62,0,64,Agriotes obscurus,Triplax russica,13,39,19.28125
1423,1423,607333.3689,148306.674,609333.3689,146306.674,18,39,13,10,0,13,Brachypterus glaber,Timarcha goettingensis,15,25,19.9230769230769
1424,1424,607333.3689,146306.674,609333.3689,144306.674,19,39,61,52,0,61,Acrossus luridus,Volinus sticticus,9,37,20.4262295081967
1425,1425,607333.3689,144306.674,609333.3689,142306.674,20,39,10,8,0,10,Agrilinus ater,Trechus quadristriatus,14,28,22
1426,1426,607333.3689,142306.674,609333.3689,140306.674,21,39,6,5,0,6,Agrilinus ater,Onthophagus coenobita,14,24,19.8333333333333
1427,1427,607333.3689,140306.674,609333.3689,138306.674,22,39,20,19,0,20,Astenus lyonessius,Xantholinus linearis,14,25,18.55
1428,1428,607333.3689,138306.674,609333.3689,136306.674,23,39,2,2,0,2,Oedemera nobilis,Rhagonycha fulva,16,16,16
1429,1429,607333.3689,136306.674,609333.3689,134306.674,24,39,12,12,0,12,Cantharis decipiens,Prasocuris,6,25,17.75
1430,1430,607333.3689,134306.674,609333.3689,132306.674,25,39,33,33,0,33,Agabus bipustulatus,Prasocuris phellandrii,12,43,19.969696969697
1431,1431,607333.3689,132306.674,609333.3689,130306.674,26,39,32,17,0,32,Agabus bipustulatus,Noterus clavicornis,12,26,18.3125
1432,1432,607333.3689,130306.674,609333.3689,128306.674,27,39,8,8,0,8,Enochrus halophilus,Ochthebius minimus,15,23,19.375
1433,1433,607333.3689,128306.674,609333.3689,126306.674,28,39,107,75,0,107,Adalia decempunctata,Xantholinus longiventris,11,37,20.0373831775701
1434,1434,607333.3689,126306.674,609333.3689,124306.674,29,39,147,78,0,147,Adalia,Tytthaspis sedecimpunctata,6,44,20.3265306122449
1435,1435,607333.3689,124306.674,609333.3689,122306.674,30,39,2,2,0,2,Coccinella septempunctata,Corylophus cassidoides,22,25,23.5
1436,1436,607333.3689,122306.674,609333.3689,120306.674,31,39,116,64,0,116,Acupalpus dubius,Trechus quadristriatus,11,43,18.6293103448276
1437,1437,607333.3689,120306.674,609333.3689,118306.674,32,39,695,321,0,695,Acrotona exigua,Xantholinus linearis,11,43,18.9294964028777
1438,1438,607333.3689,118306.674,609333.3689,116306.674,33,39,531,276,0,531,Ablattaria laevigata,Tytthaspis sedecimpunctata,11,43,19.3747645951036
1449,1449,609333.3689,168306.674,611333.3689,166306.674,8,40,32,23,0,32,Aphthona euphorbiae,Trechus quadristriatus,12,22,17.15625
1450,1450,609333.3689,166306.674,611333.3689,164306.674,9,40,36,11,0,36,Adalia bipunctata,Rhagonycha fulva,12,25,15.2222222222222
1451,1451,609333.3689,164306.674,611333.3689,162306.674,10,40,147,89,0,147,Acalles misellus,Triplax russica,12,30,19.0748299319728
1452,1452,609333.3689,162306.674,611333.3689,160306.674,11,40,166,96,0,166,Abax parallelepipedus,Thanasimus formicarius,12,37,19.6867469879518
1453,1453,609333.3689,160306.674,611333.3689,158306.674,12,40,159,97,0,159,Abax parallelepipedus,Xantholinus longiventris,12,30,19.5220125786164
1454,1454,609333.3689,158306.674,611333.3689,156306.674,13,40,209,136,0,209,Acrotona aterrima,Tytthaspis sedecimpunctata,10,30,19.4688995215311
1455,1455,609333.3689,156306.674,611333.3689,154306.674,14,40,36,35,0,36,Agabus didymus,Rhagonycha fulva,11,43,19.2777777777778
1456,1456,609333.3689,154306.674,611333.3689,152306.674,15,40,391,189,0,391,Abax parallelepipedus,Zabrus tenebrioides,12,44,19.3478260869565
1457,1457,609333.3689,152306.674,611333.3689,150306.674,16,40,137,84,0,137,Acrossus rufipes,Typhaeus typhoeus,7,29,19.4087591240876
1458,1458,609333.3689,150306.674,611333.3689,148306.674,17,40,19,19,0,19,Badister bullatus,Stenus ochropus,10,30,19.3157894736842
1459,1459,609333.3689,148306.674,611333.3689,146306.674,18,40,22,22,0,22,Agriotes pallidulus,Stenus cicindeloides,15,30,19.7727272727273
1460,1460,609333.3689,146306.674,611333.3689,144306.674,19,40,35,35,0,35,Agriotes acuminatus,Tachyporus obtusus,14,24,19.2285714285714
1461,1461,609333.3689,144306.674,611333.3689,142306.674,20,40,4,2,0,4,Coccinella septempunctata,Pyrochroa serraticornis,23,25,24
1462,1462,609333.3689,142306.674,611333.3689,140306.674,21,40,12,11,0,12,Adalia decempunctata,Stephostethus lardarius,14,26,20.25
1463,1463,609333.3689,140306.674,611333.3689,138306.674,22,40,145,122,0,145,Acupalpus dubius,Xantholinus linearis,12,43,18.9172413793103
1464,1464,609333.3689,138306.674,611333.3689,136306.674,23,40,6,6,0,6,Cassida rubiginosa,Rhagonycha fulva,16,25,18
1465,1465,609333.3689,136306.674,611333.3689,134306.674,24,40,116,110,0,116,Acrotrichis fascicularis,Tytthaspis sedecimpunctata,12,41,19.5344827586207
1466,1466,609333.3689,134306.674,611333.3689,132306.674,25,40,5,5,0,5,Coccinella septempunctata,Harpalus rufipes,16,25,20.4
1467,1467,609333.3689,132306.674,611333.3689,130306.674,26,40,4,4,0,4,Agabus bipustulatus,Rhantus suturalis,12,19,15.5
1468,1468,609333.3689,130306.674,611333.3689,128306.674,27,40,,,,,,,,,
1469,1469,609333.3689,128306.674,611333.3689,126306.674,28,40,,,,,,,,,
1473,1473,609333.3689,120306.674,611333.3689,118306.674,32,40,,,,,,,,,
1474,1474,609333.3689,118306.674,611333.3689,116306.674,33,40,5,5,0,5,Amara lucida,Orthochaetes insignis,12,22,19
1485,1485,611333.3689,168306.674,613333.3689,166306.674,8,41,25,9,0,25,Bembidion minimum,Sitona suturalis,14,25,15.52
1486,1486,611333.3689,166306.674,613333.3689,164306.674,9,41,40,38,0,40,Acupalpus dubius,Tytthaspis sedecimpunctata,11,33,19.325
1487,1487,611333.3689,164306.674,613333.3689,162306.674,10,41,120,70,0,120,Agriotes acuminatus,Trixagus dermestoides,10,43,19.525
1488,1488,611333.3689,162306.674,613333.3689,160306.674,11,41,315,228,0,315,Abax parallelepipedus,Zeugophora subspinosa,9,37,19.0888888888889
1489,1489,611333.3689,160306.674,613333.3689,158306.674,12,41,208,112,0,208,Abax parallelepipedus,Xantholinus longiventris,12,44,19.4326923076923
1490,1490,611333.3689,158306.674,613333.3689,156306.674,13,41,108,63,0,108,Acilius sulcatus,Xantholinus longiventris,10,43,18.7962962962963
1491,1491,611333.3689,156306.674,613333.3689,154306.674,14,41,71,64,0,71,Abax parallelepipedus,Xyleborinus saxesenii,10,33,18.7464788732394
1492,1492,611333.3689,154306.674,613333.3689,152306.674,15,41,9,9,0,9,Amischa analis,Tachyporus hypnorum,14,26,19.6666666666667
1493,1493,611333.3689,152306.674,613333.3689,150306.674,16,41,31,27,0,31,Abraeus perpusillus,Tytthaspis sedecimpunctata,13,33,20.8387096774194
1494,1494,611333.3689,150306.674,613333.3689,148306.674,17,41,11,10,0,11,Calvia quattuordecimguttata,Tytthaspis sedecimpunctata,16,27,20.6363636363636
1495,1495,611333.3689,148306.674,613333.3689,146306.674,18,41,198,127,0,198,Abax parallelepipedus,Xylocleptes bispinus,11,39,19.4393939393939
1496,1496,611333.3689,146306.674,613333.3689,144306.674,19,41,79,49,0,79,Abax parallelepipedus,Volinus sticticus,13,30,19.8481012658228
1497,1497,611333.3689,144306.674,613333.3689,142306.674,20,41,44,44,0,44,Adalia decempunctata,Tachyporus solutus,14,30,19.4090909090909
1498,1498,611333.3689,142306.674,613333.3689,140306.674,21,41,29,29,0,29,Abax parallelepipedus,Tachyporus solutus,12,28,19.2068965517241
1499,1499,611333.3689,140306.674,613333.3689,138306.674,22,41,107,86,0,107,Abax parallelepipedus,Xantholinus linearis,12,30,19.4672897196262
1500,1500,611333.3689,138306.674,613333.3689,136306.674,23,41,9,8,0,9,Cionus alauda,Strophosoma melanogrammum,13,25,18.5555555555556
1501,1501,611333.3689,136306.674,613333.3689,134306.674,24,41,84,64,0,84,Acrotona troglodytes,Tachyporus hypnorum,12,25,18.6428571428571
1502,1502,611333.3689,134306.674,613333.3689,132306.674,25,41,352,202,0,352,Acrotrichis atomaria,Xantholinus longiventris,10,44,19.8892045454545
1503,1503,611333.3689,132306.674,613333.3689,130306.674,26,41,,,,,,,,,
1521,1521,613333.3689,168306.674,615333.3689,166306.674,8,42,17,16,0,17,Achenium depressum,Teropalpus unicolor,14,22,17.7058823529412
1522,1522,613333.3689,166306.674,615333.3689,164306.674,9,42,161,117,0,161,Acalles ptinoides,Zeugophora subspinosa,12,30,18.8757763975155
1523,1523,613333.3689,164306.674,615333.3689,162306.674,10,42,347,158,0,347,Acalles ptinoides,Xantholinus longiventris,12,43,19.2536023054755
1524,1524,613333.3689,162306.674,615333.3689,160306.674,11,42,153,130,0,153,Acalles misellus,Typhaea stercorea,12,37,19.5490196078431
1525,1525,613333.3689,160306.674,615333.3689,158306.674,12,42,226,143,0,226,Adalia bipunctata,Typhaea stercorea,11,43,19.3141592920354
1526,1526,613333.3689,158306.674,615333.3689,156306.674,13,42,57,30,0,57,Adalia bipunctata,Tytthaspis sedecimpunctata,11,30,19.2105263157895
1527,1527,613333.3689,156306.674,615333.3689,154306.674,14,42,9,6,0,9,Agonum gracile,Stenus aceris,13,22,16.8888888888889
1528,1528,613333.3689,154306.674,615333.3689,152306.674,15,42,46,43,0,46,Aleochara bipustulata,Xantholinus linearis,11,30,19.7391304347826
1529,1529,613333.3689,152306.674,615333.3689,150306.674,16,42,5,5,0,5,Adalia decempunctata,Rhagonycha fulva,16,25,19.8
1530,1530,613333.3689,150306.674,615333.3689,148306.674,17,42,8,7,0,8,Bembidion lampros,Propylea quattuordecimpunctata,7,30,18.125
1531,1531,613333.3689,148306.674,615333.3689,146306.674,18,42,101,67,0,101,Adalia decempunctata,Tytthaspis sedecimpunctata,10,30,19.4950495049505
1532,1532,613333.3689,146306.674,615333.3689,144306.674,19,42,144,90,0,144,Adalia decempunctata,Xantholinus longiventris,12,30,19.4652777777778
1533,1533,613333.3689,144306.674,615333.3689,142306.674,20,42,51,43,0,51,Adalia decempunctata,Tachyporus obtusus,13,36,21.1176470588235
1534,1534,613333.3689,142306.674,615333.3689,140306.674,21,42,3,3,0,3,Adalia bipunctata,Liparus germanus,16,25,19.3333333333333
1535,1535,613333.3689,140306.674,615333.3689,138306.674,22,42,26,17,0,26,Abax parallelepipedus,Tytthaspis sedecimpunctata,14,37,22
1536,1536,613333.3689,138306.674,615333.3689,136306.674,23,42,66,44,0,66,Acalles misellus,Zeugophora subspinosa,12,30,19.2121212121212
1537,1537,613333.3689,136306.674,615333.3689,134306.674,24,42,423,273,0,423,Abax parallelepipedus,Xyleborinus saxesenii,6,37,18.2765957446809
1538,1538,613333.3689,134306.674,615333.3689,132306.674,25,42,45,42,0,45,Adalia decempunctata,Trichosirocalus troglodytes,12,43,19.1555555555556
1556,1556,615333.3689,170306.674,617333.3689,168306.674,7,43,,,,,,,,,
1557,1557,615333.3689,168306.674,617333.3689,166306.674,8,43,3,3,0,3,Adalia bipunctata,Scaphidium quadrimaculatum,14,26,19
1558,1558,615333.3689,166306.674,617333.3689,164306.674,9,43,58,57,0,58,Acalles misellus,Tytthaspis sedecimpunctata,14,29,19.448275862069
1559,1559,615333.3689,164306.674,617333.3689,162306.674,10,43,28,22,0,28,Cassida rubiginosa,Tytthaspis sedecimpunctata,13,29,19.6428571428571
1560,1560,615333.3689,162306.674,617333.3689,160306.674,11,43,20,20,0,20,Acupalpus dubius,Rhagium mordax,14,25,18.4
1561,1561,615333.3689,160306.674,617333.3689,158306.674,12,43,553,286,0,553,Adalia bipunctata,Typhaea stercorea,6,43,19.4755877034358
1562,1562,615333.3689,158306.674,617333.3689,156306.674,13,43,57,53,0,57,Altica palustris,Xantholinus longiventris,12,29,18.4035087719298
1563,1563,615333.3689,156306.674,617333.3689,154306.674,14,43,91,82,0,91,Adalia bipunctata,Xylocleptes bispinus,12,30,19.0879120879121
1564,1564,615333.3689,154306.674,617333.3689,152306.674,15,43,21,19,0,21,Altica palustris,Tychius picirostris,14,30,20.952380952381
1565,1565,615333.3689,152306.674,617333.3689,150306.674,16,43,8,6,0,8,Coccinella septempunctata,Stenurella melanura,12,26,19.875
1566,1566,615333.3689,150306.674,617333.3689,148306.674,17,43,27,25,0,27,Abax parallelepipedus,Tatianaerhynchites aequatus,13,30,20.3333333333333
1567,1567,615333.3689,148306.674,617333.3689,146306.674,18,43,40,27,0,40,Andrion regensteinense,Tytthaspis sedecimpunctata,14,30,20.1
1568,1568,615333.3689,146306.674,617333.3689,144306.674,19,43,83,57,0,83,Acrossus rufipes,Trixagus dermestoides,11,30,20.0602409638554
1569,1569,615333.3689,144306.674,617333.3689,142306.674,20,43,10,10,0,10,Agabus biguttatus,Rhagonycha fulva,14,27,18.9
1570,1570,615333.3689,142306.674,617333.3689,140306.674,21,43,41,40,0,41,Adalia bipunctata,Trichiusa immigrata,14,30,19.390243902439
1571,1571,615333.3689,140306.674,617333.3689,138306.674,22,43,50,50,0,50,Aloconota gregaria,Trechus quadristriatus,12,30,18.2
1572,1572,615333.3689,138306.674,617333.3689,136306.674,23,43,37,34,0,37,Agapanthia cardui,Volinus sticticus,6,25,17.4594594594595
1573,1573,615333.3689,136306.674,617333.3689,134306.674,24,43,41,40,0,41,Acrotrichis fascicularis,Trechus quadristriatus,6,43,19.3170731707317
1574,1574,615333.3689,134306.674,617333.3689,132306.674,25,43,,,,,,,,,
1592,1592,617333.3689,170306.674,619333.3689,168306.674,7,44,,,,,,,,,
1593,1593,617333.3689,168306.674,619333.3689,166306.674,8,44,15,15,0,15,Aspidapion radiolus,Rhagonycha fulva,12,43,19.4
1594,1594,617333.3689,166306.674,619333.3689,164306.674,9,44,139,88,0,139,Abax parallelepipedus,Vanonus brevicornis,6,30,18.3812949640288
1595,1595,617333.3689,164306.674,619333.3689,162306.674,10,44,47,47,0,47,Agrypnus murinus,Trixagus dermestoides,13,30,19.3404255319149
1596,1596,617333.3689,162306.674,619333.3689,160306.674,11,44,201,170,0,201,Acupalpus dubius,Tytthaspis sedecimpunctata,11,37,19.4427860696517
1597,1597,617333.3689,160306.674,619333.3689,158306.674,12,44,184,150,0,184,Abraeus perpusillus,Xantholinus longiventris,11,33,18.8695652173913
1598,1598,617333.3689,158306.674,619333.3689,156306.674,13,44,26,24,0,26,Adrastus pallens,Strophosoma melanogrammum,15,26,20.2307692307692
1599,1599,617333.3689,156306.674,619333.3689,154306.674,14,44,25,8,0,25,Agabus didymus,Rugilus orbiculatus,14,22,15.32
1600,1600,617333.3689,154306.674,619333.3689,152306.674,15,44,10,6,0,10,Anchomenus dorsalis,Nebria brevicollis,14,25,16.8
1601,1601,617333.3689,152306.674,619333.3689,150306.674,16,44,14,14,0,14,Cartodere bifasciata,Rutpela maculata,16,25,19.2142857142857
1602,1602,617333.3689,150306.674,619333.3689,148306.674,17,44,109,63,0,109,Agriotes acuminatus,Volinus sticticus,13,30,19.697247706422
1603,1603,617333.3689,148306.674,619333.3689,146306.674,18,44,17,17,0,17,Batophila rubi,Rhagonycha fulva,14,27,20.2352941176471
1604,1604,617333.3689,146306.674,619333.3689,144306.674,19,44,26,25,0,26,Abax parallelepipedus,Tachyporus pallidus,11,26,18.8846153846154
1605,1605,617333.3689,144306.674,619333.3689,142306.674,20,44,11,10,0,11,Abax parallelepipedus,Rhagonycha fulva,16,22,19.2727272727273
1606,1606,617333.3689,142306.674,619333.3689,140306.674,21,44,14,11,0,14,Anaspis maculata,Rhagonycha fulva,16,25,20.2857142857143
1607,1607,617333.3689,140306.674,619333.3689,138306.674,22,44,32,29,0,32,Altica lythri,Tasgius melanarius,13,30,19.125
1608,1608,617333.3689,138306.674,619333.3689,136306.674,23,44,152,122,0,152,Agabus bipustulatus,Volinus sticticus,6,37,18.0394736842105
1609,1609,617333.3689,136306.674,619333.3689,134306.674,24,44,11,11,0,11,Aspidapion radiolus,Rhagonycha fulva,9,25,18.3636363636364
1628,1628,619333.3689,170306.674,621333.3689,168306.674,7,45,70,60,0,70,Adalia bipunctata,Tytthaspis sedecimpunctata,11,30,19.4428571428571
1629,1629,619333.3689,168306.674,621333.3689,166306.674,8,45,10,10,0,10,Adalia decempunctata,Rhyzobius litura,14,30,19.8
1630,1630,619333.3689,166306.674,621333.3689,164306.674,9,45,38,34,0,38,Abax parallelepipedus,Triplax lacordairii,14,30,19.4210526315789
1631,1631,619333.3689,164306.674,621333.3689,162306.674,10,45,58,58,0,58,Acrotona aterrima,Xantholinus linearis,11,37,18.8620689655172
1632,1632,619333.3689,162306.674,621333.3689,160306.674,11,45,242,174,0,242,Acupalpus dubius,Tytthaspis sedecimpunctata,11,32,19.3305785123967
1633,1633,619333.3689,160306.674,621333.3689,158306.674,12,45,68,60,0,68,Amara aenea,Xantholinus longiventris,11,29,19.3823529411765
1634,1634,619333.3689,158306.674,621333.3689,156306.674,13,45,50,31,0,50,Anotylus rugosus,Tachyporus solutus,11,43,18.78
1635,1635,619333.3689,156306.674,621333.3689,154306.674,14,45,6,1,0,6,Lucanus cervus,Lucanus cervus,14,14,14
1636,1636,619333.3689,154306.674,621333.3689,152306.674,15,45,41,36,0,41,Anisotoma humeralis,Vincenzellus ruficollis,10,29,19
1637,1637,619333.3689,152306.674,621333.3689,150306.674,16,45,12,11,0,12,Adalia decempunctata,Rhagonycha fulva,14,29,19.8333333333333
1638,1638,619333.3689,150306.674,621333.3689,148306.674,17,45,159,122,0,159,Acalles misellus,Variimorda villosa,11,28,19.1446540880503
1639,1639,619333.3689,148306.674,621333.3689,146306.674,18,45,6,6,0,6,Clytus arietis,Rhagonycha fulva,14,25,17.1666666666667
1640,1640,619333.3689,146306.674,621333.3689,144306.674,19,45,81,42,0,81,Abax parallelepipedus,Volinus sticticus,14,30,19.8395061728395
1641,1641,619333.3689,144306.674,621333.3689,142306.674,20,45,2,2,0,2,Meligethes aeneus,Rhagonycha fulva,16,17,16.5
1642,1642,619333.3689,142306.674,621333.3689,140306.674,21,45,210,33,0,210,Adalia bipunctata,Tytthaspis sedecimpunctata,11,30,22.352380952381
1643,1643,619333.3689,140306.674,621333.3689,138306.674,22,45,33,23,0,33,Acrossus rufipes,Tatianaerhynchites aequatus,13,37,21.4242424242424
1644,1644,619333.3689,138306.674,621333.3689,136306.674,23,45,207,135,0,207,Abax parallelepipedus,Xantholinus linearis,6,37,19.0096618357488
1645,1645,619333.3689,136306.674,621333.3689,134306.674,24,45,4,4,0,4,Omalium rivulare,Sitona lineatus,15,23,18.5
1664,1664,621333.3689,170306.674,623333.3689,168306.674,7,46,35,32,0,35,Agabus sturmii,Tasgius ater,12,30,19
1665,1665,621333.3689,168306.674,623333.3689,166306.674,8,46,70,70,0,70,Agabus sturmii,Tachyporus solutus,14,43,19.2857142857143
1666,1666,621333.3689,166306.674,623333.3689,164306.674,9,46,64,61,0,64,Agabus didymus,Trechus quadristriatus,11,33,19.03125
1667,1667,621333.3689,164306.674,623333.3689,162306.674,10,46,277,185,0,277,Adalia bipunctata,Tytthaspis sedecimpunctata,11,43,19.5920577617329
1668,1668,621333.3689,162306.674,623333.3689,160306.674,11,46,657,330,0,657,Acrossus rufipes,Xantholinus longiventris,11,43,19.0121765601218
1669,1669,621333.3689,160306.674,623333.3689,158306.674,12,46,130,95,0,130,Agabus didymus,Telmatophilus typhae,10,32,18.3384615384615
1670,1670,621333.3689,158306.674,623333.3689,156306.674,13,46,7,6,0,7,Anchomenus dorsalis,Podagrica fuscicornis,17,25,19.8571428571429
1671,1671,621333.3689,156306.674,623333.3689,154306.674,14,46,38,38,0,38,Aloconota gregaria,Xantholinus linearis,14,29,18.6578947368421
1672,1672,621333.3689,154306.674,623333.3689,152306.674,15,46,27,25,0,27,Amischa analis,Xylodromus concinnus,14,28,18.4444444444444
1673,1673,621333.3689,152306.674,623333.3689,150306.674,16,46,38,37,0,38,Adalia decempunctata,Tytthaspis sedecimpunctata,14,29,19.5526315789474
1674,1674,621333.3689,150306.674,623333.3689,148306.674,17,46,3,2,0,3,Coccinella septempunctata,Rhagonycha fulva,16,25,22
1675,1675,621333.3689,148306.674,623333.3689,146306.674,18,46,1,1,0,1,Rhagonycha fulva,Rhagonycha fulva,16,16,16
1676,1676,621333.3689,146306.674,623333.3689,144306.674,19,46,,,,,,,,,
1677,1677,621333.3689,144306.674,623333.3689,142306.674,20,46,17,17,0,17,Anotylus inustus,Trichosirocalus troglodytes,15,27,20
1678,1678,621333.3689,142306.674,623333.3689,140306.674,21,46,42,29,0,42,Abax parallelepipedus,Tachyporus hypnorum,14,27,21.1904761904762
1679,1679,621333.3689,140306.674,623333.3689,138306.674,22,46,66,46,0,66,Anaspis maculata,Tachyporus pallidus,11,30,18.8333333333333
1680,1680,621333.3689,138306.674,623333.3689,136306.674,23,46,381,170,0,381,Abax parallelepipedus,Tychius picirostris,6,33,18.8713910761155
1681,1681,621333.3689,136306.674,623333.3689,134306.674,24,46,5,4,0,5,Cafius xantholoma,Sitona lineatus,8,20,16
1700,1700,623333.3689,170306.674,625333.3689,168306.674,7,47,41,37,0,41,Aloconota gregaria,Trichosirocalus troglodytes,12,37,20.1219512195122
1701,1701,623333.3689,168306.674,625333.3689,166306.674,8,47,2,2,0,2,Amara ovata,Haliplus ruficollis,11,19,15
1702,1702,623333.3689,166306.674,625333.3689,164306.674,9,47,36,34,0,36,Agapanthia villosoviridescens,Tachyporus hypnorum,12,37,19.9166666666667
1703,1703,623333.3689,164306.674,625333.3689,162306.674,10,47,223,189,0,223,Acupalpus dubius,Trichiusa immigrata,11,43,19.3004484304933
1704,1704,623333.3689,162306.674,625333.3689,160306.674,11,47,127,117,0,127,Agabus bipustulatus,Xantholinus linearis,11,43,19.007874015748
1705,1705,623333.3689,160306.674,625333.3689,158306.674,12,47,9,9,0,9,Ceratapion carduorum,Sermylassa halensis,14,25,18.2222222222222
1706,1706,623333.3689,158306.674,625333.3689,156306.674,13,47,3,3,0,3,Carabus violaceus,Pterostichus madidus,17,20,19
1707,1707,623333.3689,156306.674,625333.3689,154306.674,14,47,6,6,0,6,Coccinella septempunctata,Tytthaspis sedecimpunctata,18,26,21.5
1708,1708,623333.3689,154306.674,625333.3689,152306.674,15,47,4,4,0,4,Coccinella septempunctata,Rhagonycha fulva,16,29,22.25
1709,1709,623333.3689,152306.674,625333.3689,150306.674,16,47,2,2,0,2,Abax parallelepipedus,Loricera pilicornis,19,21,20
1710,1710,623333.3689,150306.674,625333.3689,148306.674,17,47,4,4,0,4,Byturus tomentosus,Rhagonycha fulva,14,22,17.5
1711,1711,623333.3689,148306.674,625333.3689,146306.674,18,47,6,6,0,6,Adrastus rachifer,Rhagonycha fulva,16,25,20.3333333333333
1712,1712,623333.3689,146306.674,625333.3689,144306.674,19,47,47,44,0,47,Abax parallelepipedus,Tychius pusillus,12,30,18.2978723404255
1713,1713,623333.3689,144306.674,625333.3689,142306.674,20,47,25,24,0,25,Acrossus luridus,Tachyporus solutus,13,30,19.48
1714,1714,623333.3689,142306.674,625333.3689,140306.674,21,47,15,14,0,15,Bodiloides ictericus,Volinus sticticus,15,25,18.5333333333333
1715,1715,623333.3689,140306.674,625333.3689,138306.674,22,47,65,47,0,65,Acrolocha sulcula,Timarcha tenebricosa,14,37,19.2461538461538
1716,1716,623333.3689,138306.674,625333.3689,136306.674,23,47,37,28,0,37,Adalia decempunctata,Timarcha tenebricosa,14,25,19.1081081081081
1717,1717,623333.3689,136306.674,625333.3689,134306.674,24,47,,,,,,,,,
1736,1736,625333.3689,170306.674,627333.3689,168306.674,7,48,39,30,0,39,Aspidapion radiolus,Tychius picirostris,12,37,20.5384615384615
1737,1737,625333.3689,168306.674,627333.3689,166306.674,8,48,2,2,0,2,Badister bullatus,Protapion ononidis,17,18,17.5
1738,1738,625333.3689,166306.674,627333.3689,164306.674,9,48,1,1,0,1,Rhagonycha fulva,Rhagonycha fulva,16,16,16
1739,1739,625333.3689,164306.674,627333.3689,162306.674,10,48,31,27,0,31,Anaspis pulicaria,Stephostethus lardarius,16,43,20.2258064516129
1740,1740,625333.3689,162306.674,627333.3689,160306.674,11,48,1,1,0,1,Rhagonycha fulva,Rhagonycha fulva,16,16,16
1741,1741,625333.3689,160306.674,627333.3689,158306.674,12,48,4,4,0,4,Coccinella septempunctata,Pterostichus melanarius,20,26,23.5
1742,1742,625333.3689,158306.674,627333.3689,156306.674,13,48,4,4,0,4,Amara similata,Rhagonycha fulva,14,25,18.5
1743,1743,625333.3689,156306.674,627333.3689,154306.674,14,48,9,9,0,9,Adalia decempunctata,Sitona obsoletus,16,28,21.7777777777778
1744,1744,625333.3689,154306.674,627333.3689,152306.674,15,48,9,8,0,9,Agabus bipustulatus,Rhagonycha nigriventris,16,25,19.8888888888889
1745,1745,625333.3689,152306.674,627333.3689,150306.674,16,48,5,4,0,5,Geotrupes spiniger,Pterostichus madidus,12,20,16.4
1746,1746,625333.3689,150306.674,627333.3689,148306.674,17,48,9,8,0,9,Cartodere bifasciata,Tachyporus hypnorum,16,25,19.3333333333333
1747,1747,625333.3689,148306.674,627333.3689,146306.674,18,48,25,24,0,25,Adalia decempunctata,Trechus quadristriatus,15,30,20.32
1748,1748,625333.3689,146306.674,627333.3689,144306.674,19,48,180,144,0,180,Acrossus rufipes,Tytthaspis sedecimpunctata,12,39,19.7555555555556
1749,1749,625333.3689,144306.674,627333.3689,142306.674,20,48,59,49,0,59,Acrossus luridus,Tychius picirostris,13,33,19.3389830508475
1750,1750,625333.3689,142306.674,627333.3689,140306.674,21,48,3,3,0,3,Anchomenus dorsalis,Rutpela maculata,16,25,20
1751,1751,625333.3689,140306.674,627333.3689,138306.674,22,48,50,35,0,50,Adalia bipunctata,Timarcha tenebricosa,12,44,19.22
1752,1752,625333.3689,138306.674,627333.3689,136306.674,23,48,3,2,0,3,Cetonia aurata,Clitostethus arcuatus,14,21,18.6666666666667
1772,1772,627333.3689,170306.674,629333.3689,168306.674,7,49,6,6,0,6,Coccinella septempunctata,Sitona,6,25,16.8333333333333
1773,1773,627333.3689,168306.674,629333.3689,166306.674,8,49,8,5,0,8,Coccinella septempunctata,Rhagonycha fulva,16,30,23.25
1774,1774,627333.3689,166306.674,629333.3689,164306.674,9,49,23,22,0,23,Acritus,Sermylassa halensis,7,29,18.304347826087
1775,1775,627333.3689,164306.674,629333.3689,162306.674,10,49,31,31,0,31,Anacaena globulus,Stictotarsus duodecimpustulatus,15,31,19.0967741935484
1776,1776,627333.3689,162306.674,629333.3689,160306.674,11,49,8,8,0,8,Carabus violaceus,Noterus crassicornis,15,22,18.75
1777,1777,627333.3689,160306.674,629333.3689,158306.674,12,49,26,26,0,26,Agriotes sputator,Tenebrio molitor,15,23,18.4230769230769
1778,1778,627333.3689,158306.674,629333.3689,156306.674,13,49,13,11,0,13,Agabus didymus,Pterostichus madidus,6,43,19.8461538461538
1779,1779,627333.3689,156306.674,629333.3689,154306.674,14,49,6,6,0,6,Cantharis rustica,Rhagonycha fulva,16,25,19.6666666666667
1780,1780,627333.3689,154306.674,629333.3689,152306.674,15,49,21,17,0,21,Amara similata,Volinus sticticus,14,27,19.7142857142857
1781,1781,627333.3689,152306.674,629333.3689,150306.674,16,49,10,8,0,10,Chrysomelinae,Timarcha tenebricosa,13,26,19.5
1782,1782,627333.3689,150306.674,629333.3689,148306.674,17,49,3,3,0,3,Carpophilus sexpustulatus,Rhagonycha fulva,16,25,22
1783,1783,627333.3689,148306.674,629333.3689,146306.674,18,49,10,9,0,10,Anotylus inustus,Siagonium quadricorne,14,25,19.6
1784,1784,627333.3689,146306.674,629333.3689,144306.674,19,49,251,148,0,251,Adrastus pallens,Tytthaspis sedecimpunctata,7,31,19.8605577689243
1785,1785,627333.3689,144306.674,629333.3689,142306.674,20,49,27,12,0,27,Athous haemorrhoidalis,Volinus sticticus,11,26,16.6296296296296
1786,1786,627333.3689,142306.674,629333.3689,140306.674,21,49,17,16,0,17,Acrolocha sulcula,Tatianaerhynchites aequatus,14,28,20.5294117647059
1787,1787,627333.3689,140306.674,629333.3689,138306.674,22,49,177,140,0,177,Acrolocha sulcula,Tychius squamulatus,6,37,19.3898305084746
1808,1808,629333.3689,170306.674,631333.3689,168306.674,7,50,14,10,0,14,Adalia bipunctata,Rhagonycha fulva,15,30,21
1809,1809,629333.3689,168306.674,631333.3689,166306.674,8,50,7,7,0,7,Aspidapion aeneum,Rhinoncus perpendicularis,17,25,20.7142857142857
1810,1810,629333.3689,166306.674,631333.3689,164306.674,9,50,36,31,0,36,Agabus sturmii,Stenopterapion tenue,14,43,19.3888888888889
1811,1811,629333.3689,164306.674,631333.3689,162306.674,10,50,30,29,0,30,Anacaena bipustulata,Rhagonycha fulva,15,43,19.8666666666667
1812,1812,629333.3689,162306.674,631333.3689,160306.674,11,50,36,36,0,36,Agabus sturmii,Trechus quadristriatus,12,26,19.1111111111111
1813,1813,629333.3689,160306.674,631333.3689,158306.674,12,50,36,34,0,36,Anthobium unicolor,Stephostethus lardarius,15,43,20.1666666666667
1814,1814,629333.3689,158306.674,631333.3689,156306.674,13,50,4,3,0,4,Hydrobius fuscipes/rottenbergii/subrotundus,Rhagonycha fulva,16,43,22.75
1815,1815,629333.3689,156306.674,631333.3689,154306.674,14,50,10,10,0,10,Aspidapion aeneum,Rhyzobius litura,14,22,17.9
1816,1816,629333.3689,154306.674,631333.3689,152306.674,15,50,6,5,0,6,Coccinella septempunctata,Scolytus multistriatus,18,30,23.1666666666667
1817,1817,629333.3689,152306.674,631333.3689,150306.674,16,50,21,21,0,21,Abax parallelepipedus,Xylostiba monilicornis,14,30,18.952380952381
1818,1818,629333.3689,150306.674,631333.3689,148306.674,17,50,9,9,0,9,Carpophilus sexpustulatus,Rhagonycha fulva,16,25,19.3333333333333
1819,1819,629333.3689,148306.674,631333.3689,146306.674,18,50,22,21,0,22,Abax parallelepipedus,Siagonium quadricorne,12,25,18.0909090909091
1820,1820,629333.3689,146306.674,631333.3689,144306.674,19,50,4,3,0,4,Badister bullatus,Rhagonycha fulva,16,25,20.75
1821,1821,629333.3689,144306.674,631333.3689,142306.674,20,50,168,78,0,168,Agrypnus murinus,Volinus sticticus,6,30,17.9583333333333
1822,1822,629333.3689,142306.674,631333.3689,140306.674,21,50,55,30,0,55,Adalia bipunctata,Tytthaspis sedecimpunctata,14,30,20.6363636363636
1823,1823,629333.3689,140306.674,631333.3689,138306.674,22,50,50,37,0,50,Altica oleracea,Tychius squamulatus,12,29,19.04
1843,1843,631333.3689,172306.674,633333.3689,170306.674,6,51,1,1,0,1,Nicrophorus interruptus,Nicrophorus interruptus,23,23,23
1844,1844,631333.3689,170306.674,633333.3689,168306.674,7,51,1,1,0,1,Harmonia axyridis,Harmonia axyridis,17,17,17
1845,1845,631333.3689,168306.674,633333.3689,166306.674,8,51,1,1,0,1,Oedemera nobilis,Oedemera nobilis,16,16,16
1846,1846,631333.3689,166306.674,633333.3689,164306.674,9,51,1,1,0,1,Podagrica fuscicornis,Podagrica fuscicornis,21,21,21
1847,1847,631333.3689,164306.674,633333.3689,162306.674,10,51,36,28,0,36,Agrilinus ater,Tournotaris bimaculata,14,31,19.5833333333333
1848,1848,631333.3689,162306.674,633333.3689,160306.674,11,51,66,60,0,66,Agabus nebulosus,Teuchestes fossor,8,43,19.7727272727273
1849,1849,631333.3689,160306.674,633333.3689,158306.674,12,51,208,122,0,208,Ablattaria laevigata,Tytthaspis sedecimpunctata,7,43,20.1394230769231
1850,1850,631333.3689,158306.674,633333.3689,156306.674,13,51,5,5,0,5,Graptodytes pictus,Ophonus rufibarbis,14,22,18.4
1851,1851,631333.3689,156306.674,633333.3689,154306.674,14,51,142,120,0,142,Acupalpus meridianus,Tytthaspis sedecimpunctata,11,43,19.6760563380282
1852,1852,631333.3689,154306.674,633333.3689,152306.674,15,51,12,12,0,12,Acupalpus meridianus,Tachyporus hypnorum,14,20,17.1666666666667
1853,1853,631333.3689,152306.674,633333.3689,150306.674,16,51,2,2,0,2,Aphthona nonstriata,Pterostichus madidus,19,20,19.5
1854,1854,631333.3689,150306.674,633333.3689,148306.674,17,51,2,2,0,2,Harpalus rufipes,Tachyporus hypnorum,16,19,17.5
1855,1855,631333.3689,148306.674,633333.3689,146306.674,18,51,3,3,0,3,Meloe proscarabaeus,Vincenzellus ruficollis,16,23,19.3333333333333
1856,1856,631333.3689,146306.674,633333.3689,144306.674,19,51,1,1,0,1,Pterostichus madidus,Pterostichus madidus,20,20,20
1857,1857,631333.3689,144306.674,633333.3689,142306.674,20,51,70,60,0,70,Agrypnus murinus,Tytthaspis sedecimpunctata,12,30,19.6428571428571
1858,1858,631333.3689,142306.674,633333.3689,140306.674,21,51,39,32,0,39,Adalia bipunctata,Timarcha tenebricosa,11,30,18.4102564102564
1859,1859,631333.3689,140306.674,633333.3689,138306.674,22,51,,,,,,,,,
1879,1879,633333.3689,172306.674,635333.3689,170306.674,6,52,,,,,,,,,
1880,1880,633333.3689,170306.674,635333.3689,168306.674,7,52,71,16,0,71,Adalia bipunctata,Tytthaspis sedecimpunctata,12,37,22.5774647887324
1881,1881,633333.3689,168306.674,635333.3689,166306.674,8,52,9,8,0,9,Anaspis maculata,Pseudapion rufirostre,16,28,19.6666666666667
1882,1882,633333.3689,166306.674,635333.3689,164306.674,9,52,65,54,0,65,Adalia bipunctata,Tychius picirostris,12,27,18.0615384615385
1883,1883,633333.3689,164306.674,635333.3689,162306.674,10,52,80,68,0,80,Adalia bipunctata,Tytthaspis sedecimpunctata,11,44,19.65
1884,1884,633333.3689,162306.674,635333.3689,160306.674,11,52,832,391,0,832,Ablattaria laevigata,Zacladus exiguus,11,44,19.1117788461538
1885,1885,633333.3689,160306.674,635333.3689,158306.674,12,52,520,293,0,520,Ablattaria laevigata,Xanthomus pallidus,6,43,18.8807692307692
1886,1886,633333.3689,158306.674,635333.3689,156306.674,13,52,177,134,0,177,Ablattaria laevigata,Tytthaspis sedecimpunctata,11,37,19.5197740112994
1887,1887,633333.3689,156306.674,635333.3689,154306.674,14,52,472,302,0,472,Acalles misellus,Xantholinus longiventris,10,44,19.3283898305085
1888,1888,633333.3689,154306.674,635333.3689,152306.674,15,52,44,36,0,44,Adalia bipunctata,Timarcha tenebricosa,8,43,19.9545454545455
1889,1889,633333.3689,152306.674,635333.3689,150306.674,16,52,4,3,0,4,Anchomenus dorsalis,Longitarsus luridus,19,25,20.5
1890,1890,633333.3689,150306.674,635333.3689,148306.674,17,52,5,4,0,5,Amara ovata,Rhagonycha fulva,11,18,15.4
1891,1891,633333.3689,148306.674,635333.3689,146306.674,18,52,10,10,0,10,Amara ovata,Rhagonycha fulva,11,23,19
1892,1892,633333.3689,146306.674,635333.3689,144306.674,19,52,7,6,0,7,Adalia bipunctata,Rhagonycha fulva,12,25,18.1428571428571
1893,1893,633333.3689,144306.674,635333.3689,142306.674,20,52,59,38,0,59,Agriotes sputator,Tytthaspis sedecimpunctata,14,29,19.5423728813559
1894,1894,633333.3689,142306.674,635333.3689,140306.674,21,52,6,6,0,6,Adalia decempunctata,Psylliodes napi,15,24,18.8333333333333
1915,1915,635333.3689,172306.674,637333.3689,170306.674,6,53,2,2,0,2,Amara eurynota,Coccinella septempunctata,14,25,19.5
1916,1916,635333.3689,170306.674,637333.3689,168306.674,7,53,22,21,0,22,Adalia bipunctata,Volinus sticticus,12,29,19.0909090909091
1917,1917,635333.3689,168306.674,637333.3689,166306.674,8,53,3,3,0,3,Coccinella undecimpunctata,Podagrica fuscicornis,14,26,20.3333333333333
1918,1918,635333.3689,166306.674,637333.3689,164306.674,9,53,46,36,0,46,Adalia bipunctata,Tytthaspis sedecimpunctata,12,28,19.6739130434783
1919,1919,635333.3689,164306.674,637333.3689,162306.674,10,53,9,9,0,9,Aspidapion radiolus,Rhyzobius litura,16,30,20.7777777777778
1920,1920,635333.3689,162306.674,637333.3689,160306.674,11,53,12,12,0,12,Amara infima,Pseudophloeophagus truncorum,8,28,18.3333333333333
1921,1921,635333.3689,160306.674,637333.3689,158306.674,12,53,360,167,0,360,Ablattaria laevigata,Xanthomus pallidus,8,31,18.6944444444444
1922,1922,635333.3689,158306.674,637333.3689,156306.674,13,53,209,125,0,209,Ablattaria laevigata,Tytthaspis sedecimpunctata,11,44,20.1866028708134
1923,1923,635333.3689,156306.674,637333.3689,154306.674,14,53,213,171,0,213,Acrotona muscorum,Xantholinus longiventris,11,43,18.6384976525822
1924,1924,635333.3689,154306.674,637333.3689,152306.674,15,53,9,6,0,9,Bembidion properans,Trechus quadristriatus,16,25,21.4444444444444
1925,1925,635333.3689,152306.674,637333.3689,150306.674,16,53,26,19,0,26,Adalia bipunctata,Rhantus suturalis,12,30,18.8846153846154
1926,1926,635333.3689,150306.674,637333.3689,148306.674,17,53,39,30,0,39,Anthonomus pedicularius,Tytthaspis sedecimpunctata,12,29,19.8717948717949
1927,1927,635333.3689,148306.674,637333.3689,146306.674,18,53,20,15,0,20,Carabus problematicus,Timarcha tenebricosa,14,26,19.85
1928,1928,635333.3689,146306.674,637333.3689,144306.674,19,53,156,108,0,156,Adalia bipunctata,Zabrus tenebrioides,12,33,19.8269230769231
1929,1929,635333.3689,144306.674,637333.3689,142306.674,20,53,8,8,0,8,Clitostethus arcuatus,Zeugophora subspinosa,17,26,20.875
1951,1951,637333.3689,172306.674,639333.3689,170306.674,6,54,27,22,0,27,Adalia bipunctata,Trichosirocalus troglodytes,12,27,18.2592592592593
1952,1952,637333.3689,170306.674,639333.3689,168306.674,7,54,12,12,0,12,Amara aenea,Ophonus rufibarbis,11,23,17.3333333333333
1953,1953,637333.3689,168306.674,639333.3689,166306.674,8,54,2,2,0,2,Blaps mucronata,Lilioceris lilii,15,16,15.5
1954,1954,637333.3689,166306.674,639333.3689,164306.674,9,54,3,3,0,3,Coccinella septempunctata,Oedemera nobilis,15,25,18.6666666666667
1955,1955,637333.3689,164306.674,639333.3689,162306.674,10,54,,,,,,,,,
1959,1959,637333.3689,156306.674,639333.3689,154306.674,14,54,37,35,0,37,Amara tibialis,Xantholinus elegans,12,30,19.0540540540541
1960,1960,637333.3689,154306.674,639333.3689,152306.674,15,54,1,1,0,1,Oedemera nobilis,Oedemera nobilis,16,16,16
1961,1961,637333.3689,152306.674,639333.3689,150306.674,16,54,4,4,0,4,Ceutorhynchus obstrictus (=assimilis auctt.),Tachyporus hypnorum,14,44,23.5
1962,1962,637333.3689,150306.674,639333.3689,148306.674,17,54,42,28,0,42,Abax parallelepipedus,Tychius pusillus,14,30,19.8095238095238
1963,1963,637333.3689,148306.674,639333.3689,146306.674,18,54,13,11,0,13,Cassida,Timarcha tenebricosa,7,26,18.3076923076923
1964,1964,637333.3689,146306.674,639333.3689,144306.674,19,54,25,19,0,25,Atheta aeneicollis,Tychius picirostris,14,30,20.32
1987,1987,639333.3689,172306.674,641333.3689,170306.674,6,55,26,26,0,26,Anaspis maculata,Tytthaspis sedecimpunctata,15,26,19.5384615384615
1988,1988,639333.3689,170306.674,641333.3689,168306.674,7,55,14,14,0,14,Aspidapion radiolus,Rhinoncus pericarpius,13,22,19
1989,1989,639333.3689,168306.674,641333.3689,166306.674,8,55,7,6,0,7,Cafius xantholoma,Trechus quadristriatus,13,22,16.7142857142857
1990,1990,639333.3689,166306.674,641333.3689,164306.674,9,55,,,,,,,,,
