{
"type": "FeatureCollection",
"crs": { "type": "name", "properties": { "name": "urn:ogc:def:crs:EPSG::27700" } },
"features": [
{ "type": "Feature", "properties": { "FID": 33, "LAD25CD": "E06000035", "LAD25NM": "Medway", "LAD25NMW": " ", "BNG_E": 578207, "BNG_N": 175198, "LONG": 0.563174, "LAT": 51.44773, "GlobalID": "d6e94eb3-751c-46e6-a5b6-739fd19d3c07", "study_area": "Kent" }, "geometry": { "type": "MultiPolygon", "coordinates": [ [ [ [ 633934.03, 160857.470000000990694 ], [ 634020.64, 160674.939999999012798 ], [ 634028.59, 160614.189999999012798 ], [ 633998.77, 160580.73 ], [ 633769.3, 160716.0 ], [ 633676.5, 160711.800000001006993 ], [ 633579.4, 160645.699999998993007 ], [ 633517.98, 160561.699999998993007 ], [ 633406.57, 160180.1400000010035 ], [ 633428.05, 160129.11 ], [ 633575.522499999963, 160000.049699999013683 ], [ 633706.62, 159885.32 ], [ 633914.09, 159834.220000000990694 ], [ 633983.08, 159785.630000000994187 ], [ 633985.75, 159725.76 ], [ 633918.16, 159653.98 ], [ 633740.57, 159755.18 ], [ 633668.7, 159729.1 ], [ 633629.4, 159665.5 ], [ 633690.8, 159372.800000001006993 ], [ 633850.4, 159248.0 ], [ 633788.58, 159074.49 ], [ 633760.82, 158834.3900000010035 ], [ 633809.86, 158779.6400000010035 ], [ 633983.863, 158803.071 ], [ 633982.2, 158775.4 ], [ 634008.69, 158787.870999998995103 ], [ 634077.9, 158702.43 ], [ 634139.04, 158677.279999999009306 ], [ 634201.404, 158569.062999999005115 ], [ 634171.17, 158529.960000001010485 ], [ 633999.21, 158544.039999998989515 ], [ 633885.8, 158503.4 ], [ 633828.1, 158387.52 ], [ 633866.51, 158235.73 ], [ 633619.35, 158125.43 ], [ 633429.4, 158249.300000001006993 ], [ 633188.3, 158297.35 ], [ 633083.0, 158382.199999998993007 ], [ 632958.75, 158531.789999998989515 ], [ 633044.43, 158663.49 ], [ 633034.4, 158724.699999998993007 ], [ 632773.73, 158939.970000000990694 ], [ 632684.37, 158938.3900000010035 ], [ 632580.3, 158797.619999999005813 ], [ 632494.2, 158812.0 ], [ 632383.4174, 158955.3599 ], [ 632389.3038, 158985.991900001012255 ], [ 632425.4, 159158.300000001006993 ], [ 632278.8, 159252.4 ], [ 632182.2, 159422.0 ], [ 632300.6, 159632.800000001006993 ], [ 632369.2, 159862.5 ], [ 632465.1178, 160000.03900000100839 ], [ 632594.93, 160186.18 ], [ 632636.63, 160199.279999999009306 ], [ 632801.19, 160100.0 ], [ 632867.69, 160120.199999998993007 ], [ 632980.59, 160233.5 ], [ 633177.8, 160626.6 ], [ 633312.3, 161146.699999998993007 ], [ 633367.2, 161151.1 ], [ 633490.9, 161129.699999998993007 ], [ 633530.4, 160973.699999998993007 ], [ 633632.4, 160867.699999998993007 ], [ 633934.03, 160857.470000000990694 ] ] ], [ [ [ 617740.07, 159882.66 ], [ 617804.77, 159850.16 ], [ 617942.01, 159867.460000001010485 ], [ 617988.95, 159820.439999999012798 ], [ 617874.27, 159785.460000001010485 ], [ 617741.37, 159820.560000000987202 ], [ 617740.07, 159882.66 ] ] ], [ [ [ 571129.38, 177007.16 ], [ 570983.11, 176995.689999999012798 ], [ 570967.73, 177002.869999999005813 ], [ 571001.96, 177032.74 ], [ 571041.58, 177005.550000001006993 ], [ 571035.1, 177034.880000000994187 ], [ 571111.66, 177030.560000000987202 ], [ 571129.38, 177007.16 ] ] ], [ [ [ 599485.4, 166768.199999998993007 ], [ 599487.0, 166743.4 ], [ 599504.6, 166759.800000001006993 ], [ 599523.2, 166710.199999998993007 ], [ 599422.9, 166671.800000001006993 ], [ 599388.8, 166697.699999998993007 ], [ 599408.5, 166728.800000001006993 ], [ 599386.9, 166794.6 ], [ 599485.4, 166768.199999998993007 ] ] ], [ [ [ 599372.8, 166683.1 ], [ 599232.9, 166650.699999998993007 ], [ 599289.5, 166836.9 ], [ 599318.1, 166821.199999998993007 ], [ 599389.5, 166775.4 ], [ 599393.1, 166719.4 ], [ 599372.8, 166683.1 ] ] ], [ [ [ 600744.0, 166244.699999998993007 ], [ 600680.8, 166243.1 ], [ 600688.3, 166288.1 ], [ 600744.0, 166244.699999998993007 ] ] ], [ [ [ 600300.9, 166273.699999998993007 ], [ 600362.63, 166134.93 ], [ 600230.7, 166255.800000001006993 ], [ 600262.3, 166314.699999998993007 ], [ 600300.9, 166273.699999998993007 ] ] ], [ [ [ 600467.25, 166452.15 ], [ 600569.5, 166396.300000001006993 ], [ 600486.6, 166376.699999998993007 ], [ 600449.6, 166250.6 ], [ 600451.3, 166290.5 ], [ 600417.6, 166282.199999998993007 ], [ 600443.9, 166205.699999998993007 ], [ 600354.2, 166324.1 ], [ 600368.1, 166330.9 ], [ 600409.3, 166412.300000001006993 ], [ 600360.210199999972, 166333.720699998986674 ], [ 600336.9, 166385.5 ], [ 600335.6, 166325.800000001006993 ], [ 600384.9, 166254.699999998993007 ], [ 600370.2, 166249.5 ], [ 600301.6, 166358.1 ], [ 600333.2, 166435.6 ], [ 600271.8, 166453.6 ], [ 600342.1, 166530.9 ], [ 600378.2, 166514.800000001006993 ], [ 600419.6, 166519.1 ], [ 600429.5, 166499.199999998993007 ], [ 600438.9, 166484.699999998993007 ], [ 600460.6, 166474.199999998993007 ], [ 600461.6, 166458.800000001006993 ], [ 600467.25, 166452.15 ] ] ], [ [ [ 624474.6507, 163124.8928 ], [ 624513.83, 163221.58 ], [ 624665.12, 163267.16 ], [ 624757.64, 163391.48 ], [ 624946.66, 163413.439999999012798 ], [ 625133.91, 163387.68 ], [ 625105.2, 163491.9 ], [ 624995.6, 163586.699999998993007 ], [ 625146.6, 163773.5 ], [ 625234.813, 163797.886700000992278 ], [ 625235.2031, 163797.9945 ], [ 625284.4719, 163818.863600001001032 ], [ 625284.682299999986, 163818.9527 ], [ 625256.77, 163983.279999999009306 ], [ 625165.35, 164108.32 ], [ 625280.95, 164203.119999999005813 ], [ 625468.35, 164028.220000000990694 ], [ 625909.55, 164047.6400000010035 ], [ 626214.6, 163831.0 ], [ 626391.8, 163816.9 ], [ 626556.32, 163926.6 ], [ 626650.2, 163829.5 ], [ 626682.143, 163694.176100001001032 ], [ 626693.6017, 163631.600299999001436 ], [ 626698.7955, 163623.628900001000147 ], [ 626707.3, 163587.6 ], [ 626859.8, 163442.6 ], [ 626544.0, 163541.300000001006993 ], [ 626386.6, 163508.300000001006993 ], [ 626042.6, 163414.5 ], [ 625841.88, 163301.74 ], [ 625525.48, 163277.34 ], [ 625046.37, 162981.189999999012798 ], [ 625523.58, 163267.1400000010035 ], [ 625833.98, 163290.34 ], [ 626035.8, 163402.1 ], [ 626545.3, 163532.199999998993007 ], [ 626886.6, 163421.1 ], [ 626964.92, 163356.08 ], [ 626929.9, 163355.1 ], [ 627046.77, 163280.380000000994187 ], [ 627464.4, 163161.4 ], [ 627825.1, 163177.6 ], [ 628005.6, 163123.6 ], [ 628156.0, 163012.09 ], [ 628299.61, 162980.76 ], [ 628458.41, 162962.86 ], [ 628703.81, 162986.86 ], [ 628893.425, 163137.682 ], [ 629314.9, 163162.199999998993007 ], [ 629725.0, 163049.199999998993007 ], [ 630075.2, 162853.0 ], [ 630706.0, 162717.0 ], [ 630859.18, 162733.439999999012798 ], [ 630960.77, 162833.289999998989515 ], [ 631052.07, 162859.49 ], [ 631552.65, 162780.0 ], [ 631810.77, 162772.99 ], [ 632174.17, 162495.3900000010035 ], [ 632278.67, 162344.3900000010035 ], [ 632311.87, 162335.99 ], [ 632533.2, 162450.9 ], [ 632842.77, 162343.02 ], [ 632916.239199999953, 162274.861500000988599 ], [ 632962.296899999958, 162220.804099998989841 ], [ 633006.2438, 162191.3628 ], [ 633105.76, 162099.039999998989515 ], [ 633235.82, 161868.52 ], [ 633300.0, 161542.0 ], [ 633309.2, 161213.1 ], [ 633151.5, 160607.4 ], [ 632964.49, 160245.4 ], [ 632802.29, 160122.300000001006993 ], [ 632645.23, 160217.48 ], [ 632572.23, 160206.0 ], [ 632433.9843, 160000.0384 ], [ 632354.576, 159881.73399999901 ], [ 632274.1, 159631.9 ], [ 632163.4, 159455.699999998993007 ], [ 632172.0, 159375.6 ], [ 632243.6, 159262.4 ], [ 632409.2, 159140.199999998993007 ], [ 632367.3386, 158927.6972 ], [ 632475.34, 158798.9 ], [ 632566.13, 158774.35 ], [ 632691.91, 158921.220000000990694 ], [ 632773.0, 158917.699999998993007 ], [ 633026.69, 158691.810000000987202 ], [ 632934.5, 158549.699999998993007 ], [ 632938.0, 158469.380000000994187 ], [ 633198.585, 158262.559 ], [ 633455.9, 158206.4 ], [ 633639.74, 158069.61 ], [ 633595.63, 158104.9 ], [ 633827.7, 158175.029999999009306 ], [ 633885.41, 158223.01 ], [ 633851.56, 158400.4 ], [ 633892.2, 158484.67 ], [ 633966.8, 158517.76 ], [ 634163.47, 158505.060000000987202 ], [ 634217.79, 158532.689999999012798 ], [ 634219.87, 158605.3900000010035 ], [ 634170.07, 158681.49 ], [ 634217.29, 158687.1400000010035 ], [ 634156.29, 158695.24 ], [ 634171.4, 158716.76 ], [ 634141.58, 158705.41 ], [ 633982.39, 158834.91 ], [ 633840.09, 158800.49 ], [ 633789.02, 158843.43 ], [ 633824.6, 159100.1 ], [ 633881.68, 159247.57 ], [ 633714.15, 159391.720000000990694 ], [ 633668.61, 159680.99 ], [ 633718.8, 159719.300000001006993 ], [ 633771.9, 159715.4 ], [ 633918.9, 159593.1 ], [ 633895.4, 159549.800000001006993 ], [ 633922.2, 159584.300000001006993 ], [ 633923.2, 159592.300000001006993 ], [ 633907.8, 159613.1 ], [ 633963.3, 159635.1 ], [ 634020.8, 159722.0 ], [ 633991.3, 159844.5 ], [ 633726.52, 159919.630000000994187 ], [ 633634.385, 160000.049699999013683 ], [ 633510.64, 160108.060000000987202 ], [ 633553.59, 160156.960000001010485 ], [ 633500.51, 160118.039999998989515 ], [ 633446.85, 160183.029999999009306 ], [ 633534.98, 160400.939999999012798 ], [ 633563.9, 160564.800000001006993 ], [ 633671.9, 160661.0 ], [ 633745.38, 160679.779999999009306 ], [ 633746.06, 160636.91 ], [ 633779.92, 160670.970000000990694 ], [ 633972.75, 160531.59 ], [ 634068.76, 160585.470000000990694 ], [ 634072.84, 160681.310000000987202 ], [ 633992.88, 160863.630000000994187 ], [ 633860.7, 160931.300000001006993 ], [ 633721.5, 160891.0 ], [ 633643.0, 160909.699999998993007 ], [ 633550.2, 161091.0 ], [ 633630.7, 161094.199999998993007 ], [ 633651.5, 161061.199999998993007 ], [ 633640.0, 161095.199999998993007 ], [ 633697.3, 161103.4 ], [ 633563.9, 161101.1 ], [ 633562.6, 161154.5 ], [ 633837.0, 161779.199999998993007 ], [ 634000.94, 162039.130000000994187 ], [ 634053.8, 162035.699999998993007 ], [ 634070.7, 162062.6 ], [ 634049.4, 162039.1 ], [ 634019.94, 162058.18 ], [ 634107.7, 162142.800000001006993 ], [ 634116.8, 162131.1 ], [ 634154.4, 162115.800000001006993 ], [ 634162.6, 162115.699999998993007 ], [ 634206.5, 162124.699999998993007 ], [ 634228.291199999978, 162123.915100001002429 ], [ 634227.05, 162128.550000001006993 ], [ 634177.4, 162123.6 ], [ 634161.4, 162117.4 ], [ 634122.3, 162130.699999998993007 ], [ 634110.6, 162151.0 ], [ 634192.677099999972, 162270.4618 ], [ 634195.286, 162274.259 ], [ 634207.8234, 162279.6654 ], [ 634208.2789, 162279.8617 ], [ 634230.72, 162269.316 ], [ 634242.247, 162230.489 ], [ 634261.153, 162188.499 ], [ 634280.71, 162183.239 ], [ 634256.059, 162172.322000001004199 ], [ 634332.463, 162176.229 ], [ 634272.334, 162192.311000001005596 ], [ 634250.017, 162220.528000001009787 ], [ 634232.24, 162272.209000000992091 ], [ 634211.770499999984, 162282.0638 ], [ 634210.8003, 162282.5309 ], [ 634205.1166, 162282.426799999987 ], [ 634266.369799999986, 162329.1018 ], [ 634281.026, 162324.146299999003531 ], [ 634295.522, 162319.244999999005813 ], [ 634310.482, 162326.341 ], [ 634318.401, 162278.902000000991393 ], [ 634432.512, 162228.614 ], [ 634330.659, 162283.761 ], [ 634316.986, 162325.663000000989996 ], [ 634297.5026, 162334.158199998986674 ], [ 634293.751, 162335.794 ], [ 634278.56, 162335.125 ], [ 634325.591, 162351.2259 ], [ 634392.544, 162374.147 ], [ 634419.097, 162337.414999998989515 ], [ 634400.906, 162369.426000000996282 ], [ 634449.277, 162382.63299999901 ], [ 634474.961, 162288.744000000995584 ], [ 634485.784, 162348.68 ], [ 634456.847, 162384.653000001009787 ], [ 634535.267, 162380.950999999011401 ], [ 634498.425, 162315.975 ], [ 634537.058, 162269.485 ], [ 634599.739, 162238.302999998995801 ], [ 634726.591, 162199.429 ], [ 634696.077, 162181.884 ], [ 634695.854, 162172.550000001006993 ], [ 634740.812, 162146.404999999009306 ], [ 634718.3, 162043.630000000994187 ], [ 634744.961, 162137.895 ], [ 634743.288, 162147.48 ], [ 634727.194, 162165.25 ], [ 634698.691, 162180.7650000010035 ], [ 634733.442, 162192.735 ], [ 634782.645, 162173.698999999003718 ], [ 634746.454, 162194.476 ], [ 634708.04, 162217.717 ], [ 634642.6263, 162230.464400000986643 ], [ 634542.147, 162271.199999998993007 ], [ 634514.066, 162334.377 ], [ 634547.661, 162366.059 ], [ 634625.146, 162325.780999998998595 ], [ 634595.535, 162317.39100000099279 ], [ 634638.026, 162286.369999999005813 ], [ 634614.285, 162308.16 ], [ 634634.807, 162318.698000000993488 ], [ 634663.784, 162299.868000001006294 ], [ 634702.978, 162286.703 ], [ 634859.658, 162256.357000001007691 ], [ 634682.897, 162297.26600000099279 ], [ 634558.894, 162379.933 ], [ 634617.567, 162449.051999999006512 ], [ 634656.03, 162435.017000001011183 ], [ 634620.762, 162456.327 ], [ 634634.0938, 162491.4759 ], [ 634634.1472, 162491.677300000999821 ], [ 634635.0098, 162494.9334 ], [ 634659.017, 162585.558 ], [ 634729.715, 162552.277000000991393 ], [ 634719.166, 162522.727 ], [ 634745.915, 162545.777000000991393 ], [ 634657.051, 162597.784 ], [ 634689.738, 162615.893999999010703 ], [ 634733.482, 162568.210000001010485 ], [ 634717.442, 162612.630999999004416 ], [ 634652.574, 162647.795 ], [ 634688.385, 162683.243000001006294 ], [ 634744.308, 162658.1400000010035 ], [ 634688.41, 162686.338 ], [ 634658.245, 162666.044 ], [ 634625.151, 162795.563999998994404 ], [ 634637.298, 162859.312999999005115 ], [ 634724.176, 162938.76600000099279 ], [ 634771.928, 162930.377 ], [ 634842.106, 162766.346999998990213 ], [ 635029.7749, 162603.989800000999821 ], [ 635038.4579, 162596.4779 ], [ 635038.7121, 162596.25799999901 ], [ 635115.582, 162533.034 ], [ 635272.277, 161861.756999998993706 ], [ 635218.491, 162201.370999998995103 ], [ 635287.083, 161933.567 ], [ 635433.642, 160740.693 ], [ 635593.3414, 159999.984099999012 ], [ 635630.72, 159826.6170000009879 ], [ 635647.53, 159622.689999999012798 ], [ 635962.52, 158700.91 ], [ 636637.645, 157056.73 ], [ 636908.163599999971, 156291.169199999014381 ], [ 637339.8, 155176.6 ], [ 637724.2, 153871.189999999012798 ], [ 637827.95, 153183.949999998993007 ], [ 637878.4, 152098.1 ], [ 637864.789299999946, 151756.2806 ], [ 637864.7672, 151755.7257 ], [ 637864.750299999956, 151755.301100001001032 ], [ 637862.5, 151168.449999998993007 ], [ 637950.9, 150421.5 ], [ 637983.014899999951, 149961.900599999004044 ], [ 638003.595, 149183.11 ], [ 638050.112199999974, 149001.6669 ], [ 638060.2317, 148856.846000001009088 ], [ 638060.2402, 148856.6929 ], [ 638080.82, 148487.1400000010035 ], [ 637992.31, 147903.449999998993007 ], [ 638014.68, 147818.550000001006993 ], [ 638059.46, 147825.4 ], [ 638083.52, 147785.09 ], [ 638069.0, 147340.5 ], [ 638124.4, 147189.4 ], [ 638080.63, 147152.01 ], [ 638020.772, 146804.958000001002802 ], [ 637922.63, 146509.091 ], [ 637938.598, 146364.596000001009088 ], [ 637855.223, 146108.999 ], [ 637617.601, 145505.130000000994187 ], [ 637485.406, 145261.348999998997897 ], [ 637517.482, 145162.816 ], [ 637425.761, 145102.244999999005813 ], [ 637220.226, 144849.25799999901 ], [ 637088.698, 144743.204 ], [ 637093.539, 144697.357999998988817 ], [ 636800.015, 144394.173 ], [ 636763.177, 144309.284 ], [ 636795.21, 144248.878 ], [ 636730.686, 143946.84 ], [ 636300.838, 143369.52 ], [ 635999.208, 143134.527000000991393 ], [ 635436.719, 142788.075999999011401 ], [ 635274.472, 142746.427999998995801 ], [ 634974.664, 142567.755000000994187 ], [ 634888.611, 142592.819 ], [ 634665.711, 142487.444 ], [ 634524.251, 142479.504000001004897 ], [ 634288.791, 142401.697000001004199 ], [ 634155.313, 142258.063999998994404 ], [ 634080.743, 142254.878 ], [ 634043.617899999954, 142226.26469999901 ], [ 634039.147899999982, 142222.819599998998456 ], [ 634031.9487, 142218.049399999989 ], [ 633960.55, 142112.15 ], [ 634058.7793, 141148.1252 ], [ 634035.65, 141156.0 ], [ 633990.02, 141713.9 ], [ 633754.073, 141693.204 ], [ 633693.3582, 141757.02 ], [ 633691.944, 141760.866 ], [ 633692.816699999967, 141757.589199998998083 ], [ 633690.309, 141760.225 ], [ 633731.403399999952, 141612.7027 ], [ 633751.1209, 141538.6669 ], [ 633689.810599999968, 141676.652000000991393 ], [ 633661.207, 141742.14100000099279 ], [ 633631.7641, 141732.8321 ], [ 633565.3312, 141712.8791 ], [ 633615.905099999974, 141600.088 ], [ 633662.369599999976, 141494.956599998986349 ], [ 633576.25, 141667.35 ], [ 633512.103, 141630.14100000099279 ], [ 633597.6, 141437.050000001006993 ], [ 633507.82, 141624.597999999008607 ], [ 633506.8133, 141624.323799998994218 ], [ 633505.26, 141627.528000001009787 ], [ 633415.35, 141652.6 ], [ 633349.273, 141613.780999998998595 ], [ 633379.5232, 141575.447899999009678 ], [ 633410.2, 141507.6 ], [ 633494.3649, 141412.853800001001218 ], [ 633391.5921, 141500.808900000993162 ], [ 633397.539899999974, 141494.2894 ], [ 633392.65, 141498.65 ], [ 633416.950599999982, 141473.0129 ], [ 633499.5831, 141382.4374 ], [ 633340.198, 141527.107999998988817 ], [ 633344.5476, 141520.3595 ], [ 633339.235, 141525.206 ], [ 633370.658, 141479.847999999008607 ], [ 633344.566, 141437.98 ], [ 633314.027499999967, 141420.297499998996 ], [ 633046.753099999973, 141266.432600000989623 ], [ 632933.893799999962, 141491.772700000990881 ], [ 632934.87, 141501.15 ], [ 632874.27, 141524.199999998993007 ], [ 632576.645, 141429.970000000990694 ], [ 632482.5, 141400.550000001006993 ], [ 632413.45, 141366.050000001006993 ], [ 632428.1899, 141339.325300000986317 ], [ 632409.65, 141365.65 ], [ 632175.55, 141203.449999998993007 ], [ 631992.031599999988, 140844.191299998987233 ], [ 632059.983299999963, 140824.176100001001032 ], [ 632210.220699999947, 140776.5309 ], [ 631986.167, 140839.653000001009787 ], [ 631981.2865, 140821.2267 ], [ 631974.14, 140823.086999999010004 ], [ 631980.051, 140816.562000000994885 ], [ 631974.785299999989, 140796.6812 ], [ 632072.342799999984, 140704.001599998999154 ], [ 632088.4305, 140696.9255 ], [ 632097.124, 140687.329 ], [ 632107.3564, 140683.202099999005441 ], [ 632118.3342, 140673.805199999012984 ], [ 632260.7892, 140621.1142 ], [ 632313.6816, 140597.8497 ], [ 632318.0427, 140598.2278 ], [ 632320.854, 140597.094000001001405 ], [ 632324.6348, 140597.499099999986 ], [ 632328.083, 140596.2237 ], [ 632394.0505, 140604.8181 ], [ 632488.531399999978, 140654.5253 ], [ 632563.7007, 140693.905200000997866 ], [ 632456.1648, 140616.143999999010703 ], [ 632451.369, 140613.039999998989515 ], [ 632451.4778, 140612.754799999005627 ], [ 632494.3741, 140548.049900001002243 ], [ 632617.304, 140362.276000001002103 ], [ 632574.707, 140333.744999999005813 ], [ 632575.016599999974, 140333.414999998989515 ], [ 632665.529899999965, 140232.7992 ], [ 632606.8995, 140275.055500001006294 ], [ 632350.843699999969, 140473.20219999901 ], [ 632237.7118, 140306.8565 ], [ 632204.026, 140258.103 ], [ 632168.5894, 140289.269099998986349 ], [ 632168.3558, 140289.4802 ], [ 632205.747, 140332.51600000099279 ], [ 632205.5111, 140333.416999998997198 ], [ 632207.4716, 140335.663699998985976 ], [ 632202.5165, 140351.591700001008576 ], [ 632208.5133, 140362.184800001006806 ], [ 631955.9666, 140519.8454 ], [ 631918.2, 140605.949999998993007 ], [ 631885.4, 140598.300000001006993 ], [ 631921.65, 140619.1 ], [ 631923.75, 140729.300000001006993 ], [ 631836.3, 140746.65 ], [ 631826.85, 140777.949999998993007 ], [ 631807.1, 140761.5 ], [ 631813.35, 140608.300000001006993 ], [ 631788.55, 140608.699999998993007 ], [ 631759.6, 140487.949999998993007 ], [ 631891.21, 140457.18 ], [ 631909.65, 140497.4 ], [ 631904.05, 140453.4 ], [ 631959.8, 140458.949999998993007 ], [ 632043.784, 140406.3232 ], [ 632043.55, 140405.539999998989515 ], [ 632111.0, 140359.15 ], [ 632083.73, 140332.75 ], [ 632084.8129, 140332.1107 ], [ 632082.73, 140329.960000001010485 ], [ 632096.7781, 140325.047 ], [ 632122.384899999946, 140309.9301 ], [ 632066.7021, 140312.5198 ], [ 632012.65, 140321.9 ], [ 631998.2, 140298.6 ], [ 632019.1814, 140279.732999998988817 ], [ 632017.45, 140276.199999998993007 ], [ 632052.9, 140239.1 ], [ 632107.45, 140198.65 ], [ 632140.57, 140266.83 ], [ 632118.05, 140190.75 ], [ 632127.5838, 140183.632300000987016 ], [ 632128.2752, 140183.146 ], [ 632293.0, 140061.1 ], [ 632401.0392, 139999.9987 ], [ 632420.08, 139989.23 ], [ 632757.5, 139993.300000001006993 ], [ 632757.62, 139950.560000000987202 ], [ 633001.175, 139940.1404 ], [ 632352.4497, 139926.676999999006512 ], [ 632290.5509, 139957.715399998996872 ], [ 632208.0541, 140000.0064 ], [ 632090.185799999977, 140060.430199999012984 ], [ 632000.8479, 140175.2183 ], [ 631959.0, 140231.35 ], [ 631230.15, 140083.550000001006993 ], [ 631028.739399999962, 140000.0244 ], [ 630858.8, 139929.550000001006993 ], [ 630800.7, 139866.449999998993007 ], [ 630783.35, 139755.699999998993007 ], [ 630698.8, 139634.15 ], [ 629849.5, 139418.9 ], [ 629784.15, 139366.6 ], [ 629827.6166, 139260.001599998999154 ], [ 629819.5, 139174.4 ], [ 628863.45, 138682.35 ], [ 628490.725699999952, 138673.3332 ], [ 628429.7992, 138757.29680000100052 ], [ 628429.4373, 138757.795600001001731 ], [ 628429.299299999955, 138757.9858 ], [ 628429.1559, 138758.3102 ], [ 628427.7878, 138761.403899998986162 ], [ 627840.6, 138605.6 ], [ 627735.9, 138552.4 ], [ 627633.2, 138412.1 ], [ 627553.5, 138420.4 ], [ 627510.4, 138497.0 ], [ 627433.1, 138527.199999998993007 ], [ 626833.8, 138466.52 ], [ 625999.18, 138317.75 ], [ 625625.358099999954, 138132.7685 ], [ 625238.21, 138012.26 ], [ 625083.84, 137900.050000001006993 ], [ 624890.15, 137680.550000001006993 ], [ 624789.0, 137609.25 ], [ 624757.4, 137654.15 ], [ 624570.8, 137487.6 ], [ 624281.5, 137026.1 ], [ 624284.6, 136614.949999998993007 ], [ 624169.6, 136409.300000001006993 ], [ 623855.0, 136343.449999998993007 ], [ 623631.65, 136259.949999998993007 ], [ 623537.55, 136175.1 ], [ 623545.1, 136146.949999998993007 ], [ 623514.6286, 135977.19470000101137 ], [ 623530.964799999958, 136119.967900001007365 ], [ 623347.35, 136051.550000001006993 ], [ 623220.45, 135948.85 ], [ 623273.63, 135847.43 ], [ 623433.787, 135893.8334 ], [ 623532.7103, 135921.2027 ], [ 623515.4825, 135798.866199999989 ], [ 623523.1581, 135790.6373 ], [ 623523.1, 135789.85 ], [ 623652.051, 135667.456 ], [ 623702.4528, 135633.838300000992604 ], [ 623715.2, 135622.75 ], [ 623720.2741, 135621.9516 ], [ 623723.35, 135619.9 ], [ 623724.6261, 135619.6961 ], [ 623725.0, 135619.449999998993007 ], [ 623739.7234, 135617.283299998991424 ], [ 623878.2994, 135595.1368 ], [ 623698.7, 135605.25 ], [ 623553.931, 135728.745999998995103 ], [ 623547.935399999958, 135722.848200000997167 ], [ 623531.773, 135735.455 ], [ 623459.486, 135666.448000000993488 ], [ 623306.267, 135613.48399999901 ], [ 622682.7672, 135539.3915 ], [ 622630.56, 135516.096999998990213 ], [ 622634.977, 135462.197000001004199 ], [ 622574.41, 135478.691 ], [ 622511.14, 135454.392000001011183 ], [ 622486.104, 135413.310000000987202 ], [ 622514.455, 135385.426000000996282 ], [ 622461.019, 135391.116 ], [ 622440.596, 135350.607000001007691 ], [ 622430.501, 135378.397 ], [ 622342.049, 135377.075999999011401 ], [ 622264.687, 135337.287 ], [ 622210.23, 135227.943 ], [ 622283.5522, 135212.089299999002833 ], [ 622283.599799999967, 135211.717700000997866 ], [ 621880.32, 135206.525 ], [ 621709.025, 135182.238 ], [ 621676.7497, 135136.24 ], [ 621220.92, 135157.696 ], [ 620441.712, 135100.419 ], [ 620000.0208, 135025.104900000995258 ], [ 619064.837, 134865.643999999010703 ], [ 619029.952, 134852.1400000010035 ], [ 619029.615, 134817.898 ], [ 618995.7092, 134820.217 ], [ 618990.499599999981, 134819.384 ], [ 618423.68, 134728.75 ], [ 617338.665, 134464.800000001006993 ], [ 616930.679, 134343.738 ], [ 616899.856, 134298.038000000989996 ], [ 616327.621, 134131.762 ], [ 616271.444, 134101.050000001006993 ], [ 616267.386, 134065.988 ], [ 615594.8668, 133855.470000000990694 ], [ 614556.405, 133320.17 ], [ 613844.643, 132853.745999998995103 ], [ 613119.322, 132291.648 ], [ 613035.784, 132205.388 ], [ 612991.681, 132101.669 ], [ 612807.027, 131907.059199999989 ], [ 612806.7622, 131906.780099999014055 ], [ 611885.53, 131019.73 ], [ 611567.53, 130669.470000001005246 ], [ 610922.67, 130108.83 ], [ 610249.67, 129297.48 ], [ 609794.59, 128637.02 ], [ 609431.77, 128000.0 ], [ 608985.249399999972, 126815.094799999002134 ], [ 608983.901199999964, 126811.517200001006131 ], [ 608978.849799999967, 126798.11260000099719 ], [ 608756.623, 125893.261 ], [ 608552.175, 124644.39100000099279 ], [ 608422.9, 124094.85 ], [ 608367.211, 123678.185000001001754 ], [ 608329.405, 123598.263 ], [ 608231.63, 122926.119100001000334 ], [ 608230.980499999947, 122921.6544 ], [ 608230.986, 122921.036699998992844 ], [ 608237.4, 122197.300000001006993 ], [ 608470.4, 121000.0 ], [ 608769.2182, 120000.0188 ], [ 608945.5, 119410.1 ], [ 609465.058, 118303.125 ], [ 609624.794, 118064.286 ], [ 609700.679, 117757.071 ], [ 609737.431, 117363.276000001002103 ], [ 609675.106, 117041.813999998994404 ], [ 609564.027, 116877.011 ], [ 609353.807, 116686.012 ], [ 609183.749, 116623.136 ], [ 608922.214, 116585.956 ], [ 608228.991, 116568.800000001006993 ], [ 607644.602, 116587.987 ], [ 606512.497, 116694.079 ], [ 603667.157, 117142.030999998998595 ], [ 600760.9301, 117707.953400001002592 ], [ 601430.800399999949, 118332.097100001003128 ], [ 601487.0977, 118544.7962 ], [ 601609.8996, 118784.6976 ], [ 601336.6006, 118982.0011 ], [ 601001.8016, 119475.6998 ], [ 601086.8989, 119718.500299998995615 ], [ 600686.7001, 120960.9046 ], [ 600451.9962, 120778.096899999000016 ], [ 600356.0979, 120744.996400000993162 ], [ 600210.0037, 120734.499399998996523 ], [ 600135.7981, 120784.0952 ], [ 600000.100899999961, 120792.402899998996872 ], [ 599970.5011, 120839.3994 ], [ 600010.497899999958, 120867.9012 ], [ 600049.2992, 120985.0977 ], [ 600008.1975, 121143.102499999004067 ], [ 599903.196699999971, 121234.296399999002 ], [ 599847.5013, 121398.6993 ], [ 599644.5986, 121419.5033 ], [ 599535.4999, 121259.7991 ], [ 599554.2987, 121208.7037 ], [ 599628.6032, 121159.3978 ], [ 599635.999, 121095.696 ], [ 599481.000099999947, 121044.400699998994241 ], [ 599479.9035, 120832.4014 ], [ 599363.4997, 120612.304400000997703 ], [ 599278.798199999961, 120571.1962 ], [ 599274.8983, 120519.7009 ], [ 599183.600699999952, 120543.5041 ], [ 599111.7038, 120496.0977 ], [ 598885.7974, 120060.5024 ], [ 598746.596, 120078.1973 ], [ 598645.8001, 120007.0976 ], [ 598531.4989, 120023.1031 ], [ 598400.5013, 119940.896600000996841 ], [ 598283.3967, 120043.7971 ], [ 598128.101, 120008.0974 ], [ 598087.799099999946, 119969.2985 ], [ 598155.301499999943, 119880.3039 ], [ 598101.7003, 119744.7028 ], [ 597977.3978, 119649.4 ], [ 597831.8972, 119656.398 ], [ 597712.5004, 119607.502 ], [ 597719.401599999983, 120388.398499999006162 ], [ 597138.2979, 121031.0046 ], [ 596873.598499999964, 121388.6022 ], [ 596010.901199999964, 122659.498400001000846 ], [ 595943.704, 122765.9979 ], [ 595945.0974, 122815.8037 ], [ 595642.297499999986, 123229.0954 ], [ 595554.702, 123448.102700001007179 ], [ 595521.697, 123430.5977 ], [ 595458.4986, 123465.4977 ], [ 595305.297099999967, 123389.8993 ], [ 595159.7966, 123361.1975 ], [ 595057.4011, 123228.795399998998619 ], [ 595045.8993, 123440.9047 ], [ 595137.5019, 123556.9015 ], [ 595086.201099999947, 123676.5973 ], [ 595158.197, 123724.103700000996469 ], [ 595346.7038, 124070.0046 ], [ 595225.303599999985, 124002.7039 ], [ 595160.002699999954, 124008.202299999000388 ], [ 595010.297099999967, 124276.5955 ], [ 595286.0037, 124470.0002 ], [ 595175.5034, 124576.6996 ], [ 595126.296899999958, 124797.1965 ], [ 595096.796, 124943.704600001001381 ], [ 594910.804, 125029.9999 ], [ 594889.1029, 125067.2992 ], [ 594683.8009, 125141.298 ], [ 593590.8026, 125402.1033 ], [ 593155.801499999943, 125586.2006 ], [ 593127.0015, 125623.799900001002243 ], [ 593070.1023, 125588.6 ], [ 593018.001799999969, 125609.7039 ], [ 592923.299, 125705.4965 ], [ 592423.4009, 125937.600099999006488 ], [ 592188.697, 125948.7969 ], [ 591750.8018, 125837.5987 ], [ 591740.6027, 125884.5952 ], [ 591328.8031, 125737.7972 ], [ 591028.6004, 125754.4025 ], [ 590339.0, 125618.701300001004711 ], [ 590149.800599999959, 125530.396600000996841 ], [ 589968.904, 125230.2025000010035 ], [ 590044.2968, 125065.6996 ], [ 589705.2022, 125316.9977 ], [ 589640.1981, 125464.995300000999123 ], [ 589494.5986, 125589.7996 ], [ 588807.496399999945, 125655.6008 ], [ 588431.9998, 125741.1963 ], [ 588294.901, 125774.9966 ], [ 588200.36, 125874.77 ], [ 587913.204099999974, 126067.402899998996872 ], [ 587806.900499999989, 126180.400599999004044 ], [ 587612.201699999976, 126595.0019 ], [ 587525.496599999955, 126686.595699999001226 ], [ 587460.86, 126945.210000000995933 ], [ 587016.3, 127454.6 ], [ 586815.84, 127604.210000000995933 ], [ 586762.3, 127637.199999998993007 ], [ 586540.4, 127587.5 ], [ 586423.27, 127339.8900000010035 ], [ 586307.57, 127277.59 ], [ 586121.27, 127326.289999999004067 ], [ 585946.37, 127322.289999999004067 ], [ 585741.4962, 127498.203299999004 ], [ 585676.3025, 127431.5024 ], [ 585672.600499999942, 127309.997199998993892 ], [ 585544.901, 127233.999 ], [ 585235.900799999945, 126941.8026 ], [ 585087.5969, 126920.398700000994722 ], [ 585008.2959, 126955.298699998995289 ], [ 584831.703199999989, 127149.303200000998913 ], [ 584590.1971, 127513.698899998998968 ], [ 584511.3001, 127556.29670000099577 ], [ 584391.6, 127559.199999998993007 ], [ 584289.2, 127511.1 ], [ 584222.9, 127392.300000001006993 ], [ 584154.6, 127347.0 ], [ 584039.7, 127306.5 ], [ 583907.7, 127335.9 ], [ 583764.06, 127243.11 ], [ 583586.121, 127197.426999999006512 ], [ 583536.96, 127057.51 ], [ 583303.0, 126880.86 ], [ 583134.0, 126905.0 ], [ 582858.396199999959, 126862.5953 ], [ 582734.2998, 126836.9026 ], [ 582647.8009, 126651.2958 ], [ 582495.3002, 126560.2018 ], [ 582287.2, 126491.33 ], [ 582084.0, 126606.43 ], [ 581923.596, 126584.9048 ], [ 581577.402299999958, 126428.1996 ], [ 581454.653799999971, 126109.2645 ], [ 581229.502, 126044.8993 ], [ 581073.7391, 125949.0908 ], [ 580958.65, 125955.869999999005813 ], [ 580792.5962, 126027.304400000997703 ], [ 580626.400499999989, 125939.1996 ], [ 580549.95, 125821.67 ], [ 580465.65, 125822.57 ], [ 580180.27, 125905.33 ], [ 580031.49, 126168.6 ], [ 579952.1, 126241.5 ], [ 579818.91, 126278.43 ], [ 579612.1, 126207.6 ], [ 579475.5, 126284.199999998993007 ], [ 579340.3, 126311.300000001006993 ], [ 579132.72, 126301.449999998993007 ], [ 578952.39, 126389.98 ], [ 578826.1, 126393.34 ], [ 578652.1, 126524.300000001006993 ], [ 578424.2, 126578.6 ], [ 578363.3, 126681.1 ], [ 578355.0, 126839.800000001006993 ], [ 578313.2, 126940.5 ], [ 578322.4, 127242.1 ], [ 578232.5, 127350.300000001006993 ], [ 578240.5, 127417.9 ], [ 578175.7, 127520.5 ], [ 578195.4, 127574.6 ], [ 578139.6, 127659.699999998993007 ], [ 578076.7, 127675.6 ], [ 578064.8, 127760.5 ], [ 577982.91, 127787.539999999004067 ], [ 577870.87, 127757.25 ], [ 577837.17, 127794.550000001006993 ], [ 577650.17, 127761.35 ], [ 577630.8, 127733.5 ], [ 577392.4, 127725.4 ], [ 577300.1, 127794.6 ], [ 577319.5, 127833.9 ], [ 577265.2, 127821.300000001006993 ], [ 577248.42, 127858.33 ], [ 577028.297, 127894.300000001006993 ], [ 576827.0021, 127813.6031 ], [ 576518.603899999987, 127806.795 ], [ 576412.5971, 127850.002599999002996 ], [ 576369.8959, 127909.3956 ], [ 576188.1006, 127902.197699999000179 ], [ 576012.43, 127967.15 ], [ 575900.23, 128217.710000000995933 ], [ 575732.35, 128382.619999999005813 ], [ 575562.35, 128387.42 ], [ 575362.95, 128507.220000001005246 ], [ 575302.75, 128494.220000001005246 ], [ 575312.35, 128516.220000001005246 ], [ 575222.0, 128590.9 ], [ 575169.7, 128583.5 ], [ 575154.0, 128654.300000001006993 ], [ 574877.7, 128713.1 ], [ 574681.2, 128639.300000001006993 ], [ 574613.2, 128671.699999998993007 ], [ 574531.7, 128643.0 ], [ 574366.71, 128668.84 ], [ 574187.74, 128626.49 ], [ 574136.8, 128557.9 ], [ 574065.1, 128530.9 ], [ 574059.8, 128489.4 ], [ 574038.3, 128509.800000001006993 ], [ 573979.59, 128458.800000001006993 ], [ 573915.49, 128451.800000001006993 ], [ 573877.89, 128480.5 ], [ 573864.89, 128441.699999998993007 ], [ 573850.49, 128469.699999998993007 ], [ 573808.09, 128458.300000001006993 ], [ 573821.79, 128498.6 ], [ 573797.29, 128520.800000001006993 ], [ 573748.59, 128491.0 ], [ 573531.39, 128589.800000001006993 ], [ 573456.39, 128583.0 ], [ 573396.09, 128616.5 ], [ 573313.99, 128746.300000001006993 ], [ 573250.29, 128739.699999998993007 ], [ 573254.49, 128804.5 ], [ 573144.12, 128817.369999999005813 ], [ 573149.22, 128846.17 ], [ 573101.92, 128855.869999999005813 ], [ 573057.92, 128989.470000001005246 ], [ 573028.92, 128996.57 ], [ 573040.62, 129191.369999999005813 ], [ 573012.72, 129231.57 ], [ 573019.92, 129278.57 ], [ 573055.42, 129269.57 ], [ 573074.32, 129384.869999999005813 ], [ 573049.82, 129394.67 ], [ 573141.097, 129705.9014 ], [ 573091.296899999958, 129741.9011 ], [ 573063.403799999971, 129830.8956 ], [ 572993.2961, 129868.504799999005627 ], [ 572973.9037, 129935.9955 ], [ 573314.4989, 130281.896500001006643 ], [ 573365.4039, 130420.696799999001087 ], [ 573307.8039, 130621.69920000100683 ], [ 573322.496599999955, 130653.5001 ], [ 573106.203899999964, 130809.4955 ], [ 572965.502, 130833.0987 ], [ 572778.396799999988, 130998.601399998995475 ], [ 572719.098299999954, 131191.995999998995103 ], [ 572731.2021, 131269.2039 ], [ 572312.0974, 131307.7029 ], [ 572049.69, 131484.789999998989515 ], [ 571913.399199999985, 131419.001 ], [ 571766.398, 131451.0019 ], [ 571654.0013, 131433.197000001004199 ], [ 571589.87, 131584.960000001010485 ], [ 571387.09, 131626.58 ], [ 571280.75, 131583.17 ], [ 571277.95, 131531.869999999005813 ], [ 571142.75, 131560.77 ], [ 571081.15, 131673.57 ], [ 570965.82, 131761.220000000990694 ], [ 570556.03, 131891.789999998989515 ], [ 570440.18, 131995.84 ], [ 570273.08, 132022.539999998989515 ], [ 570249.88, 132114.24 ], [ 570127.8982, 132097.696699999010889 ], [ 570055.803399999975, 132213.303699999989 ], [ 570037.598299999954, 132092.6982 ], [ 569857.8972, 132071.5042 ], [ 569808.097, 132160.4988 ], [ 569743.7031, 132066.9955 ], [ 569549.2021, 132036.404300001013326 ], [ 569403.000699999975, 132172.1954 ], [ 569399.001799999969, 132327.900900000997353 ], [ 569495.6999, 132620.797 ], [ 569439.798399999971, 132618.997500000987202 ], [ 569368.5034, 132473.8991 ], [ 569248.8016, 132344.696 ], [ 569049.9967, 132382.895099999004742 ], [ 569029.499399999972, 132516.696799998986535 ], [ 568895.500699999975, 132639.1018 ], [ 568875.696099999943, 132767.395 ], [ 568709.401399999973, 132707.4022 ], [ 568651.9004, 132772.503599999006838 ], [ 568409.8996, 132870.9954 ], [ 568302.301499999943, 132947.70340000098804 ], [ 568279.001, 133114.895599999989 ], [ 568603.6997, 133430.7952 ], [ 568606.0991, 133630.797900000994559 ], [ 568568.897299999953, 133706.396299999003531 ], [ 568673.1, 133908.34 ], [ 568386.93, 134142.619999999005813 ], [ 568228.13, 134213.130000000994187 ], [ 568216.53, 134194.529999999009306 ], [ 568028.61, 134326.130000000994187 ], [ 567949.66, 134266.4 ], [ 567739.56, 134256.800000001006993 ], [ 567561.84, 134049.380000000994187 ], [ 567507.46, 134096.6 ], [ 567530.86, 134310.699999998993007 ], [ 567438.06, 134390.5 ], [ 567604.16, 134550.699999998993007 ], [ 567490.06, 134597.6 ], [ 567303.16, 134506.199999998993007 ], [ 567251.86, 134582.1 ], [ 567068.46, 134569.9 ], [ 567046.66, 134617.5 ], [ 566973.24, 134658.11 ], [ 567009.51, 134732.050000001006993 ], [ 566853.59, 134794.369999999005813 ], [ 566444.48, 134733.939999999012798 ], [ 566343.92, 134807.49 ], [ 566289.82, 134794.59 ], [ 566221.52, 134625.09 ], [ 566045.24, 134749.939999999012798 ], [ 565856.57, 134790.3900000010035 ], [ 565708.27, 134760.789999998989515 ], [ 565535.07, 134537.8900000010035 ], [ 565502.57, 134444.8900000010035 ], [ 565253.9, 134279.6 ], [ 565165.49, 134164.710000001010485 ], [ 564748.33, 134266.039999998989515 ], [ 564779.37, 134424.380000000994187 ], [ 564843.17, 134544.58 ], [ 564819.37, 134860.880000000994187 ], [ 564842.97, 134854.42 ], [ 564918.99, 135116.130000000994187 ], [ 564931.59, 135341.130000000994187 ], [ 564874.49, 135581.73 ], [ 564806.79, 135626.73 ], [ 564749.59, 135764.529999999009306 ], [ 564680.59, 135785.73 ], [ 564711.34, 135872.060000000987202 ], [ 564691.69, 135942.43 ], [ 564703.89, 135964.83 ], [ 564793.77, 135951.83 ], [ 564901.9, 136005.029999999009306 ], [ 564958.87, 136117.83 ], [ 565005.07, 136111.189999999012798 ], [ 565070.67, 136182.289999998989515 ], [ 565206.67, 136506.029999999009306 ], [ 565193.17, 136539.529999999009306 ], [ 565245.77, 136560.83 ], [ 565208.21, 136589.34 ], [ 564894.45, 136591.83 ], [ 564778.55, 136534.83 ], [ 564624.25, 136594.630000000994187 ], [ 564547.05, 136547.83 ], [ 564499.95, 136592.23 ], [ 564377.4, 136602.1 ], [ 564273.53, 136596.61 ], [ 564206.71, 136549.1 ], [ 564055.12, 136607.9 ], [ 563724.24, 136570.83 ], [ 563569.51, 136611.460000001010485 ], [ 563528.92, 136702.1 ], [ 563360.44, 136860.74 ], [ 563233.04, 137106.279999999009306 ], [ 563187.84, 137128.68 ], [ 563140.9, 137092.699999998993007 ], [ 563057.7, 137216.300000001006993 ], [ 562974.8, 137209.5 ], [ 562917.8, 137246.5 ], [ 562895.7, 137183.300000001006993 ], [ 562802.1, 137348.4 ], [ 562867.6, 137477.1 ], [ 562815.1, 137554.699999998993007 ], [ 562831.6, 137637.5 ], [ 562938.7, 137620.0 ], [ 563023.5, 137668.9 ], [ 563062.3, 137722.300000001006993 ], [ 563030.4, 137759.5 ], [ 563035.0, 137821.300000001006993 ], [ 563087.8, 137908.5 ], [ 563115.5, 137900.699999998993007 ], [ 563126.8, 137945.1 ], [ 563176.6, 137970.1 ], [ 563126.23, 138030.02 ], [ 563157.23, 138107.02 ], [ 563134.03, 138132.82 ], [ 563116.63, 138102.720000000990694 ], [ 563059.83, 138116.42 ], [ 563087.13, 138152.02 ], [ 563047.03, 138174.82 ], [ 562946.73, 138433.119999999005813 ], [ 562896.23, 138447.220000000990694 ], [ 562890.3011, 138479.0001 ], [ 562830.2029, 138486.498 ], [ 562821.5574, 138527.314200001012068 ], [ 562762.4, 138511.300000001006993 ], [ 562735.6, 138537.5 ], [ 562671.4, 138501.1 ], [ 562666.6, 138459.1 ], [ 562595.3, 138468.199999998993007 ], [ 562505.3, 138417.5 ], [ 562470.2, 138451.1 ], [ 562427.3, 138388.300000001006993 ], [ 562363.9, 138384.0 ], [ 562334.4, 138348.0 ], [ 562290.2, 138392.6 ], [ 562292.8, 138361.0 ], [ 562238.6, 138358.699999998993007 ], [ 562219.6, 138310.4 ], [ 562172.9, 138328.1 ], [ 562120.4, 138228.5 ], [ 562088.1, 138243.0 ], [ 562039.75, 138181.85 ], [ 561989.63, 138195.0 ], [ 561997.37, 138162.02 ], [ 561892.18, 138112.470000000990694 ], [ 561854.44, 138129.9 ], [ 561805.87, 138101.529999999009306 ], [ 561694.68, 138158.15 ], [ 561596.35, 138165.119999999005813 ], [ 561469.56, 138111.3900000010035 ], [ 561439.56, 138125.59 ], [ 561404.36, 138073.8900000010035 ], [ 561336.26, 138106.49 ], [ 561288.66, 138039.189999999012798 ], [ 561258.76, 138072.59 ], [ 561162.16, 137999.189999999012798 ], [ 560981.66, 137942.49 ], [ 560894.52, 137985.119999999005813 ], [ 560746.8, 137987.199999998993007 ], [ 560568.8, 138036.199999998993007 ], [ 560480.0, 137996.4 ], [ 560334.9, 138003.699999998993007 ], [ 560159.9, 137892.5 ], [ 560015.5, 137852.0 ], [ 559762.98, 137894.3900000010035 ], [ 559644.07, 137866.310000000987202 ], [ 559600.2, 137919.5 ], [ 559598.5, 137997.6 ], [ 559303.1, 138167.949999998993007 ], [ 559290.68, 138150.939999999012798 ], [ 559349.7, 138107.550000001006993 ], [ 559334.18, 138085.77 ], [ 559287.55, 138124.9 ], [ 559304.81, 138069.74 ], [ 559239.05, 138101.439999999012798 ], [ 559123.59, 137967.25 ], [ 559117.4501, 137960.449999998993007 ], [ 559118.75, 137959.35 ], [ 559369.396199999959, 137816.4998 ], [ 559332.7964, 137799.204700000991579 ], [ 559608.296899999958, 137512.396799999988 ], [ 559383.48, 137240.75 ], [ 558719.6029, 137531.9012 ], [ 558645.25, 137364.539999998989515 ], [ 558468.51, 137435.59 ], [ 558236.24, 137402.86 ], [ 558237.43, 137356.18 ], [ 557741.08, 137423.630000000994187 ], [ 557711.9, 137456.300000001006993 ], [ 557667.1, 137394.300000001006993 ], [ 557507.44, 137468.279999999009306 ], [ 557457.9, 137546.550000001006993 ], [ 557391.36, 137540.880000000994187 ], [ 557370.8, 137461.300000001006993 ], [ 557202.7, 137456.0 ], [ 557107.9, 137502.300000001006993 ], [ 557131.7, 137566.4 ], [ 557113.35, 137604.550000001006993 ], [ 557053.69, 137600.24 ], [ 557089.37, 137697.84 ], [ 555991.1968, 138415.7982 ], [ 555972.0023, 138465.504000001004897 ], [ 555830.9, 138478.460000001010485 ], [ 555720.49, 138243.73 ], [ 555571.68, 138190.460000001010485 ], [ 555561.78, 138142.36 ], [ 555516.2, 138154.16 ], [ 555444.0, 138045.36 ], [ 555305.0, 138018.26 ], [ 555240.3, 138038.699999998993007 ], [ 555282.5, 138064.1 ], [ 555262.3, 138100.800000001006993 ], [ 555224.9, 138086.5 ], [ 555203.0, 138126.4 ], [ 555157.8, 138083.699999998993007 ], [ 555121.6, 138106.4 ], [ 555132.0, 138140.5 ], [ 555078.8, 138110.1 ], [ 555059.62, 138145.279999999009306 ], [ 555001.12, 138070.57 ], [ 554962.54, 138103.279999999009306 ], [ 554939.64, 138033.08 ], [ 554913.34, 138071.880000000994187 ], [ 554896.84, 138041.48 ], [ 554832.84, 138038.779999999009306 ], [ 554763.44, 138068.98 ], [ 554755.14, 137999.18 ], [ 554693.44, 138008.58 ], [ 554637.64, 137913.18 ], [ 554570.34, 137886.279999999009306 ], [ 554536.84, 137807.08 ], [ 554503.84, 137805.48 ], [ 554518.44, 137845.279999999009306 ], [ 554488.43, 137875.710000001010485 ], [ 554368.74, 137850.18 ], [ 554294.59, 137726.810000000987202 ], [ 554241.46, 137752.07 ], [ 554215.67, 137721.52 ], [ 554234.42, 137688.73 ], [ 554194.61, 137652.57 ], [ 554156.8, 137680.949999998993007 ], [ 554141.55, 137634.3900000010035 ], [ 554050.25, 137595.220000000990694 ], [ 553944.65, 137594.220000000990694 ], [ 553886.35, 137681.52 ], [ 553816.05, 137702.92 ], [ 553677.65, 137577.92 ], [ 553602.97, 137608.470000000990694 ], [ 553234.3, 137538.0 ], [ 553057.0, 137555.300000001006993 ], [ 553041.31, 137487.49 ], [ 552877.5, 137482.199999998993007 ], [ 552798.4, 137424.1 ], [ 552683.63, 137398.210000001010485 ], [ 552601.99, 137415.82 ], [ 552556.5, 137465.699999998993007 ], [ 552459.45, 137435.76 ], [ 552431.02, 137462.25 ], [ 552420.62, 137424.9 ], [ 552380.558, 137446.39100000099279 ], [ 552367.02, 137395.869999999005813 ], [ 552320.27, 137374.710000001010485 ], [ 552259.4, 137413.369999999005813 ], [ 552160.61, 137362.58 ], [ 552081.587, 137367.57 ], [ 551987.77, 137433.449999998993007 ], [ 551917.44, 137422.86 ], [ 551905.2, 137461.08 ], [ 551857.39, 137443.09 ], [ 551831.0, 137483.73 ], [ 551798.68, 137461.61 ], [ 551737.38, 137490.3900000010035 ], [ 551631.43, 137437.01 ], [ 551619.07, 137461.529999999009306 ], [ 551521.988, 137442.66 ], [ 551499.89, 137482.02 ], [ 551460.59, 137459.02 ], [ 551443.39, 137512.92 ], [ 551309.63, 137501.279999999009306 ], [ 551301.96, 137547.66 ], [ 551256.02, 137549.57 ], [ 551265.54, 137590.210000001010485 ], [ 551221.41, 137569.91 ], [ 551210.59, 137608.189999999012798 ], [ 551160.37, 137594.41 ], [ 551226.15, 137655.83 ], [ 551146.58, 137670.35 ], [ 551150.29, 137748.43 ], [ 550982.26, 137844.630000000994187 ], [ 550990.53, 137903.67 ], [ 550899.29, 137961.92 ], [ 550849.89, 137880.82 ], [ 550810.99, 137896.02 ], [ 550831.19, 138021.720000000990694 ], [ 550890.95, 138036.57 ], [ 550709.53, 138115.189999999012798 ], [ 550689.42, 138203.949999998993007 ], [ 550637.39, 138260.039999998989515 ], [ 550670.91, 138308.869999999005813 ], [ 550614.59, 138686.51 ], [ 550696.91, 138741.49 ], [ 550623.52, 138893.68 ], [ 550606.39, 139072.18 ], [ 550532.19, 139077.08 ], [ 550628.02, 139152.9 ], [ 550614.29, 139208.58 ], [ 550658.828, 139266.161 ], [ 550603.24, 139440.310000000987202 ], [ 550723.56, 139556.77 ], [ 550680.67, 139620.789999998989515 ], [ 550740.0, 139628.779999999009306 ], [ 550832.0, 139791.300000001006993 ], [ 550909.09, 139724.24 ], [ 550984.1, 139777.854 ], [ 551094.828, 139774.15 ], [ 551111.74, 139846.779999999009306 ], [ 551166.71, 139869.16 ], [ 551201.3, 139806.0 ], [ 551260.19, 139781.61 ], [ 551271.83, 139852.24 ], [ 551184.7, 139950.74 ], [ 551363.903599999961, 140046.10150000100839 ], [ 551266.801499999943, 140149.701899999985 ], [ 551208.0967, 140136.3957 ], [ 551190.3038, 140192.299699999013683 ], [ 551123.6013, 140187.301100001001032 ], [ 551093.803599999985, 140147.502499999012798 ], [ 551061.2027, 140188.1009 ], [ 551002.201, 140150.3017 ], [ 550960.2007, 140170.4959 ], [ 550962.196, 140214.103499999007909 ], [ 550901.702, 140213.103700000996469 ], [ 550876.604, 140287.102600001002429 ], [ 550704.2987, 140302.7981 ], [ 550707.201, 140335.6986 ], [ 550624.898799999966, 140380.095899998996174 ], [ 550542.7038, 140384.3047 ], [ 550507.1016, 140338.9977 ], [ 550476.0012, 140388.9034 ], [ 550454.902099999948, 140355.6029 ], [ 550435.7983, 140390.8029 ], [ 550384.101799999946, 140358.1022 ], [ 550358.896599999978, 140403.999099999986 ], [ 550111.396399999969, 140407.098200000997167 ], [ 550131.1021, 140461.002800001006108 ], [ 550106.5977, 140492.9036 ], [ 550010.3037, 140522.395199999009492 ], [ 549965.904, 140597.603700000996469 ], [ 549874.4993, 140621.8967 ], [ 549879.701899999985, 140687.298 ], [ 549746.098899999983, 140733.704700000991579 ], [ 549752.2992, 140782.1009 ], [ 549595.601799999946, 140778.6019 ], [ 549566.3978, 140746.801000000996282 ], [ 549500.8991, 140808.103399999003159 ], [ 549408.397699999972, 140788.199100000987528 ], [ 549297.3038, 140831.5967 ], [ 549275.998499999987, 140783.3005 ], [ 549141.9009, 140781.801000000996282 ], [ 549121.7005, 140813.6018 ], [ 548978.797099999967, 140841.9037 ], [ 548795.8969, 140780.101399998995475 ], [ 548740.803399999975, 140806.004000001004897 ], [ 548532.5991, 140773.103399999003159 ], [ 548516.100699999952, 140800.895500001002802 ], [ 548386.801699999953, 140710.001499998994404 ], [ 548291.299099999946, 140735.0043 ], [ 548230.3022, 140679.100299999001436 ], [ 548058.903799999971, 140641.801000000996282 ], [ 548010.596, 140606.0013 ], [ 548009.903399999952, 140561.604 ], [ 547812.5002, 140493.5035 ], [ 547666.801699999953, 140454.4047 ], [ 547609.1028, 140459.103299999988 ], [ 547593.0991, 140492.203799999988 ], [ 547516.2964, 140476.0985 ], [ 547515.1008, 140437.1996 ], [ 547374.5967, 140419.8046 ], [ 547360.7038, 140362.0011 ], [ 547300.2016, 140349.2048 ], [ 547294.7021, 140293.2008 ], [ 547225.7981, 140246.7041 ], [ 547015.301699999953, 140248.503599999006838 ], [ 546963.003299999982, 140190.5002 ], [ 546871.598499999964, 140227.599599999987 ], [ 546844.596, 140192.7996 ], [ 546717.4984, 140205.9958 ], [ 546709.4017, 140175.704399998998269 ], [ 546684.8974, 140191.4999 ], [ 546608.696499999962, 140134.7962 ], [ 546575.403, 140144.0035 ], [ 546568.8976, 140112.7025000010035 ], [ 546478.3009, 140126.5985 ], [ 546346.297499999986, 140067.195499999012 ], [ 546316.598699999973, 140099.296299999987 ], [ 546220.403599999961, 140044.0021 ], [ 546182.896799999988, 140076.003 ], [ 546152.8024, 140035.4046 ], [ 546095.6971, 140095.5974 ], [ 546070.0962, 140080.7016 ], [ 546055.4035, 140115.9016 ], [ 546021.400799999945, 140114.102099999989 ], [ 546012.0015, 140158.8993 ], [ 545976.0035, 140122.7996 ], [ 545924.6038, 140132.196900000999449 ], [ 545916.301, 140103.795 ], [ 545882.397299999953, 140134.6962 ], [ 545850.596099999966, 140088.3994 ], [ 545830.404, 140112.502499999012798 ], [ 545719.2028, 140036.904200001008576 ], [ 545668.899699999951, 140043.102399999013869 ], [ 545631.698, 139986.1987 ], [ 545478.603699999978, 139906.3016 ], [ 544945.5028, 139862.2042 ], [ 544773.7994, 139967.304099998989841 ], [ 544673.2014, 139948.799399999989 ], [ 544585.6966, 139968.3038 ], [ 544591.303199999966, 140004.603399999003159 ], [ 544498.2989, 139983.2995 ], [ 544484.603899999987, 140012.5012 ], [ 544432.396199999959, 140007.4026 ], [ 544373.8974, 140077.102700001007179 ], [ 544117.0968, 139966.4044 ], [ 544090.0035, 140024.5977 ], [ 543908.002, 140142.9038 ], [ 543775.8007, 140140.5045 ], [ 543688.601, 140102.395400000998052 ], [ 543617.6027, 140127.498199999012286 ], [ 543586.9971, 140106.904100001003826 ], [ 543499.599399999948, 140151.701300001004711 ], [ 543486.902, 140291.801200001005782 ], [ 543556.3007, 140381.4955 ], [ 543620.900799999945, 140408.297900000994559 ], [ 543698.7012, 140692.6965 ], [ 543778.101099999971, 140789.898600001004525 ], [ 543813.2003, 140925.899700000998564 ], [ 543801.7974, 141026.301000000996282 ], [ 543642.1977, 141056.602299999009119 ], [ 543556.0039, 141158.6031 ], [ 543523.6008, 141361.395 ], [ 543562.402, 141458.1973 ], [ 543557.702399999951, 141777.4959 ], [ 543371.4959, 141947.1974 ], [ 543266.998, 142214.2009 ], [ 543334.797099999967, 142569.499199999001576 ], [ 543216.0023, 142616.3958 ], [ 543173.2022, 142763.9036 ], [ 543217.098899999983, 142933.395099999004742 ], [ 543186.699299999978, 143013.801999999006512 ], [ 543209.299099999946, 143067.5967 ], [ 543154.0984, 143095.798599998990539 ], [ 543168.799299999955, 143349.296 ], [ 543140.700199999963, 143389.004599999986 ], [ 543171.8005, 143573.102 ], [ 543211.599399999948, 143639.302999998995801 ], [ 543276.603499999968, 143670.903999998990912 ], [ 543305.2963, 143812.003599999006838 ], [ 543429.095899999957, 143892.300599999988 ], [ 543454.5979, 143992.901799999002833 ], [ 543513.896399999969, 144058.603 ], [ 543504.497, 144163.1031 ], [ 543562.501, 144379.201199998991797 ], [ 543538.6975, 144445.6022 ], [ 543360.497, 144627.4002 ], [ 543327.797099999967, 144861.5032 ], [ 543291.700199999963, 144845.197799999004928 ], [ 543181.002, 144917.797 ], [ 543178.503799999948, 145004.102299999009119 ], [ 543098.403, 145113.700999999011401 ], [ 543139.1006, 145164.0965 ], [ 543096.696299999952, 145169.605 ], [ 543018.3022, 145253.301000000996282 ], [ 543164.8005, 145411.3957 ], [ 543194.202399999951, 145606.1 ], [ 543134.4999, 145598.102299999009119 ], [ 543066.7007, 145648.9977 ], [ 542964.8, 145612.098300001001917 ], [ 542927.903399999952, 145696.7041 ], [ 542837.603499999968, 145735.2031 ], [ 542817.502, 145803.003599999006838 ], [ 542785.799699999974, 145813.7006 ], [ 542817.502, 145852.2995 ], [ 542732.701499999966, 146049.403100001014536 ], [ 542661.7033, 146138.897500001010485 ], [ 542676.8, 146244.8972 ], [ 542659.699799999944, 146274.6986 ], [ 542606.6016, 146266.401000001002103 ], [ 542579.599, 146336.6009 ], [ 542535.801199999987, 146335.801100001001032 ], [ 542513.0036, 146376.2995 ], [ 542504.7009, 146479.799900001002243 ], [ 542560.602399999974, 146604.6042 ], [ 542315.303599999985, 146969.5997 ], [ 542375.4018, 147078.898399998986861 ], [ 542411.004, 147288.998299998987932 ], [ 542331.9998, 147386.500399999000365 ], [ 542343.996399999945, 147410.103599999012658 ], [ 542273.8969, 147443.903899998986162 ], [ 542154.500099999947, 147670.698999999003718 ], [ 542168.5992, 147707.498500001005596 ], [ 542139.2963, 147755.9046 ], [ 542208.596, 147795.303400000993861 ], [ 542170.396599999978, 147803.1011 ], [ 542167.6015, 147835.401900000986643 ], [ 542211.8033, 147998.095299999986 ], [ 542130.8038, 148091.0987 ], [ 542311.0986, 148345.7958 ], [ 542651.0012, 148359.901699998998083 ], [ 542666.9967, 148541.399800001003314 ], [ 542781.0011, 148757.198000000993488 ], [ 542760.899699999951, 148938.2962 ], [ 542714.0017, 149024.101600001013139 ], [ 542743.9973, 149251.196599999006139 ], [ 542799.7009, 149388.1974 ], [ 542698.303199999966, 149557.798900001012953 ], [ 542744.5002, 149749.0041 ], [ 542799.898799999966, 149828.4014 ], [ 542792.7009, 149951.0963 ], [ 542882.003099999973, 150071.501800000987714 ], [ 542942.2003, 150225.797599999001 ], [ 543078.65, 150278.27 ], [ 543406.9991, 150595.8017 ], [ 543476.7029, 150777.5997 ], [ 543446.9959, 150908.302300000999821 ], [ 543571.2985, 151049.002 ], [ 543622.203499999945, 151341.6982 ], [ 543698.000299999956, 151442.499399999011075 ], [ 543712.297299999977, 151537.702099999005441 ], [ 543747.701499999966, 151857.400599999004044 ], [ 543726.3963, 151983.604499998997198 ], [ 543653.5017, 152245.6994 ], [ 543516.196699999971, 152362.9959 ], [ 543421.0982, 152549.3025 ], [ 543442.7992, 152829.002499999012798 ], [ 543367.1013, 153002.6028 ], [ 543261.6964, 153502.399700000998564 ], [ 543094.503099999973, 153832.795099999988 ], [ 543082.3993, 154092.7008 ], [ 542965.7977, 154321.895099999004742 ], [ 542761.6994, 155043.89849999899161 ], [ 542755.3013, 155184.098300001001917 ], [ 542854.7, 155536.800000001006993 ], [ 542927.301499999943, 156049.200699999987 ], [ 542818.4007, 156373.297900000994559 ], [ 542675.1, 156607.800000001006993 ], [ 542525.6, 156751.300000001006993 ], [ 542502.903399999952, 156818.600500000989996 ], [ 542666.897699999972, 156869.196 ], [ 542731.299899999984, 156973.0962 ], [ 542924.9022, 156947.103700000996469 ], [ 543083.9989, 156981.004000001004897 ], [ 543340.8985, 156777.0024 ], [ 543455.7027, 156814.3017 ], [ 543636.6983, 156480.8971 ], [ 544264.6999, 156613.099300000991207 ], [ 544665.5995, 156760.3971 ], [ 545237.402699999977, 156802.195199999987 ], [ 545520.2001, 156949.2031 ], [ 545759.4965, 157290.0955 ], [ 545891.2031, 157376.300799999007722 ], [ 545763.5, 157476.9 ], [ 545533.88, 157738.529999999009306 ], [ 545472.1973, 157997.8029 ], [ 545279.9967, 158338.895300000993302 ], [ 545422.397099999944, 158388.700999999011401 ], [ 545360.8972, 158609.9977 ], [ 545406.0966, 158644.297900000994559 ], [ 545317.1984, 158884.599099999002647 ], [ 545415.1003, 159117.802300000999821 ], [ 545447.998099999968, 159362.0024 ], [ 545401.397, 159498.503399999987 ], [ 545522.599399999948, 159632.095100000995444 ], [ 545586.2018, 159758.4989 ], [ 545929.3035, 159935.098399999988 ], [ 546161.6988, 160106.599300000991207 ], [ 546431.304, 160423.5986 ], [ 546469.396199999959, 160593.1 ], [ 546638.7003, 160643.5956 ], [ 546749.901399999973, 160804.499500000994885 ], [ 546912.296199999982, 160821.504699999000877 ], [ 547090.603899999987, 160733.199899998988258 ], [ 547113.7972, 160884.29670000099577 ], [ 547398.499199999962, 160821.504699999000877 ], [ 547498.5035, 161059.0966 ], [ 547559.500499999966, 161116.100299999001436 ], [ 547609.427299999981, 161061.4114 ], [ 547648.3, 161079.0 ], [ 547644.597799999989, 161187.299900001002243 ], [ 547803.7027, 161360.600299999001436 ], [ 547899.098099999945, 161530.2018 ], [ 547779.000499999966, 161649.4976 ], [ 547648.003, 162053.602 ], [ 547696.896199999959, 162086.102700001007179 ], [ 547654.9041, 162229.3017 ], [ 547572.7998, 162204.5987 ], [ 547526.0008, 162372.6007 ], [ 547558.4039, 162580.6011 ], [ 547583.1968, 162577.502 ], [ 547640.5, 162692.499099999986 ], [ 547690.893, 162706.096999998990213 ], [ 547902.297099999967, 162756.8007 ], [ 548105.4967, 162897.4004 ], [ 548557.3013, 162835.498199999012286 ], [ 548563.798399999971, 162870.4981 ], [ 548928.897899999982, 162732.897500001010485 ], [ 548937.398599999957, 162802.897500001010485 ], [ 548870.399199999985, 162927.301899999001762 ], [ 548940.004, 162922.103399999003159 ], [ 549010.6972, 163059.2041 ], [ 549092.702599999961, 163050.196699999010889 ], [ 549095.2998, 163085.5966 ], [ 549040.297, 163108.9999 ], [ 549212.198199999984, 163364.896600000996841 ], [ 549189.903599999961, 163405.095100000995444 ], [ 549301.8963, 163473.895400000998052 ], [ 549313.4971, 163688.403999998990912 ], [ 549330.5973, 163732.3014 ], [ 549364.896799999988, 163729.802200000995072 ], [ 549387.8016, 163935.70319999899948 ], [ 549459.2038, 164038.2039 ], [ 549492.1016, 164199.5977 ], [ 549505.598699999973, 164313.395099999004742 ], [ 549432.003299999982, 164334.698999999003718 ], [ 549463.4995, 164547.2982 ], [ 549404.8029, 164584.897399998997571 ], [ 549399.303399999975, 164625.9956 ], [ 549456.598299999954, 164788.099199999007396 ], [ 549431.5993, 164826.098399999988 ], [ 549649.7966, 165224.304400001012255 ], [ 549573.397899999982, 165293.604499998997198 ], [ 549680.897, 165420.198299999989 ], [ 549716.598099999945, 165536.904899999004556 ], [ 549829.802799999947, 165446.700699999987 ], [ 549871.0034, 165454.1986 ], [ 549897.1979, 165601.296499999007 ], [ 549761.302799999947, 165648.902799998992123 ], [ 549829.802799999947, 165876.797599999001 ], [ 549801.4975, 165957.604499998997198 ], [ 549713.498, 166028.7041 ], [ 549856.096299999976, 166239.2039 ], [ 549912.5008, 166217.9 ], [ 549952.0028, 166531.4002 ], [ 549878.201299999957, 166562.601299998990726 ], [ 549888.4004, 166602.299900001002243 ], [ 549791.1994, 166643.3982 ], [ 549799.601099999971, 166733.9022 ], [ 549693.1986, 166752.297 ], [ 549689.6038, 166863.495200000994373 ], [ 549742.8009, 166865.4046 ], [ 549741.5971, 167127.39959999898565 ], [ 549693.602599999984, 167150.902899998996872 ], [ 549690.6014, 167284.3047 ], [ 549700.800599999959, 167392.603700000996469 ], [ 549732.7007, 167413.29780000098981 ], [ 549619.2981, 167582.8992 ], [ 549654.199499999988, 167615.399900001008064 ], [ 549598.5041, 167704.3045000009879 ], [ 549673.5012, 167951.8036 ], [ 549509.2018, 168089.904100001003826 ], [ 549521.0344, 168140.8993 ], [ 549521.5035, 168162.0035 ], [ 550256.0972, 168121.0952 ], [ 550467.096499999985, 168141.7992 ], [ 550541.203199999989, 168157.404799999989 ], [ 550293.496799999964, 168520.800799999007722 ], [ 550198.802299999981, 168776.897399998997571 ], [ 550164.6017, 169069.303699999989 ], [ 550094.6012, 169257.5998 ], [ 550026.9999, 169375.995999998995103 ], [ 549988.7016, 169384.20360000099754 ], [ 550007.3025, 169419.5035 ], [ 549830.998299999977, 169670.501700001012068 ], [ 549710.0021, 169708.0009 ], [ 549537.6968, 169868.604900000995258 ], [ 549549.0594, 169902.1479 ], [ 549556.800599999959, 169923.999099999986 ], [ 549577.5039, 169982.20240000099875 ], [ 549737.796199999982, 169935.2959 ], [ 549830.701499999966, 169941.5041 ], [ 549880.6006, 170227.502199999988 ], [ 549599.897499999963, 170263.0021 ], [ 549556.1987, 170348.197699999000179 ], [ 549686.297499999986, 170644.502900001010858 ], [ 549671.1019, 170928.1017 ], [ 549881.9033, 170950.5952 ], [ 549917.2994, 171030.4024 ], [ 549669.098299999954, 171241.301999999006512 ], [ 549782.599799999967, 171386.3005 ], [ 549800.302, 171455.7006 ], [ 549826.9995, 172035.3047 ], [ 549929.098099999945, 172199.897600000986131 ], [ 549962.8039, 172412.4968 ], [ 550156.9009, 172334.799000000988599 ], [ 550188.100199999986, 172346.5956 ], [ 550243.6966, 172234.4977 ], [ 550301.7996, 172288.70219999901 ], [ 550528.596499999985, 172212.8039 ], [ 550523.3031, 172176.70429999899352 ], [ 550550.297499999986, 172170.495999998995103 ], [ 550639.7976, 172373.697899999009678 ], [ 550683.100699999952, 172367.599599999987 ], [ 550713.4013, 172481.2971 ], [ 550671.4009, 172495.0032 ], [ 550721.803, 172567.931099999987 ], [ 550700.802799999947, 172898.897500001010485 ], [ 550833.498799999943, 173173.098999998997897 ], [ 550972.793199999956, 173590.9418 ], [ 550973.302099999972, 173592.099099999002647 ], [ 551101.4, 173827.35 ], [ 551327.55, 173690.199999998993007 ], [ 551508.6, 173865.15 ], [ 551570.05, 173819.300000001006993 ], [ 551656.5, 173870.449999998993007 ], [ 551666.5, 173943.35 ], [ 551781.6, 173968.25 ], [ 551841.55, 174015.65 ], [ 551882.5, 174001.5 ], [ 552100.2, 174256.550000001006993 ], [ 552111.55, 174462.15 ], [ 552168.85, 174448.9 ], [ 552192.85, 174507.15 ], [ 552345.502899999963, 174476.595899998996174 ], [ 552413.098299999954, 174707.254899999010377 ], [ 552477.65, 174804.949999998993007 ], [ 552532.6, 174830.75 ], [ 552556.95, 174801.0 ], [ 552699.871, 174897.795 ], [ 552780.05, 174821.6 ], [ 552896.8, 174863.949999998993007 ], [ 552939.35, 174932.35 ], [ 552973.9, 174915.0 ], [ 552999.45, 174984.35 ], [ 553042.4, 175005.0 ], [ 553046.0, 175060.35 ], [ 553089.2, 175090.25 ], [ 553125.75, 175065.1 ], [ 553186.65, 175118.199999998993007 ], [ 553174.25, 175184.9 ], [ 553215.65, 175283.5 ], [ 553126.301899999962, 175328.302100000990322 ], [ 553165.301, 175482.498 ], [ 553151.162, 175520.704600000986829 ], [ 553156.569299999974, 175519.8071 ], [ 553187.7, 175532.0 ], [ 553151.9, 175556.300000001006993 ], [ 553194.0, 175569.199999998993007 ], [ 553167.5, 175582.5 ], [ 553178.3, 175616.300000001006993 ], [ 553270.3, 175739.199999998993007 ], [ 553338.4, 175749.199999998993007 ], [ 553462.4, 175902.300000001006993 ], [ 553641.2, 175996.560000000987202 ], [ 553689.9054, 175638.096799999009818 ], [ 553690.6909, 175636.9976 ], [ 553810.35, 175469.550000001006993 ], [ 553762.907, 175217.308 ], [ 554034.0498, 174945.57850000099279 ], [ 554016.6088, 174966.8804 ], [ 554014.607899999944, 174969.324200000992278 ], [ 553806.95, 175222.949999998993007 ], [ 553844.2, 175434.15 ], [ 553739.6496, 175644.408399998996174 ], [ 553739.375699999975, 175644.9592 ], [ 553672.1, 176205.1 ], [ 553667.4, 176269.199999998993007 ], [ 553680.4, 176248.699999998993007 ], [ 553674.3, 176223.9 ], [ 553676.7, 176216.300000001006993 ], [ 553710.6, 176179.5 ], [ 553677.6, 176222.300000001006993 ], [ 553694.1, 176291.1 ], [ 553656.4, 176369.800000001006993 ], [ 553693.3, 176354.199999998993007 ], [ 553693.1, 176417.300000001006993 ], [ 553659.8, 176396.199999998993007 ], [ 553701.9, 176536.0 ], [ 553747.9, 176490.6 ], [ 553717.3, 176451.800000001006993 ], [ 553812.4, 176528.800000001006993 ], [ 553756.0, 176491.1 ], [ 553715.7, 176536.699999998993007 ], [ 553725.2, 176626.300000001006993 ], [ 553746.8, 176603.0 ], [ 553702.2, 176776.0 ], [ 553734.4, 176808.4 ], [ 553623.7, 176852.199999998993007 ], [ 553540.1, 176990.0 ], [ 553739.6, 177207.4 ], [ 553721.6, 177397.300000001006993 ], [ 553755.3, 177484.9 ], [ 554000.0, 177582.6 ], [ 554052.5, 177648.5 ], [ 554083.5, 177772.9 ], [ 554041.5, 177828.699999998993007 ], [ 554082.8, 177897.300000001006993 ], [ 554050.2, 177915.800000001006993 ], [ 554120.6, 177966.6 ], [ 554163.6, 177932.0 ], [ 554269.5, 177951.5 ], [ 554787.8, 177559.1 ], [ 554902.1, 177532.300000001006993 ], [ 555362.0, 177140.4 ], [ 555551.69, 176933.199999998993007 ], [ 555594.0, 176935.800000001006993 ], [ 555626.0, 176875.9 ], [ 555654.0, 176887.6 ], [ 555655.0, 176772.199999998993007 ], [ 555754.1, 176716.5 ], [ 555831.1, 176734.800000001006993 ], [ 556258.65, 176444.1 ], [ 556346.3, 176379.9 ], [ 556406.2, 176251.800000001006993 ], [ 556671.8, 176104.9 ], [ 556779.429, 176130.088300000992604 ], [ 556784.0257, 176131.164100001013139 ], [ 556794.0, 176096.6 ], [ 557150.9, 175956.4 ], [ 557269.6, 175785.6 ], [ 557552.85, 175530.1 ], [ 557613.8, 175436.6 ], [ 558109.95, 175203.550000001006993 ], [ 558177.7, 175194.5 ], [ 558180.75, 175253.0 ], [ 558218.0, 175252.199999998993007 ], [ 558261.55, 175237.0 ], [ 558246.5, 175190.800000001006993 ], [ 558269.9854, 175190.249700001004385 ], [ 558277.434299999964, 175190.2457 ], [ 558278.840699999942, 175190.244999999005813 ], [ 558457.4, 175190.15 ], [ 558607.33, 175237.32 ], [ 558635.52, 175194.630000000994187 ], [ 558659.34, 175235.119999999005813 ], [ 558707.2, 175237.5 ], [ 558710.78, 175204.5 ], [ 558820.75, 175215.199999998993007 ], [ 559234.6, 175325.550000001006993 ], [ 559327.4, 175370.85 ], [ 559394.8, 175455.699999998993007 ], [ 559508.35, 175474.9 ], [ 559516.2, 175517.65 ], [ 559680.05, 175633.6 ], [ 559709.0, 175686.5 ], [ 559896.8, 175732.1 ], [ 559892.05, 175785.050000001006993 ], [ 559935.95, 175855.4 ], [ 559904.15, 175892.5 ], [ 559999.986599999946, 176000.2776 ], [ 560012.9, 176014.800000001006993 ], [ 560013.2, 176072.300000001006993 ], [ 560060.5, 176105.449999998993007 ], [ 560128.84, 176091.51 ], [ 560400.735, 176481.532 ], [ 560424.691, 176499.473999998997897 ], [ 560417.383, 176467.305 ], [ 560628.806, 176370.723999998997897 ], [ 560640.554, 176402.157 ], [ 560586.42, 176468.381999998993706 ], [ 560548.055, 176458.693 ], [ 560497.652, 176503.606000000989297 ], [ 560534.985, 176540.772 ], [ 560538.08, 176677.139 ], [ 560588.34, 176731.8900000010035 ], [ 560767.369, 176681.658 ], [ 560930.781599999988, 176539.2797 ], [ 560935.8166, 176533.099099999002647 ], [ 561050.209, 176392.679 ], [ 561236.627, 176025.112 ], [ 561315.13, 175735.029999999009306 ], [ 561433.48, 175552.35 ], [ 561740.677, 175166.672 ], [ 561973.4, 174949.25 ], [ 561884.9, 175000.4 ], [ 561768.9, 175016.869999999005813 ], [ 561668.75, 174925.9 ], [ 561792.9, 174948.6 ], [ 561837.15, 174926.25 ], [ 561830.4, 174892.949999998993007 ], [ 561910.911, 174883.111 ], [ 561976.45, 174946.800000001006993 ], [ 562541.4, 174711.199999998993007 ], [ 562533.65, 174663.0 ], [ 562602.6, 174645.199999998993007 ], [ 562611.53, 174680.74 ], [ 563297.63, 174543.73 ], [ 563299.741099999985, 174536.455800000985619 ], [ 563300.5285, 174533.742699999012984 ], [ 563310.8, 174498.35 ], [ 563498.5, 174482.9 ], [ 563616.868, 174509.131999998993706 ], [ 563628.48, 174485.91 ], [ 563778.45, 174478.15 ], [ 563800.6472, 174494.249399999011075 ], [ 563811.280299999984, 174501.9614 ], [ 563814.7029, 174504.443700000992976 ], [ 564358.6, 174489.16 ], [ 564358.7, 174456.6 ], [ 564430.3, 174450.1 ], [ 564448.2, 174495.11 ], [ 564772.7769, 174467.056299999007024 ], [ 564773.123299999977, 174467.0264 ], [ 564927.34, 174407.52 ], [ 564952.35, 174445.800000001006993 ], [ 565515.3, 174375.9 ], [ 565633.76, 174303.460000001010485 ], [ 565689.33, 174346.58 ], [ 566042.45, 174331.1 ], [ 566185.25, 174285.25 ], [ 566425.2, 174304.75 ], [ 566422.45, 174338.6 ], [ 566447.700399999972, 174336.365900000993861 ], [ 566915.8, 174294.949999998993007 ], [ 567342.0844, 174333.5011 ], [ 567881.4, 174414.300000001006993 ], [ 568849.1262, 174760.2717 ], [ 568851.4717, 174761.110200001014164 ], [ 568851.7009, 174761.192099999986 ], [ 569240.95, 174868.08 ], [ 569667.74, 174872.6400000010035 ], [ 569603.61, 174930.310000000987202 ], [ 569678.54, 174977.58 ], [ 569662.57, 174998.83 ], [ 569694.82, 175045.3900000010035 ], [ 569813.75, 175146.99 ], [ 569855.77, 175148.25 ], [ 569870.26, 175117.945900001010159 ], [ 569870.327, 175118.5803 ], [ 569879.0, 175200.67 ], [ 569942.27, 175235.369999999005813 ], [ 569937.26, 175196.83 ], [ 569978.85, 175204.050000001006993 ], [ 569967.67, 175276.630000000994187 ], [ 570061.68, 175358.65 ], [ 570185.24, 175283.51 ], [ 570079.38, 175382.18 ], [ 570123.05, 175459.4 ], [ 570185.83, 175450.59 ], [ 570213.02, 175375.48 ], [ 570259.66, 175349.6400000010035 ], [ 570319.07, 175371.07 ], [ 570324.72, 175332.189999999012798 ], [ 570400.12, 175416.86 ], [ 570600.69, 175487.15 ], [ 570677.74, 175615.470000000990694 ], [ 570818.88, 175628.51 ], [ 570925.65, 175688.27 ], [ 570973.39, 175761.65 ], [ 570977.84, 175725.76 ], [ 570992.23, 175748.880000000994187 ], [ 570960.4525, 175818.0725 ], [ 570957.7123, 175819.360400000994559 ], [ 570922.67, 175835.83 ], [ 570932.78, 175775.970000000990694 ], [ 570909.36, 175781.960000001010485 ], [ 570913.05, 175907.0 ], [ 570849.29, 175942.35 ], [ 570873.78, 175958.85 ], [ 570848.04, 175985.75 ], [ 570834.41, 175954.220000000990694 ], [ 570812.54, 175977.93 ], [ 570899.4, 176219.439999999012798 ], [ 570860.29, 176250.11 ], [ 570814.71, 176404.01 ], [ 570720.1, 176422.880000000994187 ], [ 570683.91, 176564.960000001010485 ], [ 570587.1, 176683.86 ], [ 570686.73, 176873.869999999005813 ], [ 570854.1, 176983.66 ], [ 570989.61, 176917.58 ], [ 571005.57, 176880.210000001010485 ], [ 571352.92, 176851.560000000987202 ], [ 571464.59, 176782.18 ], [ 571513.45, 176812.48 ], [ 571469.63, 176865.35 ], [ 571442.08, 176989.98 ], [ 571394.51, 176971.6400000010035 ], [ 571259.13, 177019.23 ], [ 571306.27, 177050.289999998989515 ], [ 571362.82, 177024.199999998993007 ], [ 571348.4, 177052.66 ], [ 571430.12, 176996.49 ], [ 571364.45, 177081.960000001010485 ], [ 571284.1, 177081.380000000994187 ], [ 571228.03, 177031.08 ], [ 571185.19, 177056.74 ], [ 571258.75, 177075.060000000987202 ], [ 571161.98, 177059.36 ], [ 571161.4, 177018.01 ], [ 571184.35, 177043.6 ], [ 571248.9, 177020.61 ], [ 571175.52, 176994.6 ], [ 571119.74, 177044.300000001006993 ], [ 571155.62, 177051.699999998993007 ], [ 570975.21, 177036.8900000010035 ], [ 570932.29, 177017.73 ], [ 570854.43, 177032.539999998989515 ], [ 570836.27, 177086.02 ], [ 570910.51, 177440.289999998989515 ], [ 571045.47, 177660.220000000990694 ], [ 571033.91, 177777.35 ], [ 571211.65, 178252.699999998993007 ], [ 571408.69, 178493.300000001006993 ], [ 571495.47, 178855.939999999012798 ], [ 572298.13, 179351.68 ], [ 572527.7, 179402.07 ], [ 572897.06, 179409.800000001006993 ], [ 573157.68, 179350.029999999009306 ], [ 574352.75, 179247.880000000994187 ], [ 574643.5, 179293.23 ], [ 574781.43, 179214.1 ], [ 575177.66, 179219.43 ], [ 575482.71, 179165.09 ], [ 575804.4259, 179279.788299999986 ], [ 576217.35, 179343.42 ], [ 576715.92, 179501.619999999005813 ], [ 576922.15, 179531.130000000994187 ], [ 577398.02, 179312.300000001006993 ], [ 577407.41, 179154.09 ], [ 577361.33, 179030.73 ], [ 577423.06, 178969.550000001006993 ], [ 577417.52, 178918.08 ], [ 577445.59, 178949.84 ], [ 577475.05, 178914.67 ], [ 577463.48, 178945.65 ], [ 577492.04, 178970.119999999005813 ], [ 577522.11, 178955.24 ], [ 577573.23, 178964.36 ], [ 577517.22, 178962.83 ], [ 577519.13, 179002.050000001006993 ], [ 577747.22, 179077.09 ], [ 577734.25, 179230.199999998993007 ], [ 577845.92, 179301.119999999005813 ], [ 578266.4, 179245.6 ], [ 578840.5, 179290.939999999012798 ], [ 578961.57, 179199.039999998989515 ], [ 579205.79, 178866.189999999012798 ], [ 579267.54, 178873.84 ], [ 579303.4667, 178921.522299998992821 ], [ 579319.28, 178942.51 ], [ 579398.64, 178923.369999999005813 ], [ 579389.1, 178834.24 ], [ 579389.12, 178826.25 ], [ 579434.97, 178796.380000000994187 ], [ 579386.43, 178765.310000000987202 ], [ 579438.07, 178795.48 ], [ 579431.26, 178800.68 ], [ 579390.91, 178830.75 ], [ 579428.42, 178936.25 ], [ 579504.18, 178956.84 ], [ 579553.84, 178933.0 ], [ 579590.68, 178958.26 ], [ 579583.01, 179261.960000001010485 ], [ 579627.02, 179330.67 ], [ 579779.38, 179295.51 ], [ 579949.11, 179189.970000000990694 ], [ 580000.0182, 179199.184900001011556 ], [ 580055.9, 179209.300000001006993 ], [ 580593.9, 178997.300000001006993 ], [ 580732.0, 179035.9 ], [ 581324.1, 178822.779999999009306 ], [ 581362.62, 178834.02 ], [ 581456.09, 178770.970000000990694 ], [ 581441.77, 178670.810000000987202 ], [ 581562.31, 178457.48 ], [ 581715.9, 178370.5 ], [ 581906.1, 178462.5 ], [ 582120.1, 178488.4 ], [ 582346.9, 178642.4 ], [ 582583.8, 178708.0 ], [ 582688.07, 178690.949999998993007 ], [ 582819.1, 178739.1 ], [ 583082.5, 178748.699999998993007 ], [ 583562.89, 178866.07 ], [ 583842.7, 178860.199999998993007 ], [ 584158.7, 178632.630000000994187 ], [ 584810.09, 178766.779999999009306 ], [ 584872.39, 178726.48 ], [ 584927.2, 178579.48 ], [ 585052.66, 178509.16 ], [ 585239.8, 178541.800000001006993 ], [ 585497.33, 178494.529999999009306 ], [ 585532.1, 178365.18 ], [ 585608.2, 178338.9 ], [ 585619.61, 178274.61 ], [ 585605.1, 178255.699999998993007 ], [ 585532.28, 178293.27 ], [ 585607.1, 178250.800000001006993 ], [ 585563.05, 178215.6400000010035 ], [ 585565.05, 177969.6 ], [ 585796.5, 177665.4 ], [ 586021.4, 177562.199999998993007 ], [ 586239.9, 177545.0 ], [ 586494.4, 177464.4 ], [ 586792.8, 177115.800000001006993 ], [ 586784.12, 176877.33 ], [ 586816.72, 176877.43 ], [ 586844.9, 176949.0 ], [ 586862.0, 176891.199999998993007 ], [ 586847.5, 176985.199999998993007 ], [ 586890.1, 176978.6 ], [ 586908.0, 177008.4 ], [ 586873.9, 177114.4 ], [ 586964.1, 177009.199999998993007 ], [ 586892.6, 176950.9 ], [ 586929.1, 176961.0 ], [ 586947.3, 176925.9 ], [ 586924.9, 176907.300000001006993 ], [ 586953.2, 176926.699999998993007 ], [ 586931.7, 176971.6 ], [ 586955.3, 176937.300000001006993 ], [ 586940.3, 176970.1 ], [ 586971.5, 177000.6 ], [ 587021.5, 176968.699999998993007 ], [ 586961.7, 176891.800000001006993 ], [ 586970.2, 176834.6 ], [ 586939.5, 176826.199999998993007 ], [ 586990.7, 176810.0 ], [ 586986.9, 176865.800000001006993 ], [ 587014.3, 176811.300000001006993 ], [ 587033.6, 176822.699999998993007 ], [ 587027.5, 176882.199999998993007 ], [ 586984.1, 176887.0 ], [ 587038.04, 176954.050000001006993 ], [ 587040.72, 176972.6 ], [ 586996.6, 176993.6 ], [ 587013.6, 177037.5 ], [ 586980.5, 177016.4 ], [ 586947.8, 177042.0 ], [ 586944.7, 177093.199999998993007 ], [ 586889.4, 177129.6 ], [ 586915.4, 177162.300000001006993 ], [ 586883.2, 177173.800000001006993 ], [ 586844.8, 177135.9 ], [ 586787.4, 177196.300000001006993 ], [ 586764.1, 177242.0 ], [ 586819.5, 177262.1 ], [ 586811.4, 177286.0 ], [ 586791.0, 177312.4 ], [ 586801.6, 177269.4 ], [ 586771.5, 177246.5 ], [ 586728.6, 177278.4 ], [ 586712.8, 177317.6 ], [ 586755.1, 177357.300000001006993 ], [ 586701.0, 177339.4 ], [ 586603.8, 177451.9 ], [ 586681.5, 177403.699999998993007 ], [ 586653.1, 177445.5 ], [ 586213.6, 177670.0 ], [ 586228.2, 177643.5 ], [ 586075.6, 177666.9 ], [ 586076.0, 177695.800000001006993 ], [ 586059.5, 177669.1 ], [ 586012.2, 177674.300000001006993 ], [ 586026.8, 177701.5 ], [ 586058.2, 177757.6 ], [ 586049.4, 177779.699999998993007 ], [ 586049.1252, 177793.1798 ], [ 586002.4, 177826.0 ], [ 586044.5, 177768.0 ], [ 586020.060799999977, 177699.655400001007365 ], [ 586008.0, 177674.5 ], [ 585876.0, 177721.5 ], [ 585915.4, 177781.1 ], [ 585872.1, 177728.300000001006993 ], [ 585737.7, 177851.300000001006993 ], [ 585824.0, 177901.699999998993007 ], [ 585983.7, 177764.5 ], [ 585830.4, 177902.699999998993007 ], [ 585823.0, 177904.5 ], [ 585728.9, 177863.0 ], [ 585676.4, 177949.699999998993007 ], [ 585696.727599999984, 177956.3518 ], [ 585773.7, 177978.5 ], [ 585791.8, 177953.6 ], [ 585786.5, 177978.0 ], [ 585779.6, 177981.1 ], [ 585761.6, 177980.1 ], [ 585705.1, 177965.199999998993007 ], [ 585680.8, 177955.9 ], [ 585669.0, 177977.300000001006993 ], [ 585714.9, 177991.800000001006993 ], [ 585666.5, 177979.5 ], [ 585652.7, 178030.199999998993007 ], [ 585645.3, 178137.199999998993007 ], [ 585654.0, 178112.300000001006993 ], [ 585671.7, 178113.4 ], [ 585711.0, 178102.800000001006993 ], [ 585751.3, 178094.5 ], [ 585757.9, 178038.699999998993007 ], [ 585780.6, 178028.9 ], [ 585794.4, 178036.6 ], [ 585812.5, 178053.1 ], [ 585823.7793, 178070.693499999004416 ], [ 585859.7, 177963.9 ], [ 585824.3, 178092.1 ], [ 585821.3, 178116.699999998993007 ], [ 585800.8, 178139.800000001006993 ], [ 585897.6, 178219.199999998993007 ], [ 585797.8, 178141.800000001006993 ], [ 585768.0, 178198.5 ], [ 585791.1, 178145.9 ], [ 585816.7, 178117.699999998993007 ], [ 585817.5, 178097.800000001006993 ], [ 585823.7, 178081.9 ], [ 585805.104599999962, 178058.9486 ], [ 585784.0, 178032.9 ], [ 585752.0, 178099.5 ], [ 585673.0, 178140.800000001006993 ], [ 585667.0, 178121.6 ], [ 585650.8, 178145.4 ], [ 585619.6, 178184.800000001006993 ], [ 585934.2, 178302.4 ], [ 586111.6, 178485.800000001006993 ], [ 586279.3, 178468.1 ], [ 586633.4, 178545.800000001006993 ], [ 586702.1, 178472.1 ], [ 587147.93, 178329.960000001010485 ], [ 587235.44, 178266.67 ], [ 587528.69, 178287.779999999009306 ], [ 587585.15, 178320.11 ], [ 587827.21, 178173.449999998993007 ], [ 588475.9, 177427.1 ], [ 588854.51, 177122.09 ], [ 588938.75, 177003.779999999009306 ], [ 589010.97, 177004.27 ], [ 589052.76, 176936.41 ], [ 589088.45, 176930.289999998989515 ], [ 589181.87, 176727.86 ], [ 589267.51, 176272.810000000987202 ], [ 589344.17, 175560.779999999009306 ], [ 589310.09, 175505.289999998989515 ], [ 589350.63, 175486.699999998993007 ], [ 589348.05, 175136.9 ], [ 589236.6, 175063.5 ], [ 589222.41, 174904.91 ], [ 588980.03, 174479.35 ], [ 588691.4, 174231.5 ], [ 588484.6, 174132.0 ], [ 588454.5, 174137.0 ], [ 588428.8, 174209.300000001006993 ], [ 588374.24, 174219.18 ], [ 588260.54, 174166.68 ], [ 588143.6, 174011.59 ], [ 587759.53, 173925.439999999012798 ], [ 587648.43, 173977.6400000010035 ], [ 587369.38, 173957.99 ], [ 587126.91, 173878.5 ], [ 586925.88, 173926.9 ], [ 586232.88, 173865.18 ], [ 586084.1, 173894.4 ], [ 585951.21, 173966.810000000987202 ], [ 585923.22, 174031.470000000990694 ], [ 586017.68, 174165.92 ], [ 586090.48, 174195.49 ], [ 586154.78, 174281.09 ], [ 586134.21, 174476.4 ], [ 586052.68, 174608.09 ], [ 585835.47, 174624.9 ], [ 585673.03, 174901.6 ], [ 585631.93, 174926.68 ], [ 585638.07, 174989.699999998993007 ], [ 585609.71, 174949.529999999009306 ], [ 585588.88, 175000.550000001006993 ], [ 585618.2, 175011.800000001006993 ], [ 585578.31, 175020.380000000994187 ], [ 585575.84, 175067.93 ], [ 585639.88, 175075.689999999012798 ], [ 585576.91, 175136.86 ], [ 585699.38, 175232.710000001010485 ], [ 585734.1, 175331.699999998993007 ], [ 585700.6, 175384.6 ], [ 585766.4, 175415.800000001006993 ], [ 585774.09, 175495.029999999009306 ], [ 585651.96, 175545.939999999012798 ], [ 585691.0, 175475.33 ], [ 585647.6, 175398.199999998993007 ], [ 585638.6, 175268.699999998993007 ], [ 585546.1, 175226.800000001006993 ], [ 585476.51, 175099.619999999005813 ], [ 585437.62, 175096.810000000987202 ], [ 585453.18, 175039.300000001006993 ], [ 585342.22, 175046.82 ], [ 585184.64, 174990.6 ], [ 585134.5, 175041.199999998993007 ], [ 585201.8, 175263.300000001006993 ], [ 585096.79, 175439.1 ], [ 584880.59, 175574.83 ], [ 584654.8, 175594.300000001006993 ], [ 584569.22, 175549.4 ], [ 584502.26, 175405.68 ], [ 584510.93, 175359.35 ], [ 584469.68, 175346.220000000990694 ], [ 584453.3, 175289.1 ], [ 584332.2, 175308.800000001006993 ], [ 584240.7, 175212.61 ], [ 584261.0, 175211.800000001006993 ], [ 584278.7, 175187.6 ], [ 584299.3, 175216.300000001006993 ], [ 584303.7, 175248.4 ], [ 584328.0, 175262.300000001006993 ], [ 584303.9, 175239.0 ], [ 584310.8, 175232.699999998993007 ], [ 584343.4, 175224.300000001006993 ], [ 584312.4, 175242.0 ], [ 584317.2095, 175243.7302 ], [ 584345.2, 175253.800000001006993 ], [ 584370.0, 175230.699999998993007 ], [ 584305.0, 175203.0 ], [ 584241.6, 175111.699999998993007 ], [ 584272.2, 175186.9 ], [ 584220.6, 175131.699999998993007 ], [ 584258.049299999955, 175200.4308 ], [ 584228.5, 175153.4 ], [ 584231.6, 175206.699999998993007 ], [ 584200.2, 175192.800000001006993 ], [ 584202.5, 175149.4 ], [ 584192.5, 175179.1 ], [ 584156.9, 175172.1 ], [ 584204.5, 175106.9 ], [ 584205.3, 175099.0 ], [ 584172.2, 175044.5 ], [ 584156.5, 175062.1 ], [ 584194.7, 175086.0 ], [ 584191.1, 175092.800000001006993 ], [ 584184.5, 175105.9 ], [ 584152.3, 175115.5 ], [ 584182.081499999971, 175093.827 ], [ 584191.6, 175086.9 ], [ 584156.7, 175069.4 ], [ 584118.2, 175125.199999998993007 ], [ 584179.42, 175131.36 ], [ 584124.61, 175162.460000001010485 ], [ 583926.2, 175041.1 ], [ 583891.67, 174969.619999999005813 ], [ 583919.98, 174983.720000000990694 ], [ 583912.68, 174953.25 ], [ 583812.08, 175009.1400000010035 ], [ 583666.34, 175019.25 ], [ 583682.9, 174998.6 ], [ 583650.2, 174945.4 ], [ 583640.0, 175008.5 ], [ 583614.9, 175002.0 ], [ 583663.5, 175055.5 ], [ 583665.6, 175072.6 ], [ 583653.2, 175095.1 ], [ 583633.39, 175108.3900000010035 ], [ 583567.97, 175110.59 ], [ 583551.52, 175107.01 ], [ 583556.1, 175075.300000001006993 ], [ 583464.1, 175068.699999998993007 ], [ 583426.34, 175059.460000001010485 ], [ 583397.5, 175033.720000000990694 ], [ 583446.935199999949, 175031.4966 ], [ 583396.57, 175025.779999999009306 ], [ 583360.22, 175043.369999999005813 ], [ 583343.75, 175104.52 ], [ 583355.49, 175050.560000000987202 ], [ 583323.13, 175068.8900000010035 ], [ 583341.64, 175188.61 ], [ 583268.14, 175209.310000000987202 ], [ 583260.45, 175181.800000001006993 ], [ 583299.06, 175177.99 ], [ 583268.15, 175177.0 ], [ 583256.7416, 175140.705 ], [ 583289.8, 175132.4 ], [ 583257.7, 175122.0 ], [ 583228.5, 175147.800000001006993 ], [ 583245.5, 175086.1 ], [ 583206.5, 175104.6 ], [ 583190.4, 175063.4 ], [ 583170.7, 175073.1 ], [ 583182.6, 174989.199999998993007 ], [ 583131.3, 175064.0 ], [ 583095.4, 175055.300000001006993 ], [ 583159.8, 174982.9 ], [ 583189.8, 174986.0 ], [ 583203.4, 175000.0 ], [ 583186.64, 174979.060000000987202 ], [ 583165.38, 174977.810000000987202 ], [ 583115.5, 175005.699999998993007 ], [ 583102.7, 174982.5 ], [ 583089.2, 174927.800000001006993 ], [ 583107.3, 174940.5 ], [ 583129.9, 174902.4 ], [ 583152.7, 174932.9 ], [ 583165.3, 174901.9 ], [ 583137.7, 174814.6 ], [ 583098.1, 174838.060000000987202 ], [ 583082.72, 174809.539999998989515 ], [ 583015.87, 174806.23 ], [ 583058.16, 174833.08 ], [ 583024.53, 174877.33 ], [ 583016.77, 174819.16 ], [ 582991.96, 174857.01 ], [ 583005.0, 174796.369999999005813 ], [ 582975.17, 174867.449999998993007 ], [ 582954.24, 174802.35 ], [ 583008.98, 174788.029999999009306 ], [ 582974.96, 174766.23 ], [ 582970.6413, 174770.4748 ], [ 582945.39, 174759.460000001010485 ], [ 582982.2, 174760.67 ], [ 582988.27, 174712.6400000010035 ], [ 582979.24, 174747.83 ], [ 582947.96, 174716.439999999012798 ], [ 582920.88, 174753.050000001006993 ], [ 582915.06, 174724.210000001010485 ], [ 582903.52, 174706.74 ], [ 582940.64, 174716.49 ], [ 582919.9, 174689.380000000994187 ], [ 582950.62, 174705.42 ], [ 582935.27, 174683.1400000010035 ], [ 582977.4, 174626.1400000010035 ], [ 582926.04, 174624.800000001006993 ], [ 582948.69, 174630.699999998993007 ], [ 582928.45, 174649.779999999009306 ], [ 582897.987199999974, 174629.524 ], [ 582931.95, 174605.699999998993007 ], [ 582910.49, 174600.6 ], [ 582893.55, 174626.86 ], [ 582893.3, 174642.310000000987202 ], [ 582936.23, 174670.84 ], [ 582890.22, 174649.68 ], [ 582876.51, 174664.59 ], [ 582861.1193, 174683.39110000099754 ], [ 582913.43, 174695.460000001010485 ], [ 582889.1898, 174715.9747 ], [ 582859.39, 174686.51 ], [ 582856.15, 174677.470000000990694 ], [ 582865.32, 174653.0 ], [ 582881.0, 174649.130000000994187 ], [ 582878.44, 174642.07 ], [ 582850.82, 174656.67 ], [ 582846.03, 174683.49 ], [ 582882.3, 174730.380000000994187 ], [ 582912.49, 174733.960000001010485 ], [ 582869.7263, 174772.7722 ], [ 582854.78, 174706.060000000987202 ], [ 582837.46, 174748.09 ], [ 582864.12, 174778.41 ], [ 582886.03, 174786.0 ], [ 582925.19, 174757.33 ], [ 582885.94, 174801.83 ], [ 582925.1, 174820.529999999009306 ], [ 582939.58, 174778.810000000987202 ], [ 582959.08, 174844.43 ], [ 582933.46, 174813.060000000987202 ], [ 582921.91, 174832.74 ], [ 582991.01, 174900.43 ], [ 583013.05, 174900.68 ], [ 582984.88, 174889.36 ], [ 583007.42, 174890.82 ], [ 582996.67, 174867.25 ], [ 583040.45, 174905.4 ], [ 583041.92, 174921.210000001010485 ], [ 583074.85, 174886.470000000990694 ], [ 583080.43, 174926.449999998993007 ], [ 583065.7, 174922.439999999012798 ], [ 583041.34, 174938.35 ], [ 583019.07, 174914.470000000990694 ], [ 583054.15, 174998.52 ], [ 583008.95, 174976.65 ], [ 583052.09, 175011.300000001006993 ], [ 583089.83, 174947.66 ], [ 583101.5, 175009.699999998993007 ], [ 583052.4, 175033.6 ], [ 583083.6, 175043.5 ], [ 583094.5, 175027.5 ], [ 583084.8, 175050.9 ], [ 583076.2, 175053.6 ], [ 583030.1, 175031.220000000990694 ], [ 583003.0347, 175001.526000001002103 ], [ 582997.29, 174950.470000000990694 ], [ 582962.76, 174965.210000001010485 ], [ 583008.9, 175023.6400000010035 ], [ 583069.05, 175060.68 ], [ 583007.26, 175029.789999998989515 ], [ 582952.88, 174968.49 ], [ 582957.1, 174949.619999999005813 ], [ 582979.02, 174955.25 ], [ 582929.61, 174909.4 ], [ 582919.43, 174928.09 ], [ 582924.72, 174896.93 ], [ 582893.85, 174910.24 ], [ 582882.73, 174858.41 ], [ 582870.4, 174881.57 ], [ 582813.16, 174843.26 ], [ 582872.37, 174894.43 ], [ 582787.32, 174826.970000000990694 ], [ 582779.87, 174762.130000000994187 ], [ 582749.56, 174776.949999998993007 ], [ 582776.07, 174753.1400000010035 ], [ 582756.665, 174696.130000000994187 ], [ 582777.15, 174658.029999999009306 ], [ 582722.14, 174641.029999999009306 ], [ 582731.82, 174686.15 ], [ 582712.43, 174673.130000000994187 ], [ 582681.27, 174497.48 ], [ 582628.971, 174419.909 ], [ 582634.83, 174365.82 ], [ 582610.17, 174383.5 ], [ 582635.33, 174359.02 ], [ 582568.87, 174326.48 ], [ 582619.09, 174327.82 ], [ 582625.57, 174298.76 ], [ 582626.18, 174260.33 ], [ 582597.72, 174274.060000000987202 ], [ 582597.87, 174312.18 ], [ 582574.83, 174302.18 ], [ 582607.09, 174245.210000001010485 ], [ 582622.49, 174247.289999998989515 ], [ 582633.31, 174263.32 ], [ 582630.43, 174298.050000001006993 ], [ 582643.95, 174290.11 ], [ 582667.87, 174260.050000001006993 ], [ 582626.89, 174237.49 ], [ 582671.5, 174224.18 ], [ 582595.93, 174220.34 ], [ 582593.54, 174265.67 ], [ 582546.35, 174282.49 ], [ 582563.22, 174285.810000000987202 ], [ 582562.01, 174332.18 ], [ 582563.32, 174352.710000001010485 ], [ 582516.66, 174356.33 ], [ 582489.98, 174345.439999999012798 ], [ 582503.97, 174312.92 ], [ 582531.41, 174341.300000001006993 ], [ 582552.0165, 174305.9373 ], [ 582555.89, 174299.289999998989515 ], [ 582509.76, 174254.4 ], [ 582480.47, 174291.970000000990694 ], [ 582498.4, 174304.93 ], [ 582469.13, 174313.8900000010035 ], [ 582460.89, 174286.550000001006993 ], [ 582459.37, 174342.43 ], [ 582384.02, 174298.5 ], [ 582455.33, 174325.01 ], [ 582448.22, 174285.67 ], [ 582319.15, 174236.25 ], [ 582337.35, 174254.57 ], [ 582371.03, 174280.630000000994187 ], [ 582375.57, 174303.52 ], [ 582347.31, 174296.52 ], [ 582313.63, 174257.18 ], [ 582309.59, 174242.08 ], [ 582311.72, 174234.08 ], [ 582326.24, 174221.18 ], [ 582315.48, 174210.26 ], [ 582295.93, 174258.18 ], [ 582286.06, 174231.59 ], [ 582265.49, 174242.369999999005813 ], [ 582185.55, 174216.210000001010485 ], [ 582240.06, 174223.36 ], [ 582221.27, 174144.439999999012798 ], [ 582181.16, 174188.6400000010035 ], [ 582210.07, 174166.75 ], [ 582204.74, 174204.42 ], [ 582126.44, 174193.61 ], [ 582127.27, 174090.210000001010485 ], [ 582072.2622, 173999.0638 ], [ 582061.62, 173981.43 ], [ 582084.09, 173916.779999999009306 ], [ 582121.57, 173936.039999998989515 ], [ 582158.05, 173868.199999998993007 ], [ 582123.84, 173881.949999998993007 ], [ 582140.14, 173839.960000001010485 ], [ 582089.8, 173903.4 ], [ 582114.79, 173827.210000001010485 ], [ 582089.24, 173838.73 ], [ 582081.01, 173809.8900000010035 ], [ 582103.66, 173816.52 ], [ 582060.14, 173753.4 ], [ 582130.46, 173630.300000001006993 ], [ 582033.49, 173537.48 ], [ 582067.6215, 173506.2075 ], [ 582085.9, 173489.460000001010485 ], [ 582047.9435, 173493.0626 ], [ 581957.47, 173501.65 ], [ 581840.47, 173289.09 ], [ 581779.0, 173328.9 ], [ 581694.08, 173308.630000000994187 ], [ 581676.894, 173201.736 ], [ 581721.79, 173177.300000001006993 ], [ 581720.54, 173119.23 ], [ 581698.5, 173067.9 ], [ 581658.68, 173084.039999998989515 ], [ 581643.18, 173056.25 ], [ 581683.41, 173036.91 ], [ 581659.38, 173017.949999998993007 ], [ 581722.63, 173001.869999999005813 ], [ 581700.93, 173058.4 ], [ 581733.7, 173027.23 ], [ 581744.52, 173056.060000000987202 ], [ 581748.8, 172958.810000000987202 ], [ 581688.41, 172964.49 ], [ 581626.85, 172898.6400000010035 ], [ 581681.54, 172833.02 ], [ 581615.06, 172852.16 ], [ 581572.56, 172799.449999998993007 ], [ 581566.93, 172521.1 ], [ 581456.7, 172416.199999998993007 ], [ 581246.1, 172339.300000001006993 ], [ 581235.2, 172279.0 ], [ 581265.4, 172233.5 ], [ 581295.1, 172239.300000001006993 ], [ 581553.9, 172385.199999998993007 ], [ 581704.621, 172563.672 ], [ 581750.5, 172540.699999998993007 ], [ 581819.98, 172569.050000001006993 ], [ 581804.0, 172646.6 ], [ 581919.15, 172706.48 ], [ 581939.9, 172804.1 ], [ 581922.45, 172836.970000000990694 ], [ 581950.85, 172834.880000000994187 ], [ 581953.82, 172900.84 ], [ 581979.5, 172887.310000000987202 ], [ 581993.16, 172919.460000001010485 ], [ 581963.99, 172899.43 ], [ 581978.46, 172954.92 ], [ 581972.81, 172907.869999999005813 ], [ 582007.31, 172941.91 ], [ 581982.83, 172951.26 ], [ 582017.93, 172965.050000001006993 ], [ 582082.38, 173108.970000000990694 ], [ 582002.16, 173070.529999999009306 ], [ 582042.28, 173107.57 ], [ 582007.0, 173137.8900000010035 ], [ 582046.05, 173148.960000001010485 ], [ 582049.49, 173123.36 ], [ 582055.48, 173161.18 ], [ 582087.93, 173137.82 ], [ 582061.99, 173106.4 ], [ 582098.92, 173128.58 ], [ 582047.82, 173185.41 ], [ 582077.63, 173190.42 ], [ 582114.36, 173139.960000001010485 ], [ 582115.48, 173208.050000001006993 ], [ 582158.96, 173204.68 ], [ 582127.94, 173137.699999998993007 ], [ 582226.16, 173122.93 ], [ 582225.52, 173143.51 ], [ 582278.34, 173112.9 ], [ 582242.22, 173082.49 ], [ 582299.4729, 173099.274499999010004 ], [ 582313.75, 173103.460000001010485 ], [ 582293.47, 173076.0 ], [ 582267.23, 173085.35 ], [ 582267.39, 173071.279999999009306 ], [ 582294.36, 173069.58 ], [ 582260.4, 173064.050000001006993 ], [ 582268.09, 173042.83 ], [ 582233.45, 173072.1400000010035 ], [ 582246.47, 173029.1 ], [ 582358.54, 172987.36 ], [ 582273.35, 173055.51 ], [ 582297.71, 173063.85 ], [ 582308.26, 173085.949999998993007 ], [ 582324.43, 173028.689999999012798 ], [ 582391.12, 173020.060000000987202 ], [ 582368.01, 173001.65 ], [ 582403.57, 173007.48 ], [ 582393.97, 172984.619999999005813 ], [ 582412.06, 173008.02 ], [ 582421.02, 172954.09 ], [ 582428.91, 172981.66 ], [ 582466.1, 172945.99 ], [ 582458.95, 172905.82 ], [ 582422.87, 172943.439999999012798 ], [ 582434.95, 172894.66 ], [ 582405.4, 172909.560000000987202 ], [ 582372.41, 172984.369999999005813 ], [ 582398.4, 172912.0 ], [ 582377.01, 172926.66 ], [ 582374.16, 172892.1 ], [ 582384.48, 172864.960000001010485 ], [ 582420.1, 172898.91 ], [ 582429.98, 172865.15 ], [ 582391.82, 172847.24 ], [ 582441.74, 172812.800000001006993 ], [ 582403.57, 172815.130000000994187 ], [ 582455.58, 172784.11 ], [ 582480.14, 172718.289999998989515 ], [ 582509.83, 172721.61 ], [ 582425.61, 172686.199999998993007 ], [ 582429.92, 172707.98 ], [ 582427.61, 172721.720000000990694 ], [ 582441.81, 172695.3900000010035 ], [ 582456.56, 172712.869999999005813 ], [ 582434.86, 172736.42 ], [ 582423.79, 172725.74 ], [ 582420.18, 172718.77 ], [ 582420.55, 172685.58 ], [ 582426.99, 172669.48 ], [ 582463.01, 172650.029999999009306 ], [ 582416.71, 172659.869999999005813 ], [ 582399.77, 172601.630000000994187 ], [ 582381.55, 172629.289999998989515 ], [ 582365.22, 172606.720000000990694 ], [ 582397.22, 172597.57 ], [ 582404.34, 172600.939999999012798 ], [ 582428.71, 172645.74 ], [ 582451.81, 172573.49 ], [ 582346.38, 172556.01 ], [ 582301.67, 172458.1 ], [ 581955.0, 172294.16 ], [ 581773.17, 172145.26 ], [ 581641.57, 171943.1400000010035 ], [ 581375.46, 171836.57 ], [ 581099.64, 171784.199999998993007 ], [ 581052.17, 171733.75 ], [ 581019.18, 171757.08 ], [ 580892.91, 171747.939999999012798 ], [ 580871.35, 171713.17 ], [ 580758.86, 171781.1400000010035 ], [ 580741.53, 171750.77 ], [ 580738.17, 171786.220000000990694 ], [ 580693.34, 171796.6 ], [ 580497.21, 171658.119999999005813 ], [ 580324.97, 171598.83 ], [ 580165.35, 171650.68 ], [ 579999.9862, 171745.385 ], [ 579950.79, 171773.560000000987202 ], [ 579970.21, 171725.720000000990694 ], [ 579915.23, 171710.41 ], [ 579947.13, 171742.960000001010485 ], [ 579936.44, 171770.74 ], [ 579923.9, 171769.75 ], [ 579897.06, 171764.16 ], [ 579837.36, 171731.439999999012798 ], [ 579908.01, 171763.76 ], [ 579928.9, 171761.939999999012798 ], [ 579931.63, 171738.41 ], [ 579888.11, 171742.16 ], [ 579900.73, 171705.32 ], [ 579877.81, 171736.77 ], [ 579881.12, 171697.300000001006993 ], [ 579855.0, 171731.039999998989515 ], [ 579801.3, 171711.060000000987202 ], [ 579862.54, 171711.11 ], [ 579834.5, 171675.0 ], [ 579789.62, 171677.550000001006993 ], [ 579755.68, 171738.119999999005813 ], [ 579756.64, 171693.779999999009306 ], [ 579745.66, 171734.619999999005813 ], [ 579742.09, 171708.73 ], [ 579698.68, 171711.939999999012798 ], [ 579675.4, 171736.060000000987202 ], [ 579732.96, 171743.560000000987202 ], [ 579539.36, 171735.58 ], [ 579668.87, 171735.09 ], [ 579682.5, 171709.560000000987202 ], [ 579577.28, 171725.61 ], [ 579617.84, 171698.26 ], [ 579554.72, 171690.130000000994187 ], [ 579615.16, 171683.9 ], [ 579552.41, 171668.029999999009306 ], [ 579505.99, 171702.08 ], [ 579557.78, 171717.75 ], [ 579443.08, 171711.220000000990694 ], [ 579508.63, 171690.59 ], [ 579440.19, 171691.060000000987202 ], [ 579484.45, 171680.939999999012798 ], [ 579456.06, 171662.810000000987202 ], [ 579500.54, 171675.98 ], [ 579483.77, 171625.35 ], [ 579451.36, 171628.35 ], [ 579478.17, 171603.43 ], [ 579433.64, 171572.039999998989515 ], [ 579396.93, 171706.699999998993007 ], [ 579261.79, 171676.5 ], [ 579188.8, 171641.75 ], [ 579077.63, 171417.710000001010485 ], [ 579027.41, 171401.84 ], [ 579022.86, 171369.810000000987202 ], [ 578982.5, 171373.300000001006993 ], [ 578974.8, 171427.5 ], [ 578964.6, 171380.9 ], [ 578881.1, 171376.5 ], [ 578909.1, 171361.699999998993007 ], [ 578891.7, 171341.5 ], [ 578857.1, 171373.5 ], [ 578895.0, 171431.300000001006993 ], [ 578793.0, 171382.68 ], [ 578747.8, 171395.5 ], [ 578745.19, 171368.82 ], [ 578708.83, 171385.65 ], [ 578686.37, 171352.710000001010485 ], [ 578708.4877, 171320.472100001003128 ], [ 578663.8, 171305.4 ], [ 578622.6, 171244.1 ], [ 578634.7, 171190.800000001006993 ], [ 578593.6, 171207.199999998993007 ], [ 578546.71, 171157.869999999005813 ], [ 578496.83, 171175.24 ], [ 578405.522, 171132.322000001004199 ], [ 578381.59, 170954.199999998993007 ], [ 578220.69, 170976.33 ], [ 578307.8, 171070.800000001006993 ], [ 578298.7, 171139.4 ], [ 578100.1, 171135.5 ], [ 577796.98, 171242.52 ], [ 577360.4, 171228.460000001010485 ], [ 577226.2602, 171195.8518 ], [ 577141.22, 171189.75 ], [ 576599.397499999963, 171339.4167 ], [ 576581.9, 171344.25 ], [ 576349.6, 171302.3900000010035 ], [ 576207.619, 171226.373 ], [ 576086.3, 171121.699999998993007 ], [ 575967.2, 170901.5 ], [ 575808.65, 170400.75 ], [ 575798.0, 170248.25 ], [ 575833.25, 170197.199999998993007 ], [ 575810.8, 170093.550000001006993 ], [ 575674.0, 169929.75 ], [ 575594.75, 169768.949999998993007 ], [ 575485.75, 169742.5 ], [ 575334.45, 169799.1 ], [ 575209.21, 169894.92 ], [ 575129.56, 169891.17 ], [ 575093.98, 169794.86 ], [ 575219.72, 169810.310000000987202 ], [ 575264.19, 169791.880000000994187 ], [ 575268.17, 169740.17 ], [ 575446.09, 169719.539999998989515 ], [ 575605.6, 169574.75 ], [ 575555.35, 169381.4 ], [ 575480.29, 169328.16 ], [ 575454.4, 169257.4 ], [ 575450.66, 169150.51 ], [ 575480.45, 169050.32 ], [ 575505.148, 169050.53900000100839 ], [ 575504.65, 168805.0 ], [ 575370.75, 168337.75 ], [ 575271.5, 168341.35 ], [ 575076.9, 168535.85 ], [ 574784.6, 169169.5 ], [ 574616.55, 169373.0 ], [ 574505.755899999989, 169406.495200000994373 ], [ 574502.7622, 169410.661499998997897 ], [ 574475.25, 169448.949999998993007 ], [ 574442.0, 169405.6 ], [ 574273.345, 169432.380000000994187 ], [ 574118.02, 169226.49 ], [ 574133.06, 169174.73 ], [ 574008.045399999944, 168952.8835 ], [ 574007.512699999963, 168951.938200000993675 ], [ 573928.75, 168875.1 ], [ 573743.5, 168918.699999998993007 ], [ 573600.35, 169036.449999998993007 ], [ 573567.87, 169011.029999999009306 ], [ 573755.4, 168873.9 ], [ 573674.57, 168779.039999998989515 ], [ 573762.73, 168727.369999999005813 ], [ 573866.5, 168825.25 ], [ 573762.15, 168723.155400001007365 ], [ 573726.4213, 168688.198999999003718 ], [ 573759.9662, 168724.469799999002134 ], [ 573761.4, 168726.02 ], [ 573666.293199999956, 168780.8531 ], [ 573617.82, 168808.800000001006993 ], [ 573599.935, 168779.18 ], [ 573559.766, 168742.681 ], [ 573501.52, 168799.18 ], [ 573467.35, 168794.25 ], [ 573534.952, 168734.285 ], [ 573524.51, 168676.210000001010485 ], [ 573565.05, 168667.92 ], [ 573506.45, 168664.85 ], [ 573529.2, 168625.449999998993007 ], [ 573443.85, 168588.550000001006993 ], [ 573488.85, 168547.6 ], [ 573451.7, 168569.15 ], [ 573426.8821, 168532.581 ], [ 573411.671, 168540.179 ], [ 573388.26, 168494.16 ], [ 573500.0, 168441.83 ], [ 573405.79, 168472.52 ], [ 573395.14, 168429.52 ], [ 573452.71, 168394.699999998993007 ], [ 573374.45, 168427.75 ], [ 573361.75, 168386.75 ], [ 573389.75, 168176.689999999012798 ], [ 573478.55, 167964.0 ], [ 573371.3, 167721.050000001006993 ], [ 573187.0, 167684.6 ], [ 573072.65, 167725.5 ], [ 572751.3, 167634.0 ], [ 572412.8, 167382.699999998993007 ], [ 572311.395099999965, 167217.466800001013326 ], [ 572308.8541, 167213.326400001009461 ], [ 572269.89, 167090.0 ], [ 572211.49, 167050.380000000994187 ], [ 572028.88, 167019.08 ], [ 571997.56, 167095.949999998993007 ], [ 571966.47, 167094.369999999005813 ], [ 572012.92, 167000.1400000010035 ], [ 571855.46, 166965.25 ], [ 571636.32, 166834.5 ], [ 571556.495, 166742.577 ], [ 571499.21, 166760.607000001007691 ], [ 571540.593, 166704.903999998990912 ], [ 571452.78, 166653.82 ], [ 571249.43, 166420.07 ], [ 571091.23, 166320.970000000990694 ], [ 570631.75, 165911.5 ], [ 570552.8, 165745.470000000990694 ], [ 570531.59, 165596.279999999009306 ], [ 570564.78, 165334.449999998993007 ], [ 570548.52, 165110.26 ], [ 570637.81, 164952.789999998989515 ], [ 570805.25, 164810.75 ], [ 570778.48, 164766.61 ], [ 570738.85, 164759.560000000987202 ], [ 570720.27, 164764.869999999005813 ], [ 570680.28, 164738.699999998993007 ], [ 570737.35, 164757.18 ], [ 570779.52, 164759.84 ], [ 570794.57, 164729.6400000010035 ], [ 570828.45, 164786.02 ], [ 570930.34, 164712.310000000987202 ], [ 570994.51, 164587.16 ], [ 571025.35, 164435.42 ], [ 571052.3, 164433.83 ], [ 571111.31, 164310.36 ], [ 571108.48, 164217.25 ], [ 571072.09, 164157.970000000990694 ], [ 570691.38, 163991.82 ], [ 570626.52, 163924.35 ], [ 570578.0, 163769.1400000010035 ], [ 570616.91, 163701.3900000010035 ], [ 570788.2, 163610.68 ], [ 570865.21, 163515.74 ], [ 570875.7, 163413.779999999009306 ], [ 570834.76, 163248.82 ], [ 570794.22, 163252.01 ], [ 570786.65, 163190.73 ], [ 570860.15, 163212.720000000990694 ], [ 570983.0931, 163028.989299999987 ], [ 570984.738, 163026.531099999003345 ], [ 571234.44, 162595.279999999009306 ], [ 571260.34, 162482.439999999012798 ], [ 571049.02, 162358.1 ], [ 570900.44, 162328.85 ], [ 570849.38, 162269.43 ], [ 570797.89, 162086.8900000010035 ], [ 570813.75, 161829.25 ], [ 570881.745, 161718.373 ], [ 570956.85, 161679.5 ], [ 571141.33, 161685.25 ], [ 571243.17, 161750.029999999009306 ], [ 571323.8, 161915.17 ], [ 571403.52, 161937.23 ], [ 571429.01, 161849.779999999009306 ], [ 571266.01, 161722.880000000994187 ], [ 571154.67, 161530.23 ], [ 571256.57, 161365.07 ], [ 571209.9, 161313.699999998993007 ], [ 571376.32, 161342.300000001006993 ], [ 571466.58, 161396.07 ], [ 571489.7, 161379.560000000987202 ], [ 571481.4142, 161233.5909 ], [ 571478.3991, 161226.198899998998968 ], [ 571478.0814, 161225.42 ], [ 571432.63, 161113.99 ], [ 571339.49, 161000.0 ], [ 571263.17, 160584.970000000990694 ], [ 571295.81, 160422.36 ], [ 571365.67, 160404.449999998993007 ], [ 571403.07, 160341.33 ], [ 571353.1, 160167.57 ], [ 571367.1215, 159999.974400000995956 ], [ 571370.549, 159959.001800000987714 ], [ 571514.3, 159705.300000001006993 ], [ 571740.0725, 159032.3124 ], [ 571741.326, 159028.5759 ], [ 571825.4, 158907.699999998993007 ], [ 572025.4, 158883.85 ], [ 572066.179, 158812.449999998993007 ], [ 572217.4, 158716.800000001006993 ], [ 572330.0, 158741.1 ], [ 572471.75, 158827.800000001006993 ], [ 572587.6, 158787.699999998993007 ], [ 572651.0, 158797.5 ], [ 572797.1, 158899.0 ], [ 572893.7, 158918.85 ], [ 572949.6, 158898.449999998993007 ], [ 573183.6, 158616.050000001006993 ], [ 573393.0, 158521.699999998993007 ], [ 573517.65, 158543.199999998993007 ], [ 573765.59, 158680.619999999005813 ], [ 573864.29, 158699.220000000990694 ], [ 574063.29, 158557.92 ], [ 574261.012499999953, 158287.293199998995988 ], [ 574303.0882, 158229.703299999004 ], [ 574303.465199999977, 158229.550799999007722 ], [ 574546.0, 158131.4 ], [ 574826.577399999951, 158153.065899999987 ], [ 574810.226, 158166.591399998986162 ], [ 574803.442, 158172.203 ], [ 574770.2, 158199.699999998993007 ], [ 574512.8, 158178.300000001006993 ], [ 574323.0871, 158258.180400001001544 ], [ 574315.029699999955, 158269.342299999989 ], [ 574311.416699999943, 158274.3475 ], [ 574293.178399999975, 158299.613299999007722 ], [ 574159.5, 158484.800000001006993 ], [ 574148.69, 158549.220000000990694 ], [ 573860.456499999971, 158731.411699999007396 ], [ 573860.2449, 158731.4111 ], [ 573783.4, 158731.199999998993007 ], [ 573539.2, 158594.6 ], [ 573406.8, 158555.15 ], [ 573194.6, 158654.9 ], [ 572956.75, 158959.449999998993007 ], [ 572804.55, 158947.6 ], [ 572606.95, 158835.1 ], [ 572462.8, 158878.800000001006993 ], [ 572248.15, 158761.4 ], [ 572180.2, 158775.15 ], [ 572040.5, 158931.75 ], [ 571832.9, 158958.9 ], [ 571706.6, 159227.4 ], [ 571608.2, 159618.800000001006993 ], [ 571462.5, 159947.4 ], [ 571503.4971, 159999.982100001012441 ], [ 571516.28, 160104.380000000994187 ], [ 571557.63, 160140.199999998993007 ], [ 571508.75, 160121.189999999012798 ], [ 571469.2751, 159999.978499999007909 ], [ 571461.3, 159975.49 ], [ 571437.333, 159999.9772 ], [ 571406.93, 160031.039999998989515 ], [ 571469.8, 160329.16 ], [ 571409.38, 160436.73 ], [ 571372.31, 160447.970000000990694 ], [ 571356.55, 160466.85 ], [ 571321.29, 160499.32 ], [ 571321.74, 160527.99 ], [ 571358.569499999983, 160472.832 ], [ 571371.21, 160455.4 ], [ 571356.72, 160496.11 ], [ 571308.22, 160577.300000001006993 ], [ 571315.9862, 160579.556299999007024 ], [ 571339.139199999976, 160585.322799999004928 ], [ 571369.04, 160594.970000000990694 ], [ 571376.085, 160593.2949 ], [ 571425.06, 160581.65 ], [ 571465.85, 160559.35 ], [ 571470.626, 160566.5579 ], [ 571453.952, 160575.4277 ], [ 571437.799299999955, 160584.002599998988444 ], [ 571413.1796, 160588.882099998998456 ], [ 571382.971499999985, 160594.869100001000334 ], [ 571368.208899999969, 160597.1099 ], [ 571333.552, 160587.031199999008095 ], [ 571313.33, 160596.58 ], [ 571358.7, 160823.220000000990694 ], [ 571455.8, 160817.01 ], [ 571554.02, 160911.050000001006993 ], [ 571654.23, 160920.68 ], [ 571713.64, 160883.210000001010485 ], [ 571702.28, 160785.42 ], [ 571726.83, 160785.35 ], [ 571802.56, 160631.460000001010485 ], [ 571747.62, 160611.25 ], [ 571614.99, 160709.57 ], [ 571751.243099999963, 160595.9057 ], [ 571654.387699999963, 160619.9935 ], [ 571627.42, 160626.73 ], [ 571600.34, 160611.34 ], [ 571536.773399999947, 160548.768999999010703 ], [ 571517.5409, 160554.451099998987047 ], [ 571516.340699999942, 160554.8332 ], [ 571504.627, 160558.5373 ], [ 571504.6789, 160558.694800000987016 ], [ 571544.25, 160678.74 ], [ 571501.2147, 160559.8378 ], [ 571501.1335, 160559.613399999012472 ], [ 571507.28, 160547.5 ], [ 571539.45, 160543.119999999005813 ], [ 571547.35, 160545.43 ], [ 571602.94, 160604.189999999012798 ], [ 571663.44, 160609.210000001010485 ], [ 571790.3, 160563.689999999012798 ], [ 571749.99, 160538.310000000987202 ], [ 571791.44, 160551.779999999009306 ], [ 571834.79, 160623.460000001010485 ], [ 571793.1025, 160728.6116 ], [ 571792.0122, 160733.0134 ], [ 571741.31, 160937.710000001010485 ], [ 571556.04, 160979.560000000987202 ], [ 571438.88, 160877.99 ], [ 571394.64, 160875.560000000987202 ], [ 571405.22, 160965.470000000990694 ], [ 571543.37, 161116.560000000987202 ], [ 571562.52, 161373.08 ], [ 571536.13, 161435.720000000990694 ], [ 571491.64, 161455.060000000987202 ], [ 571305.12, 161441.970000000990694 ], [ 571241.98, 161481.029999999009306 ], [ 571248.71, 161563.6 ], [ 571322.52, 161535.960000001010485 ], [ 571405.34, 161551.119999999005813 ], [ 571318.63, 161539.58 ], [ 571251.19, 161579.92 ], [ 571363.86, 161706.039999998989515 ], [ 571489.24, 161761.970000000990694 ], [ 571459.62, 161760.560000000987202 ], [ 571505.38, 161876.11 ], [ 571485.57, 161957.11 ], [ 571400.23, 162000.5 ], [ 571277.45, 161973.75 ], [ 571133.68, 161769.07 ], [ 570946.55, 161785.5 ], [ 570871.95, 161900.1 ], [ 570885.04, 162199.85 ], [ 571277.24, 162371.470000000990694 ], [ 571320.19, 162424.5 ], [ 571330.87, 162515.92 ], [ 571099.861, 163006.036 ], [ 570965.79, 163198.86 ], [ 570965.7, 163478.25 ], [ 570929.05, 163603.01 ], [ 570954.1, 163621.880000000994187 ], [ 570727.94, 163786.449999998993007 ], [ 570690.03, 163847.18 ], [ 570931.98, 163944.34 ], [ 570956.346, 163923.544 ], [ 570944.856, 163947.708000001002802 ], [ 571088.31, 164008.43 ], [ 571221.06, 164194.060000000987202 ], [ 571234.04, 164317.91 ], [ 571075.98, 164751.800000001006993 ], [ 570906.57, 164934.35 ], [ 570784.15, 165009.16 ], [ 570721.43, 165104.98 ], [ 570672.34, 165644.539999998989515 ], [ 570758.84, 165857.17 ], [ 571126.538399999961, 166084.970100000995444 ], [ 571132.8084, 166089.232100001012441 ], [ 571600.65, 166407.25 ], [ 571851.53, 166705.73 ], [ 572461.47, 166857.48 ], [ 572546.65, 166902.4 ], [ 572657.7, 166965.6 ], [ 572710.9, 167024.5 ], [ 572713.02, 167077.85 ], [ 572753.93, 167047.48 ], [ 572730.96, 167100.83 ], [ 572777.03, 167050.67 ], [ 572719.86, 167176.939999999012798 ], [ 572786.6, 167230.74 ], [ 572858.92, 167094.189999999012798 ], [ 572891.24, 167116.449999998993007 ], [ 572830.59, 167219.1400000010035 ], [ 572836.06, 167330.9 ], [ 573049.7, 167300.300000001006993 ], [ 573053.75, 167219.75 ], [ 572994.8, 167214.6 ], [ 573017.7, 167203.300000001006993 ], [ 572967.0, 167158.800000001006993 ], [ 572911.2, 167117.9 ], [ 572900.4, 167143.539999998989515 ], [ 572909.1, 167114.9 ], [ 572916.9, 167117.92 ], [ 573062.97, 167223.279999999009306 ], [ 573050.8, 167311.4 ], [ 573304.2, 167362.050000001006993 ], [ 573414.88, 167512.529999999009306 ], [ 573490.9, 167528.15 ], [ 573692.4, 167782.66 ], [ 573829.15, 168017.0 ], [ 573827.15, 168274.050000001006993 ], [ 573788.41, 168333.310000000987202 ], [ 574080.3, 168679.800000001006993 ], [ 574142.875899999985, 168820.0933 ], [ 574145.8207, 168822.478599999012658 ], [ 574398.25, 169026.949999998993007 ], [ 574622.2, 169117.050000001006993 ], [ 574692.717, 169039.855 ], [ 574739.769, 168848.044 ], [ 574726.6, 168780.0 ], [ 574597.605, 168701.777000000991393 ], [ 574754.174, 168765.567 ], [ 574771.95, 168549.199999998993007 ], [ 574710.226, 168478.148 ], [ 574819.796, 168512.721000001009088 ], [ 574839.883, 168442.956 ], [ 574809.409, 168414.151000001002103 ], [ 574842.4, 168323.35 ], [ 574804.673, 168284.26600000099279 ], [ 574914.4303, 168196.933900000993162 ], [ 574933.256, 168215.107000001007691 ], [ 574935.3039, 168213.009500001004199 ], [ 575023.356, 168122.823999999003718 ], [ 575005.54, 168028.560000000987202 ], [ 575042.288, 168014.494000000995584 ], [ 575085.5, 168051.779999999009306 ], [ 575134.35, 168006.6 ], [ 575266.2, 167971.0 ], [ 575563.75, 168085.5 ], [ 575621.407, 168132.4318 ], [ 575622.7406, 168133.5173 ], [ 575626.54, 168136.61 ], [ 575627.834099999978, 168140.650900000997353 ], [ 575679.25, 168301.199999998993007 ], [ 575635.0, 168423.15 ], [ 575646.1, 168500.0 ], [ 575703.3, 168649.1 ], [ 575826.75, 169350.949999998993007 ], [ 575961.2, 169621.25 ], [ 575996.55, 169624.800000001006993 ], [ 575988.65, 169678.61 ], [ 576014.6, 169669.6 ], [ 576033.15, 169710.699999998993007 ], [ 576010.4, 169725.25 ], [ 576136.1223, 170043.909700001007877 ], [ 576154.05, 170089.35 ], [ 576234.38, 170553.1 ], [ 576300.71, 170719.01 ], [ 576410.74, 170884.76 ], [ 576549.76, 170968.99 ], [ 576734.52, 170950.189999999012798 ], [ 577028.23, 170861.199999998993007 ], [ 577335.4, 170680.720000000990694 ], [ 577703.8, 169913.550000001006993 ], [ 577672.45, 169864.9 ], [ 577725.1, 169848.050000001006993 ], [ 577662.5, 169825.6 ], [ 577663.45, 169800.1 ], [ 577734.5, 169794.1 ], [ 577730.95, 169699.0 ], [ 577734.579, 169718.5682 ], [ 577747.4, 169787.699999998993007 ], [ 577748.8338, 169787.463599999988 ], [ 577833.3403, 169773.5327 ], [ 577842.87, 169771.9616 ], [ 577843.8728, 169771.179199998994591 ], [ 577868.8, 169752.1 ], [ 577783.85, 169589.4 ], [ 577814.25, 169605.34 ], [ 577835.4, 169567.199999998993007 ], [ 577919.05, 169718.35 ], [ 578013.45, 169595.199999998993007 ], [ 578012.95, 169492.4 ], [ 578097.0, 169464.699999998993007 ], [ 578158.7, 169658.800000001006993 ], [ 578068.65, 169690.949999998993007 ], [ 578117.45, 169707.199999998993007 ], [ 578312.8, 169656.800000001006993 ], [ 578327.65, 169611.800000001006993 ], [ 578259.6, 169306.65 ], [ 578301.6, 169336.050000001006993 ], [ 578307.05, 169446.0 ], [ 578443.146, 169458.513 ], [ 578561.75, 169354.699999998993007 ], [ 578747.4, 169298.0 ], [ 578801.74, 169206.800000001006993 ], [ 579046.7, 169038.050000001006993 ], [ 579052.5, 169094.6 ], [ 579207.95, 169121.199999998993007 ], [ 579215.7, 169097.050000001006993 ], [ 579261.3, 169176.699999998993007 ], [ 579313.2, 169175.6 ], [ 579284.85, 169049.300000001006993 ], [ 579342.8, 169015.949999998993007 ], [ 579415.55, 168875.0 ], [ 579479.5, 168868.9 ], [ 579492.820799999987, 168875.1072 ], [ 579615.45, 168932.25 ], [ 579766.6254, 168856.0595 ], [ 579987.0, 168837.300000001006993 ], [ 579999.9984, 168858.094599998992635 ], [ 580042.52, 168926.119999999005813 ], [ 580132.8, 168940.4 ], [ 580498.8, 168880.699999998993007 ], [ 580483.46, 168688.35 ], [ 580518.4, 168613.9 ], [ 580492.14, 168538.18 ], [ 580526.69, 168517.869999999005813 ], [ 580545.63, 168559.630000000994187 ], [ 580634.24, 168471.66 ], [ 580749.48, 168573.92 ], [ 580769.09, 168683.24 ], [ 580845.16, 168776.449999998993007 ], [ 580895.32, 168768.93 ], [ 581024.53, 168835.34 ], [ 581136.84, 168945.34 ], [ 581196.31, 168892.42 ], [ 581187.86, 168814.98 ], [ 581106.13, 168789.93 ], [ 581014.23, 168811.66 ], [ 580781.14, 168645.73 ], [ 580775.33, 168516.82 ], [ 580924.04, 168396.66 ], [ 580949.17, 168352.460000001010485 ], [ 580936.56, 168277.16 ], [ 581021.47, 168260.36 ], [ 581113.87, 168148.300000001006993 ], [ 581184.42, 168143.51 ], [ 581376.5, 167926.41 ], [ 581605.92, 167817.01 ], [ 581648.2, 167861.6 ], [ 581717.8, 167867.699999998993007 ], [ 581873.7, 167724.300000001006993 ], [ 581860.63, 167667.369999999005813 ], [ 582011.55, 167624.130000000994187 ], [ 582115.35, 167652.220000000990694 ], [ 582179.98, 167573.34 ], [ 582225.35, 167623.65 ], [ 582177.15, 167701.02 ], [ 582241.58, 167737.43 ], [ 582198.7, 167689.25 ], [ 582231.29, 167664.4 ], [ 582280.18, 167718.6 ], [ 582251.63, 167753.210000001010485 ], [ 582322.55, 167751.86 ], [ 582465.17, 168010.699999998993007 ], [ 582550.65, 168101.09 ], [ 582520.98, 168219.369999999005813 ], [ 582514.63, 168586.810000000987202 ], [ 582441.71, 168654.539999998989515 ], [ 582397.9, 168656.060000000987202 ], [ 582395.57, 168702.11 ], [ 582364.88, 168713.550000001006993 ], [ 582427.2, 168709.970000000990694 ], [ 582398.51, 168693.720000000990694 ], [ 582421.83, 168660.960000001010485 ], [ 582461.5, 168718.060000000987202 ], [ 582446.94, 168666.68 ], [ 582493.43, 168661.1 ], [ 582466.65, 168647.24 ], [ 582557.77, 168628.710000001010485 ], [ 582532.61, 168572.17 ], [ 582575.17, 168615.33 ], [ 582735.98, 168609.630000000994187 ], [ 582567.94, 168623.529999999009306 ], [ 582620.56, 168642.07 ], [ 582624.77, 168650.529999999009306 ], [ 582640.98, 168676.560000000987202 ], [ 582645.71, 168693.92 ], [ 582639.79, 168743.289999998989515 ], [ 582656.82, 168695.92 ], [ 582650.6, 168650.710000001010485 ], [ 582659.33, 168690.61 ], [ 582656.27, 168739.82 ], [ 582691.89, 168757.16 ], [ 582685.94, 168673.970000000990694 ], [ 582725.57, 168729.26 ], [ 582710.91, 168675.960000001010485 ], [ 582761.45, 168702.08 ], [ 582735.3, 168658.3900000010035 ], [ 582771.13, 168663.8900000010035 ], [ 582772.42, 168629.689999999012798 ], [ 582811.65, 168756.8900000010035 ], [ 582838.68, 168624.75 ], [ 582847.24, 168741.869999999005813 ], [ 583202.98, 168750.5 ], [ 583352.7, 168850.01 ], [ 583400.3, 168851.66 ], [ 583441.31, 168761.9 ], [ 583482.91, 168751.07 ], [ 583451.98, 168731.59 ], [ 583485.76, 168626.699999998993007 ], [ 583374.78, 168400.33 ], [ 583333.8, 168341.779999999009306 ], [ 583131.49, 168316.529999999009306 ], [ 582978.61, 168134.23 ], [ 582979.29, 168072.86 ], [ 582757.5, 167952.5 ], [ 582788.5, 167846.9 ], [ 582694.49, 167760.0 ], [ 582711.62, 167694.1 ], [ 582656.87, 167583.59 ], [ 582616.11, 167372.93 ], [ 582683.35, 167411.66 ], [ 582668.92, 167486.34 ], [ 582695.99, 167418.939999999012798 ], [ 582860.23, 167411.5 ], [ 582856.29, 167383.07 ], [ 582795.23, 167371.15 ], [ 582929.319, 167239.1887 ], [ 582929.471499999985, 167238.614299999987 ], [ 582946.6, 167174.11 ], [ 582975.36, 167214.59 ], [ 583046.81, 167061.02 ], [ 583054.31, 167113.619999999005813 ], [ 582948.69, 167303.59 ], [ 582989.17, 167626.300000001006993 ], [ 583125.34, 167913.33 ], [ 583196.8, 167878.9 ], [ 583192.4, 167941.5 ], [ 583208.9, 167870.5 ], [ 583242.78, 168104.1400000010035 ], [ 583428.07, 168121.66 ], [ 583522.32, 168181.369999999005813 ], [ 583676.31, 168584.310000000987202 ], [ 583797.36, 168593.210000001010485 ], [ 583858.38, 168702.09 ], [ 583859.42, 168829.380000000994187 ], [ 583753.11, 168939.18 ], [ 583776.28, 169000.0 ], [ 583891.98, 169100.86 ], [ 583895.8, 169160.23 ], [ 583853.75, 169382.59 ], [ 583753.09, 169532.23 ], [ 583960.14, 169614.01 ], [ 584064.2, 169718.800000001006993 ], [ 584303.01, 169829.09 ], [ 584397.22, 169738.67 ], [ 584574.21, 169649.449999998993007 ], [ 584669.86, 169543.529999999009306 ], [ 584667.1, 169584.48 ], [ 584705.88, 169574.619999999005813 ], [ 584679.3, 169518.460000001010485 ], [ 584735.85, 169446.699999998993007 ], [ 584730.08, 169411.630000000994187 ], [ 584836.25, 169403.61 ], [ 584818.2, 169342.59 ], [ 584771.31, 169359.119999999005813 ], [ 584782.9, 169311.300000001006993 ], [ 584842.35, 169297.24 ], [ 584859.53, 169269.41 ], [ 584943.5, 169237.300000001006993 ], [ 584864.7069, 169273.605699998995988 ], [ 584894.14, 169297.460000001010485 ], [ 584954.7, 169242.4 ], [ 584972.4, 169253.4 ], [ 584909.19, 169291.99 ], [ 584939.72, 169290.42 ], [ 584924.52, 169315.710000001010485 ], [ 584900.04, 169298.98 ], [ 584910.66, 169335.970000000990694 ], [ 584887.67, 169313.939999999012798 ], [ 584864.8, 169335.720000000990694 ], [ 584889.8, 169387.73 ], [ 584931.09, 169390.34 ], [ 584923.43, 169355.029999999009306 ], [ 584980.7, 169311.800000001006993 ], [ 584993.37, 169251.380000000994187 ], [ 584950.59, 169223.939999999012798 ], [ 584988.49, 169205.86 ], [ 584944.45, 169137.050000001006993 ], [ 584985.26, 169164.8900000010035 ], [ 585068.17, 169078.23 ], [ 585093.46, 168912.73 ], [ 585123.76, 168887.83 ], [ 585141.96, 168909.029999999009306 ], [ 585152.16, 168835.73 ], [ 585224.56, 168786.43 ], [ 585288.4, 168678.800000001006993 ], [ 585275.4, 168416.1 ], [ 585248.37, 168412.07 ], [ 585243.7, 168359.300000001006993 ], [ 585236.9, 168404.4 ], [ 585211.0, 168329.5 ], [ 585258.7, 168271.0 ], [ 585314.84, 168272.199999998993007 ], [ 585276.6, 168360.9 ], [ 585317.1, 168470.699999998993007 ], [ 585347.36, 168495.86 ], [ 585334.3288, 168471.0057 ], [ 585343.5, 168478.4 ], [ 585350.5, 168442.6 ], [ 585314.3, 168429.5 ], [ 585335.7, 168391.5 ], [ 585294.98, 168364.449999998993007 ], [ 585319.8, 168373.699999998993007 ], [ 585297.75, 168351.36 ], [ 585315.8582, 168343.105599998991238 ], [ 585367.3, 168361.699999998993007 ], [ 585332.0, 168335.6 ], [ 585304.5, 168339.0 ], [ 585318.07, 168308.61 ], [ 585381.3, 168329.0 ], [ 585327.2, 168273.800000001006993 ], [ 585391.0055, 168251.2655 ], [ 585400.902699999977, 168272.911 ], [ 585403.9, 168294.6 ], [ 585361.13, 168305.98 ], [ 585412.1, 168297.4 ], [ 585402.15, 168249.039999998989515 ], [ 585372.75, 168211.34 ], [ 585403.75, 168210.34 ], [ 585462.92, 168338.65 ], [ 585468.98, 168286.42 ], [ 585503.3, 168269.800000001006993 ], [ 585500.37, 168297.279999999009306 ], [ 585521.56, 168265.99 ], [ 585468.14, 168263.11 ], [ 585530.920399999944, 168234.0483 ], [ 585474.61, 168254.3900000010035 ], [ 585450.6, 168242.199999998993007 ], [ 585453.38, 168215.560000000987202 ], [ 585513.44, 168218.77 ], [ 585459.27, 168237.619999999005813 ], [ 585531.06, 168228.779999999009306 ], [ 585533.63, 168236.210000001010485 ], [ 585518.89, 168250.710000001010485 ], [ 585529.84, 168274.800000001006993 ], [ 585583.44, 168255.619999999005813 ], [ 585565.73, 168239.710000001010485 ], [ 585557.41, 168217.380000000994187 ], [ 585562.3, 168259.4 ], [ 585529.7944, 168263.36030000098981 ], [ 585548.5, 168216.699999998993007 ], [ 585521.55, 168203.6400000010035 ], [ 585560.45, 168183.029999999009306 ], [ 585550.5, 168197.800000001006993 ], [ 585572.43, 168237.619999999005813 ], [ 585567.9, 168207.4 ], [ 585576.69, 168168.300000001006993 ], [ 585547.2, 168157.800000001006993 ], [ 585497.8, 168197.300000001006993 ], [ 585496.98, 168157.83 ], [ 585413.48, 168180.02 ], [ 585487.08, 168154.130000000994187 ], [ 585631.98, 168123.93 ], [ 585638.7, 168150.300000001006993 ], [ 585592.31, 168160.779999999009306 ], [ 585641.9683, 168206.4451 ], [ 585593.16, 168169.61 ], [ 585572.989199999953, 168218.5162 ], [ 585602.47, 168207.560000000987202 ], [ 585613.2, 168235.6 ], [ 585675.1, 168259.199999998993007 ], [ 585659.6, 168214.199999998993007 ], [ 585623.72, 168223.2008 ], [ 585652.64, 168210.09 ], [ 585668.0, 168182.800000001006993 ], [ 585636.28, 168184.300000001006993 ], [ 585645.53, 168156.42 ], [ 585700.56, 168172.43 ], [ 585640.93, 168122.029999999009306 ], [ 585666.55, 168072.91 ], [ 585641.61, 167897.35 ], [ 585673.075, 167826.737600001011742 ], [ 585673.516399999964, 167825.747199998993892 ], [ 585678.442799999961, 167814.6916 ], [ 585690.5772, 167789.062000000994885 ], [ 585690.963499999954, 167788.996300000988413 ], [ 585833.46, 167764.76 ], [ 586026.96, 167633.460000001010485 ], [ 585935.06, 167359.3900000010035 ], [ 585937.45, 167187.1400000010035 ], [ 585972.27, 167182.49 ], [ 585941.96, 167231.3900000010035 ], [ 585943.36, 167370.3900000010035 ], [ 586016.68, 167500.18 ], [ 586037.06, 167520.36 ], [ 586081.87, 167486.1 ], [ 586268.49, 167475.07 ], [ 586363.2, 167773.300000001006993 ], [ 586445.6, 167891.23 ], [ 586492.83, 167907.880000000994187 ], [ 586587.97, 167840.439999999012798 ], [ 586591.98, 167914.98 ], [ 586608.51, 167926.060000000987202 ], [ 586638.46, 167911.279999999009306 ], [ 586740.0, 167948.300000001006993 ], [ 586637.96, 167915.15 ], [ 586616.44, 167935.630000000994187 ], [ 586699.04, 167944.61 ], [ 586715.46, 167989.35 ], [ 586734.45, 167969.449999998993007 ], [ 586773.49, 168004.86 ], [ 586757.95, 168100.36 ], [ 586821.26, 168281.300000001006993 ], [ 586760.89, 168472.380000000994187 ], [ 586778.34, 168666.24 ], [ 586868.91, 169030.279999999009306 ], [ 586950.84, 169117.51 ], [ 587007.37, 169246.439999999012798 ], [ 587105.99, 169294.98 ], [ 587348.01, 169317.57 ], [ 587654.56, 169410.6400000010035 ], [ 587810.06, 169559.26 ], [ 587921.15, 169499.1 ], [ 587897.09, 169469.3900000010035 ], [ 587928.47, 169490.17 ], [ 587963.18, 169477.449999998993007 ], [ 587948.31, 169474.369999999005813 ], [ 587929.0, 169441.35 ], [ 587900.8569, 169430.863 ], [ 587825.06, 169474.720000000990694 ], [ 587896.65, 169426.779999999009306 ], [ 587911.92, 169430.98 ], [ 587918.58, 169427.119999999005813 ], [ 587964.69, 169467.11 ], [ 587923.86, 169406.75 ], [ 587902.63, 169396.34 ], [ 587878.71, 169423.560000000987202 ], [ 587838.36, 169442.939999999012798 ], [ 587886.1, 169399.4 ], [ 587909.24, 169391.789999998989515 ], [ 587930.33, 169408.08 ], [ 587943.47, 169422.82 ], [ 587964.56, 169448.8900000010035 ], [ 587986.9, 169381.34 ], [ 588027.05, 169433.09 ], [ 587993.53, 169417.77 ], [ 587968.16, 169453.9 ], [ 587990.54, 169469.5 ], [ 588074.13, 169428.61 ], [ 588076.61, 169421.42 ], [ 588064.16, 169429.48 ], [ 588056.94, 169427.199999998993007 ], [ 588039.81, 169399.18 ], [ 588067.71, 169371.83 ], [ 588060.68, 169425.66 ], [ 588113.56, 169389.24 ], [ 588139.07, 169406.130000000994187 ], [ 588149.39, 169334.789999998989515 ], [ 588148.96, 169317.52 ], [ 588142.81, 169266.85 ], [ 588148.03, 169334.310000000987202 ], [ 588113.0, 169334.4 ], [ 588137.0, 169313.1 ], [ 588114.1, 169243.1 ], [ 588054.2, 169214.5 ], [ 588036.1, 169217.6 ], [ 588028.5, 169192.300000001006993 ], [ 588001.724599999958, 169186.088199999008793 ], [ 587998.93, 169173.67 ], [ 587972.53, 169182.869999999005813 ], [ 587990.23, 169158.27 ], [ 587875.71, 169117.09 ], [ 587859.14, 169065.699999998993007 ], [ 587907.3, 168926.98 ], [ 587878.4, 168852.619999999005813 ], [ 587712.41, 168669.48 ], [ 587710.4, 168593.119999999005813 ], [ 587605.94, 168534.11 ], [ 587618.01, 168320.93 ], [ 587538.17, 168216.33 ], [ 587632.25, 168099.16 ], [ 587661.05, 167973.74 ], [ 587737.26, 168049.08 ], [ 587846.54, 168087.61 ], [ 587909.64, 168100.220000000990694 ], [ 587940.76, 168063.65 ], [ 587998.99, 168087.539999998989515 ], [ 588013.97, 168129.51 ], [ 587998.58, 168108.810000000987202 ], [ 587981.07, 168130.02 ], [ 588001.91, 168120.58 ], [ 587987.74, 168150.43 ], [ 588040.72, 168231.99 ], [ 588065.6, 168203.41 ], [ 588019.91, 168169.789999998989515 ], [ 588093.73, 168213.08 ], [ 588120.07, 168176.800000001006993 ], [ 588407.59, 168314.189999999012798 ], [ 588626.3, 168351.789999998989515 ], [ 588645.51, 168402.42 ], [ 588653.14, 168351.15 ], [ 588652.82, 168411.869999999005813 ], [ 588678.25, 168359.43 ], [ 588656.09, 168418.119999999005813 ], [ 588701.87, 168380.050000001006993 ], [ 588685.84, 168430.65 ], [ 588744.26, 168384.810000000987202 ], [ 588726.16, 168454.720000000990694 ], [ 588747.55, 168423.220000000990694 ], [ 588772.63, 168445.9 ], [ 588747.02, 168400.439999999012798 ], [ 588804.06, 168434.18 ], [ 588766.92, 168393.66 ], [ 588892.42, 168464.1 ], [ 588868.64, 168464.82 ], [ 588923.03, 168516.949999998993007 ], [ 588932.04, 168480.539999998989515 ], [ 588972.66, 168510.3900000010035 ], [ 588958.38, 168570.619999999005813 ], [ 588978.11, 168548.800000001006993 ], [ 589004.64, 168659.65 ], [ 589043.87, 168695.52 ], [ 589040.6, 168768.300000001006993 ], [ 589121.79, 168837.5 ], [ 589133.77, 168939.86 ], [ 589293.29, 168960.529999999009306 ], [ 589277.67, 169072.84 ], [ 589150.77, 169178.74 ], [ 588772.55, 169320.91 ], [ 588579.5, 169586.74 ], [ 588433.28, 169675.91 ], [ 588346.56, 169644.77 ], [ 588432.56, 169848.23 ], [ 588438.55, 169937.220000000990694 ], [ 588399.72, 170002.57 ], [ 588244.19, 170067.689999999012798 ], [ 588240.99, 170027.189999999012798 ], [ 588352.2, 169971.699999998993007 ], [ 588384.7, 169912.9 ], [ 588353.8, 169775.300000001006993 ], [ 588290.6, 169700.24 ], [ 588229.55, 169681.8900000010035 ], [ 588168.04, 169703.800000001006993 ], [ 588060.63, 169802.6400000010035 ], [ 588006.64, 170031.810000000987202 ], [ 588044.54, 169938.869999999005813 ], [ 588110.49, 170006.0 ], [ 588079.54, 170062.82 ], [ 588212.29, 170037.8900000010035 ], [ 588230.91, 170081.76 ], [ 588087.79, 170129.8900000010035 ], [ 587944.2, 170100.439999999012798 ], [ 587910.17, 170139.42 ], [ 587830.77, 170328.619999999005813 ], [ 587840.13, 170367.93 ], [ 587804.07, 170400.119999999005813 ], [ 587841.77, 170488.119999999005813 ], [ 587784.37, 170507.02 ], [ 587792.47, 170542.32 ], [ 587813.67, 170526.82 ], [ 587784.77, 170558.92 ], [ 587777.97, 170521.02 ], [ 587736.97, 170537.220000000990694 ], [ 587593.26, 171024.24 ], [ 587695.46, 171221.84 ], [ 587775.26, 171294.6400000010035 ], [ 587847.91, 171256.92 ], [ 587811.81, 171254.02 ], [ 587856.21, 171239.220000000990694 ], [ 587850.31, 171198.02 ], [ 587932.01, 171166.42 ], [ 587991.51, 171158.220000000990694 ], [ 588030.92, 171239.59 ], [ 588049.42, 171164.3900000010035 ], [ 588028.52, 171152.789999998989515 ], [ 588132.22, 171105.789999998989515 ], [ 588210.32, 171133.09 ], [ 588216.72, 171069.189999999012798 ], [ 588172.62, 171081.09 ], [ 588227.12, 171040.99 ], [ 588257.37, 171181.800000001006993 ], [ 588105.52, 171236.689999999012798 ], [ 588131.42, 171173.59 ], [ 588184.52, 171168.49 ], [ 588097.82, 171140.8900000010035 ], [ 588077.32, 171263.789999998989515 ], [ 587850.06, 171412.439999999012798 ], [ 587885.76, 171384.039999998989515 ], [ 587882.0431, 171339.1161 ], [ 587869.66, 171384.24 ], [ 587841.46, 171349.34 ], [ 587831.16, 171393.539999998989515 ], [ 587818.06, 171347.439999999012798 ], [ 587805.16, 171363.74 ], [ 587791.36, 171383.74 ], [ 587809.46, 171405.1400000010035 ], [ 587812.16, 171412.24 ], [ 587812.86, 171420.6400000010035 ], [ 587809.16, 171441.439999999012798 ], [ 587782.96, 171458.6400000010035 ], [ 587820.36, 171481.039999998989515 ], [ 587789.96, 171616.24 ], [ 587737.26, 171753.439999999012798 ], [ 587773.0991, 171635.960100000986131 ], [ 587747.36, 171620.039999998989515 ], [ 587744.66, 171664.84 ], [ 587745.96, 171610.84 ], [ 587726.56, 171625.6400000010035 ], [ 587690.135099999956, 171909.055600001011044 ], [ 587690.0614, 171909.6294 ], [ 587689.975, 171910.301999999006512 ], [ 587582.47, 172333.720000000990694 ], [ 587586.87, 172447.220000000990694 ], [ 587612.47, 172372.02 ], [ 587668.77, 172468.18 ], [ 587641.67, 172458.880000000994187 ], [ 587642.97, 172500.279999999009306 ], [ 587698.87, 172478.58 ], [ 587621.37, 172324.48 ], [ 587663.87, 172198.48 ], [ 587663.57, 172256.279999999009306 ], [ 587736.77, 172349.779999999009306 ], [ 587736.27, 172447.380000000994187 ], [ 587718.77, 172406.58 ], [ 587707.17, 172448.779999999009306 ], [ 587730.47, 172532.58 ], [ 587704.67, 172548.58 ], [ 587600.77, 172499.08 ], [ 587756.52, 172608.35 ], [ 588237.4, 172448.800000001006993 ], [ 588178.2, 172387.0 ], [ 588134.3, 172435.199999998993007 ], [ 588158.6, 172384.5 ], [ 588082.13, 172405.800000001006993 ], [ 588073.13, 172381.699999998993007 ], [ 588057.53, 172421.0 ], [ 588065.23, 172381.699999998993007 ], [ 588072.23, 172378.300000001006993 ], [ 588090.03, 172380.6 ], [ 588071.23, 172357.1 ], [ 588127.63, 172309.6 ], [ 588117.53, 172355.0 ], [ 588147.83, 172331.300000001006993 ], [ 588214.1, 172354.0 ], [ 588250.5, 172416.699999998993007 ], [ 588334.4, 172373.199999998993007 ], [ 588448.2, 172379.5 ], [ 588430.6, 172333.1 ], [ 588368.7, 172307.0 ], [ 588263.8, 172336.800000001006993 ], [ 588187.2, 172312.800000001006993 ], [ 588249.16, 172252.65 ], [ 588202.66, 172255.65 ], [ 588363.06, 172219.02 ], [ 588332.3, 172261.9 ], [ 588410.2, 172246.800000001006993 ], [ 588394.7, 172271.9 ], [ 588462.8, 172302.9 ], [ 588460.4, 172263.800000001006993 ], [ 588532.8, 172191.779999999009306 ], [ 588403.5, 172208.98 ], [ 588602.1, 172161.58 ], [ 588548.9, 172179.779999999009306 ], [ 588551.1, 172212.0 ], [ 588577.4, 172194.800000001006993 ], [ 588585.4, 172194.800000001006993 ], [ 588590.0, 172202.1 ], [ 588581.3, 172215.300000001006993 ], [ 588583.4, 172252.5 ], [ 588598.6, 172259.4 ], [ 588613.3, 172255.5 ], [ 588597.1, 172230.6 ], [ 588599.4, 172223.4 ], [ 588606.6, 172220.4 ], [ 588663.8, 172237.800000001006993 ], [ 588601.8, 172224.699999998993007 ], [ 588619.1, 172249.699999998993007 ], [ 588614.0, 172264.5 ], [ 588599.2, 172270.9 ], [ 588610.0, 172263.0 ], [ 588587.3, 172262.6 ], [ 588582.4, 172256.1 ], [ 588575.4, 172239.199999998993007 ], [ 588579.0, 172197.699999998993007 ], [ 588568.3397, 172207.612500001006993 ], [ 588523.4, 172249.4 ], [ 588543.0, 172262.6 ], [ 588480.3, 172271.199999998993007 ], [ 588486.2, 172298.1 ], [ 588536.8, 172310.699999998993007 ], [ 588537.9, 172287.0 ], [ 588586.1, 172343.199999998993007 ], [ 588597.2, 172291.699999998993007 ], [ 588610.5, 172340.300000001006993 ], [ 588644.6, 172314.6 ], [ 588623.2, 172297.199999998993007 ], [ 588646.7, 172312.6 ], [ 588642.6, 172327.5 ], [ 588668.4, 172345.699999998993007 ], [ 588674.7948, 172340.5429 ], [ 588693.2, 172401.300000001006993 ], [ 588787.9, 172446.5 ], [ 588801.0, 172402.6 ], [ 588783.1, 172376.0 ], [ 588801.3, 172366.699999998993007 ], [ 588798.4, 172335.6 ], [ 588729.5, 172330.199999998993007 ], [ 588762.1, 172316.699999998993007 ], [ 588729.1, 172295.4 ], [ 588830.5, 172349.4 ], [ 588801.4, 172371.300000001006993 ], [ 588786.4, 172376.199999998993007 ], [ 588840.4, 172430.869999999005813 ], [ 588900.9, 172379.57 ], [ 588843.7, 172357.67 ], [ 588837.9, 172352.17 ], [ 588866.0, 172332.27 ], [ 588842.8099, 172354.07719999901 ], [ 588889.6, 172357.57 ], [ 588900.4, 172369.369999999005813 ], [ 588903.7, 172378.369999999005813 ], [ 588902.6, 172388.17 ], [ 588863.7, 172431.470000000990694 ], [ 588843.9, 172434.77 ], [ 588805.6, 172430.17 ], [ 588900.2, 172450.67 ], [ 589039.81, 172410.0 ], [ 588974.54, 172403.970000000990694 ], [ 589251.72, 172348.11 ], [ 589325.9, 172239.4 ], [ 589237.8, 172232.6 ], [ 589243.5, 172259.699999998993007 ], [ 589222.6, 172248.5 ], [ 589233.0, 172231.6 ], [ 589253.3, 172220.9 ], [ 589330.2, 172235.199999998993007 ], [ 589343.7, 172242.4 ], [ 589347.6, 172296.0 ], [ 589370.6, 172273.300000001006993 ], [ 589394.5, 172270.0 ], [ 589369.5, 172261.0 ], [ 589363.6, 172237.199999998993007 ], [ 589369.6, 172232.699999998993007 ], [ 589384.3, 172229.699999998993007 ], [ 589377.9, 172222.699999998993007 ], [ 589250.9, 172194.4 ], [ 589389.8, 172221.300000001006993 ], [ 589462.2, 172238.0 ], [ 589474.2, 172250.699999998993007 ], [ 589467.7, 172330.800000001006993 ], [ 589463.8, 172357.0 ], [ 589466.4, 172320.5 ], [ 589397.5, 172348.9 ], [ 589416.6, 172360.199999998993007 ], [ 589423.3, 172377.800000001006993 ], [ 589406.8, 172425.5 ], [ 589431.7, 172439.4 ], [ 589468.1, 172397.1 ], [ 589516.9, 172429.300000001006993 ], [ 589479.9, 172410.0 ], [ 589436.9, 172449.800000001006993 ], [ 589569.5, 172554.4 ], [ 589638.6, 172571.1 ], [ 589589.2, 172532.9 ], [ 589579.5, 172495.9 ], [ 589580.3, 172472.6 ], [ 589621.3, 172495.300000001006993 ], [ 589583.7221, 172495.785700000997167 ], [ 589598.6, 172536.1 ], [ 589646.519699999946, 172530.1153 ], [ 589656.6, 172578.4 ], [ 589757.0, 172577.9 ], [ 589752.6, 172525.0 ], [ 589759.1169, 172521.5748 ], [ 589763.3, 172567.199999998993007 ], [ 589798.4, 172567.699999998993007 ], [ 589860.1, 172524.699999998993007 ], [ 589842.07, 172488.699999998993007 ], [ 589741.7, 172506.6 ], [ 589675.7, 172503.199999998993007 ], [ 589623.2, 172478.300000001006993 ], [ 589514.2, 172409.800000001006993 ], [ 589475.6, 172376.5 ], [ 589489.6, 172247.699999998993007 ], [ 589493.8, 172239.300000001006993 ], [ 589694.8, 172205.9 ], [ 589885.8, 172069.0 ], [ 589659.3, 172199.4 ], [ 589481.71, 172223.98 ], [ 589317.5, 172193.300000001006993 ], [ 589239.6, 172166.4 ], [ 589052.62, 171926.68 ], [ 589076.8, 171908.26 ], [ 589063.58, 171871.189999999012798 ], [ 589031.7, 171887.0 ], [ 589017.3107, 171841.510500000993488 ], [ 589012.907099999953, 171790.935799998987932 ], [ 589013.1099, 171791.3013 ], [ 589034.917299999972, 171830.608799999987 ], [ 589038.6332, 171828.612299998989329 ], [ 589039.4716, 171828.161800000991207 ], [ 589040.214599999948, 171827.762599998997757 ], [ 589040.8805, 171827.404799999989 ], [ 589044.238699999987, 171825.60040000101435 ], [ 589047.756, 171820.3804 ], [ 589041.22, 171775.679400001012255 ], [ 589040.3944, 171774.7401 ], [ 589040.1417, 171774.4526 ], [ 589035.6679, 171769.363099999988 ], [ 589031.182799999951, 171764.920600001001731 ], [ 589024.9068, 171758.704399998998269 ], [ 589020.3895, 171765.68029999898863 ], [ 589019.247199999983, 171767.4443 ], [ 589009.647, 171766.579700000991579 ], [ 589009.122199999983, 171766.473399999988 ], [ 589001.427099999972, 171764.9153 ], [ 588997.8946, 171764.199999998993007 ], [ 588982.4669, 171731.342399999004556 ], [ 588982.4, 171731.199999998993007 ], [ 588982.9424, 171730.883400001010159 ], [ 589030.5949, 171703.0682 ], [ 589035.192799999961, 171700.284700001007877 ], [ 589035.9385, 171699.8333 ], [ 589036.046899999958, 171699.7257 ], [ 589037.2493, 171701.513599998987047 ], [ 589041.9779, 171708.5449 ], [ 589033.806499999948, 171713.661599999002647 ], [ 589030.165799999959, 171715.306700001005083 ], [ 589024.565199999954, 171717.92 ], [ 589019.453499999945, 171727.1644 ], [ 589017.179699999979, 171731.276699998998083 ], [ 589057.2184, 171713.630899998999666 ], [ 589062.53, 171711.289999998989515 ], [ 589046.134, 171694.863099999988 ], [ 589030.7, 171679.4 ], [ 589035.1594, 171676.281300000991905 ], [ 589051.0185, 171665.190400001010858 ], [ 589059.6694, 171658.492699999012984 ], [ 589070.8486, 171651.3224 ], [ 589067.250099999947, 171646.929199998994591 ], [ 589072.5368, 171639.1632 ], [ 589113.875699999975, 171591.782 ], [ 589123.4631, 171580.635799999989 ], [ 589129.4575, 171573.6668 ], [ 589132.07, 171570.59 ], [ 589110.4081, 171510.277100000996143 ], [ 589103.7, 171491.6 ], [ 589105.1017, 171488.386 ], [ 589142.5015, 171402.6292 ], [ 589144.134899999946, 171398.8838 ], [ 589152.725499999942, 171379.185699999012286 ], [ 589151.5753, 171384.689099998999154 ], [ 589140.2308, 171438.9671 ], [ 589132.352399999974, 171466.9702 ], [ 589144.322599999956, 171462.3969 ], [ 589159.765099999961, 171456.497099998989142 ], [ 589162.82, 171455.33 ], [ 589159.6918, 171459.6896 ], [ 589144.1346, 171481.3708 ], [ 589147.473499999964, 171482.567299999005627 ], [ 589159.2432, 171479.227600001002429 ], [ 589166.407299999963, 171477.194800000987016 ], [ 589185.49, 171471.779999999009306 ], [ 589204.053399999975, 171421.5721 ], [ 589211.3362, 171401.874500000994885 ], [ 589214.0858, 171394.4376 ], [ 589201.078, 171399.7129 ], [ 589196.4389, 171401.5943 ], [ 589170.0758, 171398.2377 ], [ 589169.23, 171398.130000000994187 ], [ 589169.6648, 171400.4811 ], [ 589174.96, 171429.11 ], [ 589168.6051, 171406.2664 ], [ 589167.0012, 171400.500600000988925 ], [ 589166.3, 171397.98 ], [ 589167.4847, 171395.4573 ], [ 589168.6911, 171392.8883 ], [ 589172.5677, 171384.6335 ], [ 589177.764399999985, 171373.5678 ], [ 589180.83, 171367.039999998989515 ], [ 589199.447799999965, 171388.457 ], [ 589206.1191, 171386.024 ], [ 589237.8253, 171369.7426 ], [ 589238.6191, 171369.335000001010485 ], [ 589230.2683, 171327.116 ], [ 589229.955399999977, 171327.3192 ], [ 589207.368099999963, 171341.993100001011044 ], [ 589209.6489, 171334.9921 ], [ 589214.4499, 171328.2578 ], [ 589217.838699999964, 171322.755899998999666 ], [ 589219.1176, 171320.6796 ], [ 589219.0755, 171320.223300001001917 ], [ 589218.339599999948, 171312.2541 ], [ 589210.715699999942, 171318.925000001006993 ], [ 589202.1249, 171326.4419 ], [ 589195.799099999946, 171331.977 ], [ 589175.855699999956, 171349.427399999986 ], [ 589184.5651, 171334.217299999989 ], [ 589185.1923, 171333.1219 ], [ 589185.559, 171332.519400001008762 ], [ 589190.22, 171324.861500000988599 ], [ 589204.315799999982, 171301.7028 ], [ 589205.9, 171299.1 ], [ 589206.671199999982, 171299.261299998994218 ], [ 589247.5686, 171307.815099998988444 ], [ 589251.008799999952, 171308.518200001009973 ], [ 589251.3627, 171308.387599998997757 ], [ 589256.1221, 171306.63220000101137 ], [ 589256.1631, 171306.1555 ], [ 589257.233299999963, 171293.7184 ], [ 589258.4834, 171279.1905 ], [ 589253.931, 171280.682700000994373 ], [ 589233.1323, 171287.5002 ], [ 589233.7126, 171286.874700001004385 ], [ 589243.727599999984, 171276.079600000986829 ], [ 589312.124199999962, 171202.3554 ], [ 589341.8101, 171170.3572 ], [ 589347.2068, 171164.540200001007179 ], [ 589297.3238, 171238.449200000992278 ], [ 589293.7506, 171241.943299998994917 ], [ 589290.359399999958, 171245.401699998998083 ], [ 589277.368499999982, 171258.6504 ], [ 589275.2942, 171260.765799999004 ], [ 589281.938399999985, 171257.6844 ], [ 589345.19, 171228.35 ], [ 589345.6611, 171225.889 ], [ 589358.5821, 171158.3829 ], [ 589357.3817, 171154.42170000099577 ], [ 589370.5342, 171114.052200000995072 ], [ 589382.8085, 171076.378399999987 ], [ 589384.2101, 171071.077099999005441 ], [ 589385.5355, 171065.136399998998968 ], [ 589385.6766, 171064.5042 ], [ 589386.3323, 171061.565300001006108 ], [ 589388.9442, 171055.803099999000551 ], [ 589389.8547, 171053.794500001007691 ], [ 589390.963, 171051.349300000991207 ], [ 589391.189499999979, 171053.740499998995801 ], [ 589391.353699999978, 171055.4745 ], [ 589392.457799999975, 171067.131200000992976 ], [ 589391.065799999982, 171073.019400001008762 ], [ 589386.2535, 171092.070599998987745 ], [ 589379.048199999961, 171120.595299999986 ], [ 589386.7328, 171110.050000001006993 ], [ 589426.219399999944, 171055.864 ], [ 589430.58, 171049.880000000994187 ], [ 589400.6583, 171041.662099999987 ], [ 589386.05, 171037.65 ], [ 589386.3839, 171033.7312 ], [ 589387.574299999978, 171019.7607 ], [ 589391.65, 170971.93 ], [ 589420.174299999955, 170934.791399999987 ], [ 589424.5389, 170929.1087 ], [ 589450.631799999974, 170895.1359 ], [ 589464.3331, 170877.29670000099577 ], [ 589468.0679, 170872.4341 ], [ 589466.2676, 170879.1896 ], [ 589463.662499999977, 170888.9647 ], [ 589449.694299999974, 170926.0397 ], [ 589441.457399999956, 170934.862199999013683 ], [ 589440.648, 170938.395 ], [ 589440.1138, 170940.726299998990726 ], [ 589440.032699999982, 170941.735200001014164 ], [ 589439.5832, 170947.329500001011183 ], [ 589449.1829, 170937.775599999004044 ], [ 589460.0, 170927.01 ], [ 589464.969099999988, 170929.5056 ], [ 589468.3568, 170929.478299999988 ], [ 589476.486799999955, 170929.412799999001436 ], [ 589476.8545, 170929.4098 ], [ 589484.5973, 170930.7009 ], [ 589481.299299999955, 170934.4998 ], [ 589472.1924, 170938.321 ], [ 589465.0977, 170941.297900000994559 ], [ 589458.218699999969, 170947.434199999989 ], [ 589458.1266, 170947.7532 ], [ 589453.92, 170962.33 ], [ 589460.1944, 170963.2095 ], [ 589461.739799999981, 170963.426100001001032 ], [ 589464.22, 170963.773800001014024 ], [ 589473.7038, 170954.92280000098981 ], [ 589480.817, 170948.284299999009818 ], [ 589489.94, 170939.77 ], [ 589496.802299999981, 170913.474300000991207 ], [ 589520.8824, 170821.202299998985836 ], [ 589519.375699999975, 170820.263499999011401 ], [ 589511.404, 170815.2962 ], [ 589495.781399999978, 170811.704700000991579 ], [ 589494.3042, 170814.1349 ], [ 589490.4431, 170820.4868 ], [ 589486.4651, 170821.1723 ], [ 589472.768, 170816.311899999011075 ], [ 589464.068399999989, 170824.3356 ], [ 589463.208699999959, 170825.128599999006838 ], [ 589460.252499999944, 170828.8377 ], [ 589482.0489, 170852.2711 ], [ 589491.9374, 170862.121699999989 ], [ 589492.0607, 170862.2445 ], [ 589488.747, 170862.678699999989 ], [ 589487.010499999975, 170862.906300000991905 ], [ 589461.1781, 170858.4727 ], [ 589459.7197, 170855.549399999989 ], [ 589452.6744, 170841.427999998995801 ], [ 589442.0441, 170820.1209 ], [ 589439.13, 170814.279999999009306 ], [ 589440.3443, 170813.5857 ], [ 589457.290599999949, 170803.896199998998782 ], [ 589476.978499999968, 170792.6391 ], [ 589500.71, 170779.07 ], [ 589538.6489, 170724.523600001004525 ], [ 589576.124399999972, 170670.643699999986 ], [ 589578.45, 170667.300000001006993 ], [ 589578.589599999948, 170666.9166 ], [ 589675.8173, 170399.9714 ], [ 589723.9346, 170267.862 ], [ 589751.66, 170191.74 ], [ 589772.413, 170187.576099998987047 ], [ 589801.75, 170181.689999999012798 ], [ 589802.1339, 170181.1632 ], [ 589804.276599999983, 170178.223200000997167 ], [ 589806.228699999978, 170175.5447 ], [ 589829.0048, 170144.293199998995988 ], [ 589835.022899999982, 170136.035700000997167 ], [ 589865.3074, 170094.482100001012441 ], [ 589869.74, 170088.4 ], [ 589978.9765, 170004.5452 ], [ 590017.66, 169974.85 ], [ 590287.67, 169840.6400000010035 ], [ 590343.466299999971, 169839.5288 ], [ 590343.91, 169839.52 ], [ 590375.2876, 169774.39179999899352 ], [ 590423.38, 169674.57 ], [ 590423.848, 169674.9903 ], [ 590430.126, 169680.6285 ], [ 590471.6305, 169717.902899998996872 ], [ 590510.7112, 169753.000499999005115 ], [ 590520.8418, 169762.0986 ], [ 590530.8976, 169783.3367 ], [ 590532.600199999986, 169786.1895 ], [ 590536.0202, 169791.7422 ], [ 590550.5653, 169814.0156 ], [ 590559.332, 169827.5648 ], [ 590607.7016, 169882.362199999013683 ], [ 590608.45, 169883.210000001010485 ], [ 590867.8488, 169720.57740000099875 ], [ 590956.67, 169664.8900000010035 ], [ 591288.14, 169290.939999999012798 ], [ 591293.0481, 169288.4002 ], [ 591321.02, 169273.9254 ], [ 591376.26, 169245.34 ], [ 591375.79, 169180.35 ], [ 591446.6, 169117.880000000994187 ], [ 591414.15, 169131.36 ], [ 591418.31, 169103.439999999012798 ], [ 591482.29, 169082.68 ], [ 591526.56, 169024.3900000010035 ], [ 591491.13, 169018.880000000994187 ], [ 591529.88, 168988.310000000987202 ], [ 591768.54, 168848.939999999012798 ], [ 592064.5, 168744.529999999009306 ], [ 592080.48, 168637.1400000010035 ], [ 592043.68, 168521.199999998993007 ], [ 592080.08, 168510.6 ], [ 592179.59, 168735.57 ], [ 592337.45, 168653.810000000987202 ], [ 592316.33, 168638.82 ], [ 592313.31, 168631.6400000010035 ], [ 592291.46, 168656.3900000010035 ], [ 592308.56, 168623.720000000990694 ], [ 592318.84, 168635.43 ], [ 592355.35, 168617.33 ], [ 592377.82, 168562.32 ], [ 592322.25, 168571.949999998993007 ], [ 592367.38, 168556.0 ], [ 592360.49, 168534.57 ], [ 592384.8, 168548.58 ], [ 592401.8, 168437.5 ], [ 592373.52, 168422.810000000987202 ], [ 592348.06, 168485.560000000987202 ], [ 592371.5, 168415.75 ], [ 592407.24, 168424.23 ], [ 592415.73, 168391.77 ], [ 592380.18, 168355.220000000990694 ], [ 592411.24, 168351.6 ], [ 592406.28, 168271.449999998993007 ], [ 592378.24, 168277.310000000987202 ], [ 592392.63, 168195.42 ], [ 592373.6, 168168.02 ], [ 592376.99, 168240.9 ], [ 592356.85, 168101.880000000994187 ], [ 592376.74, 168078.65 ], [ 592337.88, 168020.67 ], [ 592366.54, 167977.66 ], [ 592356.05, 167956.36 ], [ 592328.35, 168007.52 ], [ 592213.91, 167856.68 ], [ 592249.6526, 167822.671299999987 ], [ 592264.5, 167817.43 ], [ 592242.4, 167860.560000000987202 ], [ 592280.94, 167873.42 ], [ 592282.4, 167828.67 ], [ 592308.98, 167873.57 ], [ 592298.48, 167829.66 ], [ 592334.79, 167865.970000000990694 ], [ 592317.07, 167836.199999998993007 ], [ 592342.91, 167823.68 ], [ 592314.99, 167785.449999998993007 ], [ 592248.87, 167810.779999999009306 ], [ 592205.63, 167847.75 ], [ 592174.98, 167810.77 ], [ 592323.44, 167727.02 ], [ 592300.17, 167634.199999998993007 ], [ 592287.7, 167720.050000001006993 ], [ 592257.3, 167701.25 ], [ 592289.5, 167693.75 ], [ 592298.71, 167600.93 ], [ 592282.28, 167599.800000001006993 ], [ 592260.5, 167625.689999999012798 ], [ 592280.006799999974, 167613.0496 ], [ 592276.5, 167672.949999998993007 ], [ 592253.1, 167635.25 ], [ 592250.5, 167688.75 ], [ 592216.7, 167689.75 ], [ 592237.1, 167724.75 ], [ 592202.089799999958, 167706.862 ], [ 592218.6, 167668.65 ], [ 592197.2, 167702.35 ], [ 592163.9, 167795.25 ], [ 592119.9, 167757.65 ], [ 592178.8, 167713.85 ], [ 592133.6, 167694.949999998993007 ], [ 592174.2, 167708.550000001006993 ], [ 592231.6, 167642.949999998993007 ], [ 592149.2, 167664.08 ], [ 592205.1, 167626.35 ], [ 592180.115, 167588.41 ], [ 592192.87, 167559.220000000990694 ], [ 592220.55, 167630.17 ], [ 592221.84, 167571.25 ], [ 592242.71, 167618.08 ], [ 592241.09, 167574.960000001010485 ], [ 592272.66, 167584.060000000987202 ], [ 592204.07, 167545.33 ], [ 592213.24, 167513.42 ], [ 592244.41, 167529.630000000994187 ], [ 592225.94, 167482.59 ], [ 592273.65, 167551.83 ], [ 592260.55, 167475.35 ], [ 592233.92, 167468.210000001010485 ], [ 592268.08, 167377.92 ], [ 592242.27, 167288.16 ], [ 592187.77, 167234.66 ], [ 592173.900799999945, 167127.7082 ], [ 592172.9816, 167123.663899998995475 ], [ 592163.33, 167081.199999998993007 ], [ 592267.47, 167044.66 ], [ 592330.23, 166970.34 ], [ 592330.22, 166830.01 ], [ 592398.95, 166824.48 ], [ 592443.46, 166772.27 ], [ 592461.21, 166552.75 ], [ 592546.71, 166289.4 ], [ 592492.66, 166239.17 ], [ 592257.75, 166235.51 ], [ 592311.41, 166220.35 ], [ 592284.64, 166184.529999999009306 ], [ 592239.12, 166232.82 ], [ 592262.99, 166173.73 ], [ 592217.29, 166157.49 ], [ 592165.2, 166194.630000000994187 ], [ 592187.26, 166125.58 ], [ 592134.18, 166130.720000000990694 ], [ 592035.12, 166036.32 ], [ 592112.6, 166046.199999998993007 ], [ 592093.24, 166014.51 ], [ 592034.05, 166017.699999998993007 ], [ 592089.76, 166004.279999999009306 ], [ 592061.4, 165920.1 ], [ 592077.3, 165783.800000001006993 ], [ 592045.0, 165762.0 ], [ 592080.2, 165774.5 ], [ 592077.7, 165728.699999998993007 ], [ 592015.4, 165702.300000001006993 ], [ 592075.6, 165715.4 ], [ 592069.0, 165629.9 ], [ 592044.8, 165645.800000001006993 ], [ 592068.6, 165612.300000001006993 ], [ 592045.2, 165584.300000001006993 ], [ 591989.6, 165612.9 ], [ 591986.8, 165560.800000001006993 ], [ 592052.4, 165552.199999998993007 ], [ 592006.4, 165548.5 ], [ 591947.85, 165478.15 ], [ 592005.5, 165447.5 ], [ 592048.75, 165462.9 ], [ 591966.137, 165205.461999999010004 ], [ 591912.6, 165175.949999998993007 ], [ 591869.579099999974, 165095.002199999988 ], [ 591774.47, 164980.810000000987202 ], [ 591792.45, 164942.300000001006993 ], [ 591692.7, 164911.449999998993007 ], [ 591704.5, 164860.300000001006993 ], [ 591633.65, 164878.0 ], [ 591701.9257, 164977.523700001009274 ], [ 591612.85, 164867.25 ], [ 591481.8, 164844.550000001006993 ], [ 591477.65, 164869.5 ], [ 591387.25, 164796.300000001006993 ], [ 591157.05, 164692.300000001006993 ], [ 591090.0, 164587.65 ], [ 591149.6, 164464.25 ], [ 591057.45, 164329.75 ], [ 591007.15, 164333.699999998993007 ], [ 590868.25, 164463.199999998993007 ], [ 590799.75, 164464.949999998993007 ], [ 590635.6, 164351.699999998993007 ], [ 590548.9, 164332.0 ], [ 590536.9629, 164296.6065 ], [ 590594.201499999966, 164295.9077 ], [ 590604.2, 164296.15 ], [ 590703.8, 164352.199999998993007 ], [ 590722.84, 164295.02 ], [ 590743.5, 164366.35 ], [ 590820.55, 164397.1 ], [ 590881.55, 164386.699999998993007 ], [ 591007.9725, 164292.982799999008421 ], [ 591085.95, 164262.75 ], [ 591143.7, 164346.550000001006993 ], [ 591182.05, 164310.050000001006993 ], [ 591197.783, 164219.210000001010485 ], [ 591195.25, 164333.949999998993007 ], [ 591151.95, 164366.35 ], [ 591195.97, 164453.1 ], [ 591164.25, 164596.300000001006993 ], [ 591255.8, 164680.9 ], [ 591495.35, 164799.1 ], [ 591571.5, 164623.85 ], [ 591587.6, 164640.4 ], [ 591531.0, 164742.0 ], [ 591545.4, 164778.35 ], [ 591653.6, 164806.050000001006993 ], [ 591782.44, 164772.74 ], [ 591901.06, 164857.75 ], [ 592105.2, 165335.199999998993007 ], [ 592189.346, 165870.9920000009879 ], [ 592268.0, 166019.24 ], [ 592534.65, 166049.36 ], [ 592536.73, 166082.59 ], [ 592560.23, 166052.0 ], [ 592654.31, 166197.57 ], [ 592820.37, 166231.99 ], [ 592983.61, 166226.08 ], [ 593256.72, 166137.220000000990694 ], [ 593483.97, 166181.67 ], [ 593575.0481, 166161.945 ], [ 593575.607599999988, 166161.754699999000877 ], [ 593789.5, 166089.01 ], [ 595480.56, 166054.65 ], [ 595787.99, 165991.539999998989515 ], [ 596044.7, 165883.6 ], [ 596072.0, 165733.4 ], [ 596009.9, 165582.699999998993007 ], [ 595770.0, 165304.199999998993007 ], [ 595740.4, 165295.9 ], [ 595749.3, 165367.5 ], [ 595804.8, 165411.199999998993007 ], [ 595748.1, 165370.699999998993007 ], [ 595741.9, 165353.0 ], [ 595732.0, 165308.0 ], [ 595722.3, 165237.300000001006993 ], [ 595746.2, 165285.300000001006993 ], [ 595774.2, 165282.5 ], [ 595706.99, 165128.36 ], [ 595744.43, 165147.810000000987202 ], [ 595771.12, 165079.15 ], [ 595724.4, 165109.199999998993007 ], [ 595824.8, 165023.699999998993007 ], [ 595970.3, 164970.0 ], [ 596052.8, 164892.369999999005813 ], [ 596059.19, 164730.869999999005813 ], [ 595840.85, 164657.789999998989515 ], [ 595906.134, 164579.646 ], [ 596042.76, 164640.6 ], [ 596104.18, 164614.11 ], [ 596102.98, 164684.77 ], [ 596237.4, 164566.36 ], [ 596117.73, 164702.460000001010485 ], [ 596130.66, 164848.439999999012798 ], [ 596070.57, 164991.119999999005813 ], [ 595891.6, 165110.699999998993007 ], [ 595846.13, 165195.26 ], [ 595961.66, 165318.210000001010485 ], [ 595944.9, 165251.300000001006993 ], [ 596246.03, 165686.779999999009306 ], [ 596422.6, 165666.9 ], [ 596552.1, 165615.800000001006993 ], [ 596620.23, 165513.960000001010485 ], [ 596642.93, 165541.59 ], [ 596683.99, 165514.34 ], [ 597023.71, 165521.26 ], [ 597046.13, 165488.199999998993007 ], [ 597289.76, 165470.51 ], [ 597457.96, 165511.210000001010485 ], [ 597617.37, 165499.539999998989515 ], [ 597644.08, 165461.75 ], [ 597695.0, 165457.0 ], [ 598045.0, 165551.9 ], [ 598423.36, 165572.61 ], [ 598662.8, 165546.130000000994187 ], [ 598692.3, 165557.25 ], [ 598664.88, 165572.529999999009306 ], [ 598936.94, 165667.8900000010035 ], [ 599122.03, 165686.33 ], [ 599154.8, 165711.060000000987202 ], [ 599118.43, 165695.539999998989515 ], [ 599139.07, 165728.86 ], [ 599382.7, 165806.1 ], [ 599657.1, 165763.1 ], [ 600000.013099999982, 165642.6116 ], [ 600063.0, 165620.48 ], [ 600234.1, 165608.779999999009306 ], [ 600336.6, 165567.68 ], [ 600345.5, 165534.779999999009306 ], [ 600371.0, 165549.279999999009306 ], [ 600457.0, 165503.58 ], [ 600445.6, 165480.48 ], [ 600483.4, 165486.779999999009306 ], [ 600583.2, 165382.380000000994187 ], [ 600592.5, 165344.18 ], [ 600544.6, 165288.779999999009306 ], [ 600600.1, 165347.68 ], [ 600630.1, 165334.779999999009306 ], [ 600844.2, 165088.68 ], [ 601080.51, 164926.380000000994187 ], [ 601199.71, 164789.08 ], [ 601308.16, 164796.26 ], [ 601570.68, 164637.029999999009306 ], [ 601838.67, 164598.789999998989515 ], [ 601866.81, 164551.470000000990694 ], [ 601726.18, 164452.529999999009306 ], [ 601726.28, 164422.43 ], [ 601663.48, 164408.029999999009306 ], [ 601633.11, 164356.43 ], [ 601626.82, 164261.630000000994187 ], [ 601682.27, 164245.18 ], [ 601689.23, 164172.539999998989515 ], [ 601658.22, 164151.11 ], [ 601693.05, 164140.880000000994187 ], [ 601693.16, 164025.460000001010485 ], [ 601679.55, 163969.68 ], [ 601613.11, 163957.550000001006993 ], [ 601676.45, 163958.08 ], [ 601686.96, 163881.970000000990694 ], [ 601587.85, 163520.68 ], [ 601480.75, 163413.08 ], [ 601154.65, 163331.68 ], [ 601058.75, 163272.98 ], [ 600975.98, 163129.83 ], [ 600866.18, 163057.529999999009306 ], [ 600858.69, 162952.02 ], [ 600742.519699999946, 162782.681399999011774 ], [ 600789.7964, 162808.3959 ], [ 600802.248, 162826.6043 ], [ 600878.01, 162882.08 ], [ 601062.2, 163177.039999998989515 ], [ 601142.44, 163159.1 ], [ 601111.13, 163221.949999998993007 ], [ 601353.55, 163301.51 ], [ 601569.03, 163413.75 ], [ 601722.75, 163671.380000000994187 ], [ 601856.55, 163536.98 ], [ 602037.62, 163417.0 ], [ 602338.52, 163605.800000001006993 ], [ 602477.12, 163593.199999998993007 ], [ 602474.62, 163478.800000001006993 ], [ 602509.32, 163448.9 ], [ 602502.12, 163423.699999998993007 ], [ 602603.32, 163485.199999998993007 ], [ 602604.42, 163453.199999998993007 ], [ 602543.42, 163410.300000001006993 ], [ 602668.32, 163470.5 ], [ 602632.82, 163465.800000001006993 ], [ 602603.72, 163507.699999998993007 ], [ 602524.52, 163466.1 ], [ 602493.8436, 163479.814200001012068 ], [ 602492.6362, 163488.0002 ], [ 602523.02, 163584.199999998993007 ], [ 602773.42, 163554.800000001006993 ], [ 602730.22, 163474.1 ], [ 602786.12, 163552.5 ], [ 602889.71, 163449.880000000994187 ], [ 602960.51, 163188.68 ], [ 603193.51, 162962.779999999009306 ], [ 603204.31, 162881.08 ], [ 603184.81, 162895.18 ], [ 603178.71, 162890.08 ], [ 603153.91, 162822.08 ], [ 603036.61, 162836.58 ], [ 603150.21, 162817.68 ], [ 603157.21, 162820.380000000994187 ], [ 603193.81, 162883.779999999009306 ], [ 603213.11, 162783.68 ], [ 603171.61, 162677.380000000994187 ], [ 603106.01, 162649.380000000994187 ], [ 602990.41, 162682.18 ], [ 602921.81, 162666.48 ], [ 602697.71, 162392.380000000994187 ], [ 602354.91, 162183.48 ], [ 601798.35, 161962.199999998993007 ], [ 601680.45, 161825.449999998993007 ], [ 601726.15, 161939.5 ], [ 601516.4, 161623.43 ], [ 601379.5, 161565.800000001006993 ], [ 601311.0, 161621.0 ], [ 601339.3, 161557.6 ], [ 601303.2517, 161574.205600001005223 ], [ 601325.9974, 161543.098099999013357 ], [ 601343.319499999983, 161542.3016 ], [ 601363.15, 161526.5 ], [ 601523.3617, 161618.918099998991238 ], [ 601855.96, 161943.11 ], [ 602326.705, 162132.369000000995584 ], [ 602349.78, 162128.83 ], [ 602344.1, 161908.0 ], [ 602364.01, 162146.98 ], [ 602806.8046, 162409.714199998998083 ], [ 602807.401199999964, 162415.7477 ], [ 602815.71, 162499.779999999009306 ], [ 602923.01, 162622.68 ], [ 603031.91, 162613.68 ], [ 602948.81, 162530.279999999009306 ], [ 603042.61, 162618.98 ], [ 603138.91, 162611.68 ], [ 603221.01, 162670.18 ], [ 603274.51, 162827.880000000994187 ], [ 603304.71, 162853.08 ], [ 603321.91, 162835.380000000994187 ], [ 603283.11, 162804.48 ], [ 603289.41, 162762.48 ], [ 603286.61, 162802.380000000994187 ], [ 603318.21, 162819.08 ], [ 603325.51, 162833.08 ], [ 603324.11, 162842.98 ], [ 603318.71, 162854.48 ], [ 603295.41, 162857.279999999009306 ], [ 603285.31, 162848.380000000994187 ], [ 603272.81, 162833.880000000994187 ], [ 603255.81, 162806.08 ], [ 603250.41, 162783.779999999009306 ], [ 603239.71, 162935.68 ], [ 603300.11, 162935.08 ], [ 603239.41, 162945.48 ], [ 603038.61, 163234.380000000994187 ], [ 602903.51, 163524.68 ], [ 602798.12, 163613.5 ], [ 602376.22, 163733.0 ], [ 602211.92, 163671.199999998993007 ], [ 602055.62, 163536.699999998993007 ], [ 601987.35, 163546.58 ], [ 601871.35, 163631.380000000994187 ], [ 601848.05, 163653.779999999009306 ], [ 602048.52, 163680.1 ], [ 601856.75, 163672.380000000994187 ], [ 601845.35, 163662.279999999009306 ], [ 601804.45, 163705.880000000994187 ], [ 601802.07, 164134.51 ], [ 601822.87, 164204.41 ], [ 601889.47, 164176.51 ], [ 601824.47, 164209.51 ], [ 601851.47, 164244.310000000987202 ], [ 602048.9, 164289.960000001010485 ], [ 602399.4, 164445.960000001010485 ], [ 602804.989, 164552.362 ], [ 603079.992, 164520.747 ], [ 603118.016, 164551.811000001005596 ], [ 603160.013, 164542.370999998995103 ], [ 603143.635, 164567.128 ], [ 603177.854, 164587.33599999899161 ], [ 603214.464, 164564.208000001002802 ], [ 603297.547, 164610.472999999008607 ], [ 603304.178, 164570.564999999012798 ], [ 603305.741, 164613.279999999009306 ], [ 603352.085, 164634.679 ], [ 603375.26, 164583.009 ], [ 603382.348, 164580.213 ], [ 603407.61, 164583.676999999006512 ], [ 603451.646, 164608.411 ], [ 603473.972, 164602.051999999006512 ], [ 603523.163, 164613.926000000996282 ], [ 603567.43, 164645.625 ], [ 603591.899, 164634.89100000099279 ], [ 603606.991, 164634.203 ], [ 603656.717, 164669.549000000988599 ], [ 603633.525, 164664.122 ], [ 603624.025, 164699.1 ], [ 603594.868, 164704.697000001004199 ], [ 603621.7929, 164689.3959 ], [ 603610.058, 164638.378 ], [ 603601.899, 164636.748 ], [ 603565.724, 164649.648 ], [ 603507.839, 164619.473999998997897 ], [ 603452.264, 164613.824999998993007 ], [ 603377.401, 164590.615 ], [ 603373.481, 164645.345000000990694 ], [ 603522.395, 164744.275 ], [ 603373.264, 164654.005999999004416 ], [ 603332.796, 164714.442 ], [ 603364.062, 164647.99 ], [ 603255.665, 164602.155999998998595 ], [ 603261.46, 164698.909 ], [ 603223.434, 164663.931 ], [ 603236.012, 164604.842 ], [ 603172.631, 164674.566 ], [ 603177.366, 164645.771 ], [ 603123.352, 164659.903999998990912 ], [ 603098.908, 164570.753 ], [ 603047.657, 164617.475 ], [ 603057.13, 164653.550000001006993 ], [ 603245.394, 164718.525 ], [ 603593.499, 164770.853 ], [ 604024.468, 164760.477 ], [ 604387.033, 164913.049000000988599 ], [ 604585.469, 164959.298 ], [ 604792.913, 164960.463 ], [ 605567.362199999974, 164856.35920000099577 ], [ 605568.2996, 164856.2676 ], [ 605572.185399999958, 164855.888 ], [ 605942.015, 164819.756999998993706 ], [ 606269.192, 164835.389 ], [ 606514.418, 164888.698000000993488 ], [ 606795.957, 165004.416999998997198 ], [ 607405.767, 164996.27 ], [ 607505.121, 165047.518999999010703 ], [ 607705.897, 165060.776000001002103 ], [ 607782.512, 165096.961999999010004 ], [ 608337.48, 165102.182 ], [ 609108.621, 165301.804 ], [ 609537.077, 165500.062999999005115 ], [ 609791.71, 165705.1227 ], [ 609794.9037, 165707.69470000101137 ], [ 609884.137, 165801.445 ], [ 609931.527, 165960.278999998990912 ], [ 610048.966, 166092.674000000988599 ], [ 610174.457, 166324.556 ], [ 610337.507, 166544.700999999011401 ], [ 610458.936, 166643.933 ], [ 610518.2, 166809.699999998993007 ], [ 610568.39, 166833.157 ], [ 610655.05, 166981.0 ], [ 610710.377, 167020.689999999012798 ], [ 610643.64, 167076.300000001006993 ], [ 610648.352, 167084.129000001004897 ], [ 610680.6139, 167097.363299999007722 ], [ 610813.1, 167021.1 ], [ 610761.55, 166996.16 ], [ 610770.07, 166962.32 ], [ 610850.952399999951, 166998.8375 ], [ 610866.6548, 167005.926999999006512 ], [ 610907.527, 167033.01 ], [ 610714.67, 167121.42 ], [ 610695.2493, 167149.9309 ], [ 610689.358299999963, 167171.1807 ], [ 611067.316, 167186.134 ], [ 611239.237, 167312.153000001009787 ], [ 612705.1027, 167380.4726 ], [ 613086.858, 167417.626 ], [ 613322.03, 167479.206 ], [ 613556.75, 167598.01 ], [ 613597.45, 167641.66 ], [ 613611.8, 167667.779999999009306 ], [ 613643.23, 167746.01 ], [ 613687.0585, 167773.714400000986643 ], [ 613792.23, 167754.1400000010035 ], [ 613833.95, 167670.300000001006993 ], [ 613796.65, 167606.4 ], [ 613693.2, 167617.9 ], [ 613675.6, 167610.300000001006993 ], [ 613617.32, 167488.529999999009306 ], [ 613681.9, 167609.050000001006993 ], [ 613777.3, 167599.449999998993007 ], [ 613802.5, 167604.949999998993007 ], [ 613837.5, 167663.65 ], [ 613839.85, 167680.5 ], [ 613807.436, 167763.710000001010485 ], [ 613719.41, 167783.810000000987202 ], [ 613666.39, 167774.26 ], [ 613652.26, 167765.66 ], [ 613623.76, 167734.34 ], [ 613578.079, 167634.5119 ], [ 613496.776, 167596.75 ], [ 613541.388, 167737.289999998989515 ], [ 613658.65, 167788.057 ], [ 614090.15, 167804.98 ], [ 614641.090399999986, 167758.4289 ], [ 614641.629399999976, 167758.383400001010159 ], [ 614644.537499999977, 167758.137700001010671 ], [ 615105.452, 167759.188999998994404 ], [ 615532.462, 167831.245999998995103 ], [ 615659.692, 167903.892000001011183 ], [ 615762.361, 168054.573000000993488 ], [ 615760.206, 168122.874 ], [ 615734.0, 168110.1 ], [ 615764.643, 168129.814999999012798 ], [ 615781.56, 168333.050000001006993 ], [ 615785.4, 168287.16 ], [ 615999.0753, 168279.8924 ], [ 615999.306499999948, 168279.884500001004199 ], [ 616006.97, 168279.6239 ], [ 616745.715, 168258.446 ], [ 617189.128, 168294.661 ], [ 617707.05, 168465.300000001006993 ], [ 617684.8, 168501.85 ], [ 617569.020099999965, 168518.277100000996143 ], [ 617308.6, 168487.25 ], [ 617303.4, 168511.800000001006993 ], [ 617416.95, 168526.75 ], [ 617555.85, 168527.550000001006993 ], [ 617682.457, 168512.6170000009879 ], [ 617876.128, 168452.290999999007909 ], [ 618411.6267, 168445.5866 ], [ 619269.441, 168493.328 ], [ 619999.964099999983, 168619.1919 ], [ 620446.752899999963, 168696.2741 ], [ 620446.927099999972, 168696.3178 ], [ 620447.9097, 168696.564200001012068 ], [ 620933.647, 168818.35899999901 ], [ 621288.88, 168977.805 ], [ 621570.195, 169057.929 ], [ 622240.216, 169159.10899999901 ], [ 622286.39, 169205.68 ], [ 622538.13, 169280.564999999012798 ], [ 622733.822, 169395.445 ], [ 622820.971, 169383.812999999005115 ], [ 622941.94, 169406.411 ], [ 622962.599, 169436.402000000991393 ], [ 623000.963, 169407.895 ], [ 623880.9, 169466.369999999005813 ], [ 624464.4444, 169408.9169 ], [ 624464.6396, 169408.897700000990881 ], [ 624742.741, 169421.07 ], [ 624789.247, 169390.794 ], [ 626346.567, 169246.64100000099279 ], [ 626809.088, 169268.055 ], [ 626873.122, 169279.969000001001405 ], [ 626881.352, 169309.889 ], [ 627183.6467, 169347.1404 ], [ 627186.4656, 169349.5406 ], [ 627216.832, 169375.396 ], [ 627403.15, 169395.014 ], [ 627568.159, 169352.459000000992091 ], [ 627884.067, 169359.255000000994187 ], [ 628255.344, 169422.341 ], [ 628552.1, 169569.1 ], [ 628755.1, 169726.199999998993007 ], [ 628761.6, 169816.1 ], [ 628816.7, 169888.699999998993007 ], [ 629033.4, 169994.5 ], [ 629227.95, 169957.199999998993007 ], [ 629443.4, 169975.9 ], [ 629662.6, 170069.300000001006993 ], [ 629853.0, 169949.050000001006993 ], [ 630027.2, 169905.199999998993007 ], [ 630333.15, 169886.0 ], [ 630548.75, 169926.949999998993007 ], [ 630666.5, 169822.300000001006993 ], [ 630740.0, 169796.35 ], [ 630828.55, 169830.35 ], [ 630820.65, 169901.800000001006993 ], [ 630861.05, 169955.4 ], [ 631100.775299999979, 170003.298 ], [ 631101.1435, 170003.358100001001731 ], [ 631447.1, 170059.699999998993007 ], [ 631673.85, 170021.65 ], [ 631707.25, 170026.35 ], [ 631702.76, 170054.82 ], [ 631734.7, 170032.85 ], [ 631897.55, 170094.25 ], [ 632035.65, 170202.0 ], [ 632052.0, 170272.9 ], [ 632020.8, 170435.65 ], [ 632133.85, 170534.1 ], [ 632557.63, 170383.960000001010485 ], [ 632677.05, 170379.5 ], [ 632845.295099999988, 170427.602399999013869 ], [ 632846.8754, 170428.054199998994591 ], [ 632855.808, 170430.607999998988817 ], [ 632916.53, 170517.220000000990694 ], [ 633095.8, 170526.300000001006993 ], [ 633224.75, 170649.199999998993007 ], [ 633310.8, 170687.5 ], [ 633413.0, 170680.449999998993007 ], [ 633601.98, 170584.470000000990694 ], [ 633782.86, 170535.35 ], [ 634134.95, 170565.25 ], [ 634339.3, 170623.25 ], [ 634378.62, 170694.61 ], [ 634445.79, 170686.34 ], [ 634554.65, 170727.550000001006993 ], [ 634639.94, 170711.99 ], [ 634866.9547, 170787.857899999013171 ], [ 634867.9784, 170788.199899998988258 ], [ 635047.59, 170833.529999999009306 ], [ 635209.313, 170932.126 ], [ 635218.017, 171025.719000001001405 ], [ 635328.26, 171113.699999998993007 ], [ 635341.0, 171160.800000001006993 ], [ 635310.934, 171218.411 ], [ 635218.4, 171228.4 ], [ 635128.0, 171151.800000001006993 ], [ 635105.9, 171157.0 ], [ 635147.95, 171215.550000001006993 ], [ 635206.35, 171243.33 ], [ 635313.5, 171234.85 ], [ 635546.95, 171386.35 ], [ 635840.9818, 171424.614600000990322 ], [ 635841.260299999965, 171424.6183 ], [ 635926.17, 171425.74 ], [ 635944.7, 171466.65 ], [ 635984.25, 171472.199999998993007 ], [ 636055.5, 171405.1 ], [ 636837.9571, 171412.2579 ], [ 637007.5, 171416.0 ], [ 637170.9, 171525.6 ], [ 637215.9, 171503.699999998993007 ], [ 637244.628, 171431.772 ], [ 637354.85, 171400.199999998993007 ], [ 637458.7, 171440.4 ], [ 637476.15, 171417.949999998993007 ], [ 637971.35, 171385.300000001006993 ], [ 638226.14, 171496.6400000010035 ], [ 638289.05, 171606.300000001006993 ], [ 638358.65, 171648.449999998993007 ], [ 638492.6, 171594.300000001006993 ], [ 638648.6, 171455.449999998993007 ], [ 639062.615299999947, 171181.7787 ], [ 639062.7711, 171181.7217 ], [ 639211.2, 171127.35 ], [ 639201.8, 171107.4 ], [ 639248.7, 171123.050000001006993 ], [ 639262.64, 171074.76 ], [ 639573.88, 170968.83 ], [ 639514.5, 170831.75 ], [ 639517.25, 170717.050000001006993 ], [ 639632.19, 170594.810000000987202 ], [ 639813.35, 170503.0 ], [ 639895.15, 170197.449999998993007 ], [ 639986.7, 170082.65 ], [ 639999.97, 170073.6513 ], [ 640106.0, 170001.75 ], [ 640154.41, 169916.76 ], [ 640164.8, 169614.35 ], [ 640100.8, 169322.4 ], [ 640126.3, 169116.65 ], [ 640098.06, 169011.75 ], [ 639999.9914, 168882.1601 ], [ 639945.6387, 168810.3221 ], [ 639917.75, 168660.75 ], [ 639934.4, 168291.15 ], [ 639999.991099999985, 167788.5331 ], [ 640000.2706, 167784.161 ], [ 639999.9912, 167784.072000001004199 ], [ 639939.05, 167764.65 ], [ 639958.78, 167815.4 ], [ 639906.65, 167823.35 ], [ 639829.2879, 167744.7466 ], [ 639829.2669, 167744.4628 ], [ 639821.35, 167638.199999998993007 ], [ 639859.35, 167544.300000001006993 ], [ 639796.2, 167442.699999998993007 ], [ 639850.1, 167322.050000001006993 ], [ 639782.35, 167053.550000001006993 ], [ 639785.6, 166852.15 ], [ 639712.45, 166702.35 ], [ 639615.45, 166669.6 ], [ 639577.15, 166416.699999998993007 ], [ 639479.35, 166235.75 ], [ 639417.232899999944, 166010.342700000997866 ], [ 639416.916199999978, 166009.193600000988226 ], [ 639416.789, 166008.731899998994777 ], [ 639198.6, 165524.699999998993007 ], [ 639005.1891, 165270.143699999986 ], [ 638675.14, 164715.439999999012798 ], [ 638606.7809, 164679.5021 ], [ 638685.103099999949, 164548.3978 ], [ 638699.93, 164500.0 ], [ 638691.55, 164453.25 ], [ 638664.25, 164414.4 ], [ 638592.4, 164359.4 ], [ 638549.4, 164266.550000001006993 ], [ 638692.0, 164113.4 ], [ 638531.9, 164261.800000001006993 ], [ 638564.99, 164353.970000000990694 ], [ 638640.3908, 164407.6634 ], [ 638674.4997, 164460.5613 ], [ 638690.45, 164502.1400000010035 ], [ 638588.0, 164695.699999998993007 ], [ 638517.58, 164707.039999998989515 ], [ 638454.45, 164678.15 ], [ 638502.1, 164635.75 ], [ 638411.05, 164656.550000001006993 ], [ 638337.85, 164537.9 ], [ 638302.9, 164556.699999998993007 ], [ 638283.2175, 164516.1691 ], [ 638359.1, 164435.449999998993007 ], [ 638343.15, 164419.65 ], [ 638264.95, 164498.15 ], [ 638214.7, 164434.949999998993007 ], [ 638316.65, 164280.25 ], [ 638333.208, 164281.442 ], [ 638475.0, 164291.65 ], [ 638358.9, 164255.75 ], [ 638314.35, 164272.15 ], [ 638280.9, 164307.050000001006993 ], [ 638239.05, 164375.6 ], [ 638033.65, 164249.1 ], [ 637979.34, 164245.550000001006993 ], [ 637958.66, 164124.73 ], [ 638082.5, 164085.949999998993007 ], [ 637952.3, 164079.6 ], [ 637968.75, 163985.199999998993007 ], [ 638065.61, 163844.939999999012798 ], [ 638530.5, 163856.25 ], [ 638621.45, 163924.199999998993007 ], [ 638530.8, 163851.199999998993007 ], [ 638065.4018, 163840.066299998987233 ], [ 637784.897299999953, 163838.9046 ], [ 637775.9664, 163838.8676 ], [ 637775.7839, 163839.214600000996143 ], [ 637642.7955, 164092.13990000099875 ], [ 637642.6925, 164092.3606 ], [ 637642.6058, 164092.5461 ], [ 637625.929699999979, 164128.251 ], [ 637624.557, 164132.403100001014536 ], [ 637613.7118, 164162.1789 ], [ 637613.4194, 164162.1195 ], [ 637489.7, 164137.0 ], [ 637509.1, 164077.5 ], [ 637492.6164, 164119.6875 ], [ 637401.05, 164108.949999998993007 ], [ 637418.0, 164057.550000001006993 ], [ 637402.637699999963, 164097.5776 ], [ 637316.3, 164080.300000001006993 ], [ 637323.79, 164037.460000001010485 ], [ 637298.26, 164086.93 ], [ 636923.3, 164037.07 ], [ 636529.0, 164082.449999998993007 ], [ 636448.1, 164066.800000001006993 ], [ 636341.35, 164121.426999999006512 ], [ 636132.4, 164118.300000001006993 ], [ 635727.334, 164310.197000001004199 ], [ 635652.033, 164286.102 ], [ 635406.051, 164323.412 ], [ 635169.836, 164127.273 ], [ 635162.997, 164002.629000001004897 ], [ 635022.699, 163919.36 ], [ 634952.025, 163936.885 ], [ 634908.422, 163864.828 ], [ 634869.923, 163869.66 ], [ 634714.407, 163752.25799999901 ], [ 634687.578, 163669.868000001006294 ], [ 634504.408, 163471.208000001002802 ], [ 634414.615, 163251.277000000991393 ], [ 634426.08, 163076.63299999901 ], [ 634450.189, 162999.598999998997897 ], [ 634547.593, 162997.718 ], [ 634450.147, 162954.517999998992309 ], [ 634519.398, 162973.663000000989996 ], [ 634425.193, 162843.861 ], [ 634533.068, 162979.263 ], [ 634608.781, 162960.665999999007909 ], [ 634517.896, 162913.095000000990694 ], [ 634445.994, 162784.737 ], [ 634439.558, 162744.852 ], [ 634448.408, 162719.198999999003718 ], [ 634466.223, 162747.346999998990213 ], [ 634461.662, 162698.018999999010703 ], [ 634471.395499999984, 162737.9398 ], [ 634492.09, 162625.558 ], [ 634510.457, 162704.431 ], [ 634494.15, 162668.53900000100839 ], [ 634478.005, 162733.708000001002802 ], [ 634456.7008, 162782.707 ], [ 634509.5219, 162862.396600000996841 ], [ 634490.437, 162708.14100000099279 ], [ 634521.062, 162869.066 ], [ 634514.131, 162893.809 ], [ 634584.725, 162938.210000001010485 ], [ 634544.207, 162903.778999998990912 ], [ 634580.673, 162918.759 ], [ 634526.097, 162706.239 ], [ 634554.243, 162765.357000001007691 ], [ 634553.293, 162564.058 ], [ 634501.064, 162481.681 ], [ 634479.334, 162582.741 ], [ 634491.958, 162470.169 ], [ 634403.055, 162451.663000000989996 ], [ 634466.057, 162523.899 ], [ 634423.806, 162515.835000001010485 ], [ 634357.104, 162573.802999998995801 ], [ 634267.503, 162776.017000001011183 ], [ 634256.425, 162789.045 ], [ 634233.351, 162748.602 ], [ 634261.0265, 162780.358899999002 ], [ 634283.945, 162671.116 ], [ 634302.334, 162685.407 ], [ 634348.642, 162575.027000000991393 ], [ 634272.628, 162625.541999998997198 ], [ 634232.482, 162643.012 ], [ 634200.903, 162642.598999998997897 ], [ 634168.871, 162656.953 ], [ 634164.3747, 162662.093699999008095 ], [ 634135.454, 162657.511 ], [ 634191.813, 162643.329 ], [ 634286.3532, 162603.4135 ], [ 634424.649, 162501.75799999901 ], [ 634380.044, 162464.261 ], [ 634363.925, 162472.412 ], [ 634367.043, 162487.211999999010004 ], [ 634362.943, 162493.498 ], [ 634298.918, 162524.779999999009306 ], [ 634287.568, 162505.388 ], [ 634361.276, 162481.006999998993706 ], [ 634278.831, 162431.563999998994404 ], [ 634224.526, 162485.817 ], [ 634165.522, 162495.10899999901 ], [ 634140.029, 162591.903999998990912 ], [ 634122.359, 162605.835000001010485 ], [ 634136.317, 162577.572000001004199 ], [ 634110.197, 162572.205 ], [ 634092.758, 162627.211999999010004 ], [ 634076.471, 162588.021 ], [ 634138.409, 162550.482000001007691 ], [ 634133.162, 162543.84 ], [ 634102.963, 162551.392000001011183 ], [ 634071.6, 162524.478 ], [ 634124.673, 162539.658 ], [ 634141.492, 162525.249 ], [ 634090.5, 162463.379000001004897 ], [ 634145.442, 162513.868000001006294 ], [ 634202.583, 162450.154999999009306 ], [ 634226.784, 162465.276000001002103 ], [ 634260.624, 162436.606000000989297 ], [ 634182.841, 162369.59 ], [ 634100.082, 162443.01600000099279 ], [ 634071.491, 162433.127 ], [ 634109.87, 162425.459000000992091 ], [ 634100.429, 162336.067 ], [ 634124.176, 162396.65 ], [ 634171.766, 162367.778999998990912 ], [ 634112.816299999948, 162284.2127 ], [ 633876.78, 162014.49 ], [ 633813.6, 161890.6 ], [ 633781.99, 161894.42 ], [ 633763.6, 161785.0 ], [ 633499.6, 161173.6 ], [ 633335.2, 161186.5 ], [ 633321.5, 161537.9 ], [ 633261.618499999982, 161855.273399998986861 ], [ 633109.29, 162123.529999999009306 ], [ 632819.67, 162383.119999999005813 ], [ 632772.8414, 162397.444800000987016 ], [ 632760.3011, 162404.9014 ], [ 632691.3475, 162422.373600001010345 ], [ 632535.0, 162470.199999998993007 ], [ 632314.485899999971, 162373.866800001007505 ], [ 632286.699099999969, 162362.426999999006512 ], [ 632182.17, 162513.789999998989515 ], [ 631831.37, 162784.59 ], [ 631642.57, 162804.8900000010035 ], [ 631643.77, 162836.59 ], [ 631627.27, 162804.59 ], [ 631016.87, 162875.3900000010035 ], [ 631000.33, 163152.61 ], [ 631002.37, 162871.49 ], [ 630770.779, 162740.342700000997866 ], [ 630762.6482, 162740.30529999898863 ], [ 630030.7449, 162886.1172 ], [ 629973.722, 162918.6786 ], [ 629765.2, 163050.300000001006993 ], [ 629392.6, 163173.699999998993007 ], [ 628972.4, 163169.6 ], [ 628861.5, 163143.800000001006993 ], [ 628705.91, 163012.560000000987202 ], [ 628329.31, 162994.960000001010485 ], [ 628154.99, 163036.34 ], [ 627991.65, 163156.550000001006993 ], [ 627804.98, 163207.880000000994187 ], [ 627469.7, 163180.300000001006993 ], [ 627090.822, 163296.418 ], [ 626746.2, 163567.9 ], [ 626642.43, 163889.01 ], [ 626565.25, 163947.289999998989515 ], [ 626495.8741, 163934.216 ], [ 626394.2, 163843.5 ], [ 626207.2, 163856.199999998993007 ], [ 625955.05, 164058.74 ], [ 625824.45, 164074.720000000990694 ], [ 625494.55, 164040.720000000990694 ], [ 625382.85, 164209.220000000990694 ], [ 625231.65, 164214.32 ], [ 625131.55, 164129.52 ], [ 625232.67, 163981.98 ], [ 625268.8, 163836.9 ], [ 625139.3, 163793.699999998993007 ], [ 624972.8, 163580.800000001006993 ], [ 625083.0, 163486.1 ], [ 625112.66, 163404.99 ], [ 624912.46, 163436.67 ], [ 624726.96, 163398.57 ], [ 624643.45, 163283.1400000010035 ], [ 624485.05, 163245.939999999012798 ], [ 624459.35, 163142.439999999012798 ], [ 624305.13, 163032.65 ], [ 624286.48, 162916.630000000994187 ], [ 624164.48, 162864.23 ], [ 624082.78, 162984.43 ], [ 623930.56, 163050.32 ], [ 623797.85, 163211.289999998989515 ], [ 623724.873, 163165.455 ], [ 623553.316, 163192.648 ], [ 623445.45, 163182.880000000994187 ], [ 623220.16, 163105.119999999005813 ], [ 623018.280099999974, 162903.2401 ], [ 623011.8053, 162897.0858 ], [ 622983.76, 162868.720000000990694 ], [ 622986.3996, 162843.9957 ], [ 623017.483299999963, 162800.0976 ], [ 623036.213699999964, 162761.983799999987 ], [ 623038.26, 162757.82 ], [ 623035.2165, 162750.246400000993162 ], [ 623022.419, 162718.4 ], [ 623018.7805, 162709.345699998986674 ], [ 622960.765099999961, 162691.343 ], [ 622825.6, 162649.4 ], [ 622810.892, 162625.570599998987745 ], [ 622810.499399999972, 162625.3983 ], [ 622805.755299999961, 162616.6053 ], [ 622738.1, 162504.800000001006993 ], [ 622600.65, 162453.51 ], [ 622630.83, 162441.32 ], [ 622725.39, 162489.5 ], [ 622670.5193, 162379.5348 ], [ 622615.054, 162367.7247 ], [ 622379.8, 162329.5 ], [ 622348.8381, 162254.352 ], [ 622301.6, 162139.699999998993007 ], [ 622281.9024, 162118.7194 ], [ 622249.4, 162084.1 ], [ 621985.6, 162153.699999998993007 ], [ 621808.7, 162057.0 ], [ 621603.059099999955, 162017.8112 ], [ 621602.631599999964, 162017.729699999006698 ], [ 621548.2, 161974.5 ], [ 621582.448199999984, 161851.225500000989996 ], [ 621583.9, 161846.0 ], [ 621565.4, 161747.300000001006993 ], [ 621560.254599999986, 161748.735200001014164 ], [ 621329.5, 161813.1 ], [ 621169.3, 161773.300000001006993 ], [ 621091.3, 161718.9 ], [ 621072.6, 161574.4 ], [ 620772.1, 161325.1 ], [ 620813.3, 161371.5 ], [ 620791.4, 161432.6 ], [ 620554.4, 161451.300000001006993 ], [ 620309.9, 161229.800000001006993 ], [ 620316.0, 161077.1 ], [ 620394.3, 160996.699999998993007 ], [ 620489.4, 160957.699999998993007 ], [ 620708.97, 160998.73 ], [ 620647.95, 160777.49 ], [ 620554.85, 160764.189999999012798 ], [ 620408.25, 160671.8900000010035 ], [ 620319.778399999952, 160570.3518 ], [ 620309.4878, 160560.5998 ], [ 620308.2256, 160561.2095 ], [ 620168.95, 160628.49 ], [ 619999.981099999975, 160486.6767 ], [ 619999.065599999973, 160485.908399998996174 ], [ 619843.15, 160450.24 ], [ 619832.478699999978, 160439.548900001012953 ], [ 619773.505899999989, 160378.323100000998238 ], [ 619772.1618, 160378.506100000988226 ], [ 619678.65, 160391.24 ], [ 619161.55, 160340.539999998989515 ], [ 619105.95, 160284.34 ], [ 619094.4841, 160190.493100001011044 ], [ 619079.9359, 160114.552300000999821 ], [ 619078.0858, 160104.895099999004742 ], [ 619027.096499999985, 160069.899800001003314 ], [ 619027.0439, 160069.094900000985945 ], [ 618968.35, 160069.1400000010035 ], [ 618876.15, 160160.1400000010035 ], [ 618773.35, 160196.6400000010035 ], [ 618403.211, 159999.986 ], [ 618252.4518, 159919.888 ], [ 618000.0, 159824.15 ], [ 617963.85, 159870.6400000010035 ], [ 617877.07, 159874.76 ], [ 617809.47, 159855.26 ], [ 617737.503, 159895.499700001004385 ], [ 617720.87, 159842.36 ], [ 617614.98, 159907.529999999009306 ], [ 617560.68, 159988.529999999009306 ], [ 617622.896599999978, 159884.6028 ], [ 617427.68, 159939.029999999009306 ], [ 617654.27, 159861.16 ], [ 617761.97, 159790.27 ], [ 617879.21, 159771.41 ], [ 618239.55, 159897.6400000010035 ], [ 618434.7817, 159999.9888 ], [ 618777.85, 160179.84 ], [ 618864.15, 160153.84 ], [ 618955.65, 160060.439999999012798 ], [ 619026.096499999985, 160054.8391 ], [ 619029.2768, 160054.586200001009274 ], [ 619100.45, 160118.039999998989515 ], [ 619114.1456, 160234.2017 ], [ 619116.85, 160257.1400000010035 ], [ 619120.7535, 160262.542199999006698 ], [ 619165.781, 160324.857000001007691 ], [ 619172.85, 160334.6400000010035 ], [ 619179.960899999947, 160334.270199999009492 ], [ 619449.75, 160320.24 ], [ 619621.13, 160360.546499999007 ], [ 619668.1125, 160371.5962 ], [ 619715.6187, 160364.9125 ], [ 619765.55, 160356.74 ], [ 619847.45, 160430.039999998989515 ], [ 619999.9818, 160464.424900001002243 ], [ 620005.15, 160465.59 ], [ 620173.35, 160611.09 ], [ 620314.75, 160546.99 ], [ 620547.55, 160737.3900000010035 ], [ 620661.45, 160762.189999999012798 ], [ 620751.6, 161042.9 ], [ 620752.465399999986, 161213.812000000994885 ], [ 620752.8, 161279.9 ], [ 620756.566, 161283.058900000993162 ], [ 621094.0, 161566.1 ], [ 621151.0, 161734.300000001006993 ], [ 621334.0, 161790.6 ], [ 621564.1, 161728.4 ], [ 621601.7, 161867.300000001006993 ], [ 621575.6, 161985.699999998993007 ], [ 621805.4, 162034.300000001006993 ], [ 621997.8, 162133.199999998993007 ], [ 622048.5, 162117.0 ], [ 622049.6, 162083.300000001006993 ], [ 622054.6, 162113.800000001006993 ], [ 622207.0, 162056.800000001006993 ], [ 622265.6, 162066.4 ], [ 622321.0, 162118.1 ], [ 622391.6, 162312.699999998993007 ], [ 622681.35, 162364.24 ], [ 622820.12, 162624.99 ], [ 623035.96, 162702.720000000990694 ], [ 623053.26, 162761.52 ], [ 623000.0, 162854.3900000010035 ], [ 623058.66, 162936.720000000990694 ], [ 623257.16, 163081.42 ], [ 623465.4856, 163164.056399999011774 ], [ 623501.526, 163168.991599998989841 ], [ 623623.74, 163169.050000001006993 ], [ 623724.77, 163138.43 ], [ 623815.03, 163173.413000000989996 ], [ 623883.7, 163056.050000001006993 ], [ 624067.55, 162965.6 ], [ 624126.27, 162834.199999998993007 ], [ 624172.11, 162834.562999999005115 ], [ 624140.82, 162805.300000001006993 ], [ 624295.44, 162892.720000000990694 ], [ 624334.35, 163028.130000000994187 ], [ 624474.4239, 163124.333000001002802 ], [ 624474.6507, 163124.8928 ] ] ], [ [ [ 598700.89, 166879.810000000987202 ], [ 598676.39, 166836.439999999012798 ], [ 598710.1, 166868.91 ], [ 598784.65, 166799.35 ], [ 598736.78, 166777.86 ], [ 598791.35, 166795.33 ], [ 598775.77, 166756.279999999009306 ], [ 598812.39, 166778.41 ], [ 598805.35, 166728.86 ], [ 598782.59, 166738.85 ], [ 598800.94, 166727.25 ], [ 598808.82, 166727.789999998989515 ], [ 598844.31, 166748.380000000994187 ], [ 598837.58, 166713.289999998989515 ], [ 598866.04, 166726.960000001010485 ], [ 598969.09, 166573.779999999009306 ], [ 598620.68, 166777.439999999012798 ], [ 598594.76, 166943.460000001010485 ], [ 598659.35, 166930.470000000990694 ], [ 598700.89, 166879.810000000987202 ] ] ], [ [ [ 599284.24, 166841.800000001006993 ], [ 599221.15, 166805.630000000994187 ], [ 599275.41, 166820.99 ], [ 599230.15, 166791.449999998993007 ], [ 599272.15, 166794.210000001010485 ], [ 599251.94, 166752.720000000990694 ], [ 599245.7462, 166750.096100001013838 ], [ 599210.2, 166725.1400000010035 ], [ 599235.55, 166714.49 ], [ 599218.3, 166649.199999998993007 ], [ 599017.9, 166728.300000001006993 ], [ 599073.79, 166796.33 ], [ 599083.1, 166771.800000001006993 ], [ 599091.7, 166765.699999998993007 ], [ 599104.0, 166753.300000001006993 ], [ 599111.6953, 166756.024499999010004 ], [ 599092.7828, 166769.2774 ], [ 599086.3, 166774.199999998993007 ], [ 599098.87, 166800.310000000987202 ], [ 599150.8, 166796.4 ], [ 599081.37, 166817.380000000994187 ], [ 599077.78, 166976.050000001006993 ], [ 599110.34, 166959.49 ], [ 599181.92, 166885.83 ], [ 599284.24, 166841.800000001006993 ] ] ], [ [ [ 593191.53, 166882.880000000994187 ], [ 593175.13, 166853.33 ], [ 593135.7, 166873.289999998989515 ], [ 593191.53, 166882.880000000994187 ] ] ], [ [ [ 593294.74, 166867.32 ], [ 593184.86, 166857.869999999005813 ], [ 593194.61, 166884.23 ], [ 593282.96, 166890.789999998989515 ], [ 593294.74, 166867.32 ] ] ], [ [ [ 596881.71, 165891.5 ], [ 596932.58, 165851.810000000987202 ], [ 596930.87, 165872.789999998989515 ], [ 597076.14, 165832.77 ], [ 597138.78, 165784.42 ], [ 597379.32, 165737.560000000987202 ], [ 597122.56, 165711.949999998993007 ], [ 597115.9, 165753.6 ], [ 597097.56, 165713.210000001010485 ], [ 597062.73, 165723.039999998989515 ], [ 597061.2, 165770.300000001006993 ], [ 597056.42, 165719.529999999009306 ], [ 597005.01, 165749.32 ], [ 596987.57, 165730.92 ], [ 596969.3, 165788.199999998993007 ], [ 596944.8, 165780.800000001006993 ], [ 596968.8, 165784.6 ], [ 596975.2, 165736.59 ], [ 596898.3, 165809.0 ], [ 596909.7, 165768.4 ], [ 596875.28, 165774.119999999005813 ], [ 596877.6, 165829.6 ], [ 597080.7, 165784.1 ], [ 597089.1, 165785.699999998993007 ], [ 597039.3, 165819.5 ], [ 597066.234799999977, 165790.2227 ], [ 596874.9, 165834.699999998993007 ], [ 596881.71, 165891.5 ] ] ], [ [ [ 596866.0, 165877.68 ], [ 596861.19, 165786.59 ], [ 596732.9, 165835.98 ], [ 596765.72, 165906.52 ], [ 596811.23, 165906.74 ], [ 596866.0, 165877.68 ] ] ], [ [ [ 596747.95, 165918.18 ], [ 596727.0, 165841.07 ], [ 596599.07, 165916.42 ], [ 596598.67, 165948.59 ], [ 596644.94, 165940.34 ], [ 596747.95, 165918.18 ] ] ], [ [ [ 593797.37, 167055.619999999005813 ], [ 593773.69, 167004.98 ], [ 593744.73, 167012.02 ], [ 593744.4, 166954.92 ], [ 593675.79, 167029.369999999005813 ], [ 593797.37, 167055.619999999005813 ] ] ], [ [ [ 594825.47, 167033.539999998989515 ], [ 594750.14, 167014.48 ], [ 594789.12, 167068.08 ], [ 594825.47, 167033.539999998989515 ] ] ], [ [ [ 593814.0, 167067.33 ], [ 593625.11, 167055.189999999012798 ], [ 593653.03, 167069.550000001006993 ], [ 593814.0, 167067.33 ] ] ], [ [ [ 598824.2, 166960.800000001006993 ], [ 598811.58, 166914.02 ], [ 598683.69, 167077.09 ], [ 598714.28, 167123.199999998993007 ], [ 598824.2, 166960.800000001006993 ] ] ], [ [ [ 592830.93, 168045.16 ], [ 592769.49, 167988.17 ], [ 592687.5, 167960.92 ], [ 592661.37, 167967.6400000010035 ], [ 592681.7, 168000.15 ], [ 592650.06, 167978.26 ], [ 592723.98, 168042.52 ], [ 592703.35, 168015.710000001010485 ], [ 592691.02, 167977.189999999012798 ], [ 592703.56, 167976.66 ], [ 592706.63, 168004.710000001010485 ], [ 592749.92, 167988.310000000987202 ], [ 592830.93, 168045.16 ] ] ], [ [ [ 592810.82, 168234.789999998989515 ], [ 592858.34, 168104.93 ], [ 592800.48, 168152.27 ], [ 592820.5, 168124.220000000990694 ], [ 592757.85, 168079.74 ], [ 592798.12, 168167.75 ], [ 592780.87, 168254.61 ], [ 592810.82, 168234.789999998989515 ] ] ], [ [ [ 599092.25, 167108.119999999005813 ], [ 599059.99, 167093.810000000987202 ], [ 599045.33, 167108.09 ], [ 599078.5169, 167108.0053 ], [ 599129.08, 167169.3900000010035 ], [ 599141.38, 167133.4 ], [ 599092.25, 167108.119999999005813 ] ] ], [ [ [ 593782.94, 167093.98 ], [ 593698.16, 167090.279999999009306 ], [ 593666.42, 167127.050000001006993 ], [ 593691.54, 167138.380000000994187 ], [ 593782.94, 167093.98 ] ] ], [ [ [ 594816.46, 167101.42 ], [ 594839.9, 167082.689999999012798 ], [ 594784.7, 167097.199999998993007 ], [ 594805.26, 167130.720000000990694 ], [ 594816.46, 167101.42 ] ] ], [ [ [ 594771.76, 167133.92 ], [ 594783.56, 167103.310000000987202 ], [ 594753.21, 167129.16 ], [ 594794.36, 167160.52 ], [ 594798.96, 167150.720000000990694 ], [ 594804.66, 167136.119999999005813 ], [ 594771.76, 167133.92 ] ] ], [ [ [ 599076.73, 167203.6400000010035 ], [ 599076.85, 167128.93 ], [ 599041.54, 167134.67 ], [ 599058.47, 167274.48 ], [ 599076.73, 167203.6400000010035 ] ] ], [ [ [ 594891.76, 167199.52 ], [ 594813.56, 167143.720000000990694 ], [ 594817.86, 167161.52 ], [ 594820.26, 167178.619999999005813 ], [ 594804.36, 167196.220000000990694 ], [ 594805.66, 167172.119999999005813 ], [ 594758.96, 167197.42 ], [ 594758.66, 167158.92 ], [ 594785.56, 167177.92 ], [ 594815.26, 167165.619999999005813 ], [ 594809.16, 167151.720000000990694 ], [ 594798.76, 167165.720000000990694 ], [ 594768.16, 167154.119999999005813 ], [ 594759.41, 167140.51 ], [ 594708.46, 167191.52 ], [ 594813.06, 167222.52 ], [ 594891.76, 167199.52 ] ] ], [ [ [ 594701.45, 167171.310000000987202 ], [ 594676.14, 167166.880000000994187 ], [ 594652.18, 167187.689999999012798 ], [ 594683.63, 167197.26 ], [ 594701.45, 167171.310000000987202 ] ] ], [ [ [ 580224.701099999947, 169052.398600001004525 ], [ 580013.0999, 169046.000399999000365 ], [ 579999.9978, 169074.7227 ], [ 579996.9973, 169081.3003 ], [ 579999.997699999949, 169086.5715 ], [ 580043.499399999972, 169162.9969 ], [ 580200.6997, 169244.8035 ], [ 580263.1973, 169105.303400000993861 ], [ 580224.701099999947, 169052.398600001004525 ] ] ], [ [ [ 582470.14, 168756.16 ], [ 582458.31, 168727.26 ], [ 582433.71, 168730.689999999012798 ], [ 582413.97, 168750.8900000010035 ], [ 582398.83, 168747.27 ], [ 582435.97, 168760.949999998993007 ], [ 582470.14, 168756.16 ] ] ], [ [ [ 588065.0, 169169.699999998993007 ], [ 588066.7, 169129.9 ], [ 588021.0, 169164.1 ], [ 588035.5, 169146.199999998993007 ], [ 588001.2, 169141.300000001006993 ], [ 588047.1, 169208.4 ], [ 588052.2306, 169197.307700000994373 ], [ 588065.0, 169169.699999998993007 ] ] ], [ [ [ 588108.8, 169203.1 ], [ 588086.4, 169164.4 ], [ 588062.3, 169191.800000001006993 ], [ 588084.5, 169224.1 ], [ 588108.8, 169203.1 ] ] ], [ [ [ 590551.83, 169853.57 ], [ 590535.64, 169823.720000000990694 ], [ 590519.77, 169848.060000000987202 ], [ 590512.2872, 169809.189099998999154 ], [ 590504.8846, 169809.4406 ], [ 590463.2489, 169875.488299999007722 ], [ 590551.83, 169853.57 ] ] ], [ [ [ 585396.2, 169420.189999999012798 ], [ 585367.46, 169413.35 ], [ 585351.53, 169438.970000000990694 ], [ 585380.2, 169456.5 ], [ 585396.2, 169420.189999999012798 ] ] ], [ [ [ 586655.95, 169801.779999999009306 ], [ 586711.03, 169696.810000000987202 ], [ 586588.62, 169627.869999999005813 ], [ 586404.57, 169417.32 ], [ 586199.74, 169269.27 ], [ 586041.79, 169032.26 ], [ 586028.21, 169096.720000000990694 ], [ 586076.94, 169094.07 ], [ 586092.3, 169121.699999998993007 ], [ 585966.9, 169248.1 ], [ 585796.1, 169339.4 ], [ 585797.6, 169362.800000001006993 ], [ 585830.0, 169328.800000001006993 ], [ 585854.1, 169351.300000001006993 ], [ 585813.5, 169432.199999998993007 ], [ 585826.51, 169463.220000000990694 ], [ 585876.9462, 169464.975 ], [ 585900.77, 169538.48 ], [ 585984.2, 169592.1400000010035 ], [ 586086.36, 169613.539999998989515 ], [ 586108.36, 169584.560000000987202 ], [ 586084.321, 169651.1052 ], [ 586162.31, 169671.619999999005813 ], [ 586170.1541, 169720.074100000987528 ], [ 586140.1, 169710.380000000994187 ], [ 586184.9, 169738.300000001006993 ], [ 586363.31, 169822.1 ], [ 586494.96, 169841.51 ], [ 586655.95, 169801.779999999009306 ] ] ], [ [ [ 585406.7, 169473.6 ], [ 585389.6, 169450.0 ], [ 585382.5, 169480.4 ], [ 585406.7, 169473.6 ] ] ], [ [ [ 585510.46, 169622.619999999005813 ], [ 585448.27, 169499.99 ], [ 585347.21, 169519.539999998989515 ], [ 585359.47, 169572.630000000994187 ], [ 585361.8, 169534.75 ], [ 585429.97, 169510.529999999009306 ], [ 585393.62, 169578.470000000990694 ], [ 585510.46, 169622.619999999005813 ] ] ], [ [ [ 581896.9974, 170038.396299999003531 ], [ 581970.7, 169868.505000000994187 ], [ 582025.199799999944, 169868.505000000994187 ], [ 582018.801699999953, 169810.8015 ], [ 582079.7986, 169685.6973 ], [ 582095.802299999981, 169599.102099999989 ], [ 582038.1034, 169506.0987 ], [ 581996.3998, 169749.799000000988599 ], [ 581832.8013, 169826.796899999987 ], [ 581775.102399999974, 169887.699499999988 ], [ 581759.098699999973, 169980.7029 ], [ 581480.102399999974, 169698.503599999006838 ], [ 581492.8987, 169628.003799998987233 ], [ 581345.4028, 169474.097899999003857 ], [ 581297.3011, 169352.2028 ], [ 581214.0013, 169304.0965 ], [ 581053.601799999946, 169339.396400000987342 ], [ 580883.704099999974, 169426.001599998999154 ], [ 580848.398799999966, 169502.89959999898565 ], [ 580761.8009, 169538.199499999988 ], [ 580867.6015, 169570.3003 ], [ 580848.398799999966, 169608.7993 ], [ 580736.2, 169605.500299998995615 ], [ 580684.899199999985, 169846.001399998989655 ], [ 580611.0977, 169903.804899999988 ], [ 580614.296699999948, 169993.499199999001576 ], [ 580716.8983, 169990.300100001011742 ], [ 580880.496799999964, 170093.000700000993675 ], [ 580934.996599999955, 170218.004899999010377 ], [ 581085.6999, 170246.8967 ], [ 581364.6962, 170221.204 ], [ 581512.200399999972, 170173.097799999989 ], [ 581797.6032, 170157.102399999013869 ], [ 581919.399199999985, 170121.8025 ], [ 581970.7, 170067.2981 ], [ 581896.9974, 170038.396299999003531 ] ] ], [ [ [ 585680.4, 168293.300000001006993 ], [ 585599.3, 168244.800000001006993 ], [ 585594.4808, 168285.025800000992604 ], [ 585631.3, 168276.5 ], [ 585619.1, 168301.5 ], [ 585647.81, 168276.08 ], [ 585644.2, 168305.6 ], [ 585680.4, 168293.300000001006993 ] ] ], [ [ [ 582516.68, 168679.99 ], [ 582499.05, 168655.85 ], [ 582479.76, 168705.460000001010485 ], [ 582516.68, 168679.99 ] ] ], [ [ [ 582311.12, 168664.460000001010485 ], [ 582265.95, 168662.57 ], [ 582309.05, 168716.86 ], [ 582312.68, 168693.4 ], [ 582311.12, 168664.460000001010485 ] ] ], [ [ [ 582580.35, 168762.42 ], [ 582613.25, 168736.869999999005813 ], [ 582636.14, 168742.68 ], [ 582636.83, 168674.779999999009306 ], [ 582618.37, 168668.84 ], [ 582597.99, 168677.119999999005813 ], [ 582618.986599999946, 168642.5086 ], [ 582569.7, 168636.43 ], [ 582580.35, 168762.42 ] ] ], [ [ [ 582345.968, 168726.7106 ], [ 582352.74, 168662.92 ], [ 582329.06, 168699.119999999005813 ], [ 582343.57, 168750.800000001006993 ], [ 582378.0, 168784.83 ], [ 582363.0, 168755.880000000994187 ], [ 582382.8, 168730.439999999012798 ], [ 582345.968, 168726.7106 ] ] ], [ [ [ 582411.16, 168748.08 ], [ 582441.82, 168712.710000001010485 ], [ 582384.99, 168733.949999998993007 ], [ 582411.16, 168748.08 ] ] ], [ [ [ 582525.69, 168746.01 ], [ 582525.82, 168715.199999998993007 ], [ 582479.54, 168736.49 ], [ 582493.48, 168767.48 ], [ 582525.69, 168746.01 ] ] ], [ [ [ 582465.19, 168810.539999998989515 ], [ 582490.85, 168795.5 ], [ 582540.91, 168805.24 ], [ 582567.77, 168770.279999999009306 ], [ 582559.97, 168677.119999999005813 ], [ 582509.13, 168696.130000000994187 ], [ 582549.2, 168702.439999999012798 ], [ 582530.6, 168775.6400000010035 ], [ 582520.91, 168752.09 ], [ 582470.08, 168790.210000001010485 ], [ 582395.38, 168758.380000000994187 ], [ 582465.19, 168810.539999998989515 ] ] ], [ [ [ 578883.3039, 170781.2037 ], [ 579039.300399999949, 170522.797700001014164 ], [ 579168.5995, 170476.6009 ], [ 579324.9011, 170524.7971 ], [ 579275.2988, 170536.4038 ], [ 579317.596, 170569.304400001012255 ], [ 579306.0034, 170545.4012 ], [ 579369.4986, 170534.904200001008576 ], [ 579440.801899999962, 170647.302100000990322 ], [ 579427.7005, 170692.899 ], [ 579498.7977, 170696.298 ], [ 579513.300799999968, 170669.2958 ], [ 579478.201499999966, 170654.300000001006993 ], [ 579521.1006, 170659.0987 ], [ 579541.301, 170621.799399999989 ], [ 579483.297, 170602.604800000990508 ], [ 579443.2012, 170624.6985 ], [ 579429.399, 170588.5989 ], [ 579476.198, 170584.6 ], [ 579482.002499999944, 170541.102399999013869 ], [ 579483.503099999973, 170574.402899998996872 ], [ 579513.0039, 170574.902799998992123 ], [ 579506.3996, 170473.7017 ], [ 579614.6985, 170504.203 ], [ 579644.4962, 170455.9968 ], [ 579627.8989, 170430.5041 ], [ 579696.003099999973, 170396.3039 ], [ 579729.6017, 170287.0952 ], [ 579700.801699999953, 170221.9038 ], [ 579643.902499999967, 170205.1986 ], [ 579379.2031, 170262.302300000999821 ], [ 578796.697799999965, 170224.403100001014536 ], [ 578411.1999, 170133.2992 ], [ 578268.9974, 170135.5985 ], [ 578176.496, 170243.297700001014164 ], [ 578215.099399999948, 170409.200200001010671 ], [ 578205.897899999982, 170559.0973 ], [ 578342.8978, 170674.6042 ], [ 578396.804, 170778.5045 ], [ 578449.4982, 170778.804400001012255 ], [ 578572.1023, 170747.4034 ], [ 578883.3039, 170781.2037 ] ] ], [ [ [ 600467.25, 166452.15 ], [ 600462.4, 166478.1 ], [ 600447.5, 166483.4 ], [ 600432.4514, 166507.5853 ], [ 600462.9, 166495.4 ], [ 600470.3, 166497.199999998993007 ], [ 600475.5, 166502.800000001006993 ], [ 600490.3, 166506.199999998993007 ], [ 600531.2, 166552.699999998993007 ], [ 600473.017699999968, 166504.582599999004742 ], [ 600458.6, 166503.0 ], [ 600444.3, 166508.800000001006993 ], [ 600425.0, 166523.199999998993007 ], [ 600370.8, 166525.199999998993007 ], [ 600426.4, 166567.1 ], [ 600358.4, 166536.699999998993007 ], [ 600368.6, 166572.5 ], [ 600342.2, 166537.199999998993007 ], [ 600272.6, 166486.9 ], [ 600347.3, 166557.9 ], [ 600349.0, 166598.9 ], [ 600290.0, 166599.699999998993007 ], [ 600320.2, 166610.800000001006993 ], [ 600275.2, 166633.199999998993007 ], [ 600257.6, 166596.1 ], [ 600217.7, 166611.300000001006993 ], [ 600260.2, 166646.199999998993007 ], [ 600210.5, 166669.800000001006993 ], [ 600203.9, 166643.800000001006993 ], [ 600194.7, 166747.9 ], [ 600234.0, 166745.4 ], [ 600194.6, 166750.800000001006993 ], [ 600190.9, 166743.800000001006993 ], [ 600186.4, 166687.9 ], [ 600177.6, 166752.9 ], [ 600181.6, 166606.0 ], [ 600134.2, 166699.5 ], [ 600160.4, 166623.9 ], [ 600073.1, 166673.6 ], [ 600049.4, 166655.4 ], [ 600072.5, 166693.1 ], [ 600020.0, 166677.9 ], [ 600073.1, 166733.5 ], [ 600014.4, 166692.199999998993007 ], [ 600027.4, 166803.9 ], [ 600019.6, 166758.5 ], [ 599999.9917, 166746.612600001011742 ], [ 599952.3, 166717.699999998993007 ], [ 599817.3, 166767.5 ], [ 599869.0, 166828.4 ], [ 599796.2, 166785.4 ], [ 599805.4, 166853.800000001006993 ], [ 599789.7, 166787.199999998993007 ], [ 599712.0, 166770.6 ], [ 599695.4, 166873.800000001006993 ], [ 599708.3, 166771.800000001006993 ], [ 599657.6, 166770.0 ], [ 599611.9, 166799.6 ], [ 599617.8, 166839.6 ], [ 599631.8, 166883.800000001006993 ], [ 599630.8, 166891.4 ], [ 599618.7, 166915.4 ], [ 599611.8, 166918.6 ], [ 599552.3, 166916.9 ], [ 599615.0, 166915.300000001006993 ], [ 599629.9642, 166886.633899999986 ], [ 599611.8726, 166832.169 ], [ 599600.7, 166797.6 ], [ 599414.1, 166814.5 ], [ 599386.4, 166833.4 ], [ 599377.9, 166839.9 ], [ 599380.8, 166904.6 ], [ 599370.1, 166838.6 ], [ 599382.7, 166825.5 ], [ 599374.4, 166821.800000001006993 ], [ 599227.66, 166873.470000000990694 ], [ 599120.59, 166969.300000001006993 ], [ 599174.87, 166998.039999998989515 ], [ 599109.38, 166969.560000000987202 ], [ 599095.02, 166989.8900000010035 ], [ 599120.31, 166995.6400000010035 ], [ 599076.21, 166998.27 ], [ 599053.69, 167044.68 ], [ 599084.48, 167040.57 ], [ 599045.97, 167074.8900000010035 ], [ 599093.62, 167064.27 ], [ 599096.89, 167103.119999999005813 ], [ 599120.92, 167052.24 ], [ 599147.44, 167121.289999998989515 ], [ 599148.98, 167040.36 ], [ 599164.9, 167081.65 ], [ 599214.47, 167042.220000000990694 ], [ 599135.5, 167193.16 ], [ 599155.38, 167278.470000000990694 ], [ 599004.89, 167357.369999999005813 ], [ 598921.26, 167298.5 ], [ 598983.71, 167130.86 ], [ 599019.85, 167158.949999998993007 ], [ 598977.57, 167048.449999998993007 ], [ 599015.08, 167111.289999998989515 ], [ 599040.28, 167009.960000001010485 ], [ 598997.49, 167009.539999998989515 ], [ 598971.05, 167015.07 ], [ 598930.2, 166993.5 ], [ 598998.06, 166996.0 ], [ 599013.19, 166994.960000001010485 ], [ 599014.75, 166967.59 ], [ 598991.13, 166980.720000000990694 ], [ 599013.84, 166961.67 ], [ 599043.9, 166997.300000001006993 ], [ 599062.5, 166893.800000001006993 ], [ 599043.7, 166827.1 ], [ 598945.9, 166885.9 ], [ 599046.87, 166819.33 ], [ 598958.79, 166746.27 ], [ 598830.5, 166891.1 ], [ 598920.4, 166901.300000001006993 ], [ 598869.6, 166933.699999998993007 ], [ 598874.0, 166909.300000001006993 ], [ 598818.2, 166901.9 ], [ 598830.5, 166968.800000001006993 ], [ 598720.68, 167142.1 ], [ 598673.89, 167093.789999998989515 ], [ 598652.69, 167132.8900000010035 ], [ 598676.39, 167159.59 ], [ 598618.69, 167213.99 ], [ 598646.04, 167146.779999999009306 ], [ 598490.82, 167360.51 ], [ 598487.42, 167334.27 ], [ 598370.73, 167393.84 ], [ 598386.9, 167407.68 ], [ 598236.67, 167423.6 ], [ 597949.6, 167394.48 ], [ 597862.09, 167438.970000000990694 ], [ 597892.66, 167399.15 ], [ 597804.58, 167449.779999999009306 ], [ 597842.6, 167422.57 ], [ 597794.3, 167433.99 ], [ 597726.8048, 167330.6326 ], [ 597702.31, 167268.970000000990694 ], [ 597732.96, 167254.27 ], [ 597684.7, 167265.6 ], [ 597729.9, 167243.6 ], [ 597712.6, 167228.9 ], [ 597688.8, 167176.1 ], [ 597693.5, 167167.300000001006993 ], [ 597701.2, 167164.199999998993007 ], [ 597701.0, 167155.9 ], [ 597632.94, 167150.36 ], [ 597701.7, 167151.300000001006993 ], [ 597704.7, 167158.5 ], [ 597702.4, 167165.800000001006993 ], [ 597693.4312, 167174.474099999002647 ], [ 597713.6, 167222.4 ], [ 597751.2, 167237.199999998993007 ], [ 597747.49, 167301.01 ], [ 597813.89, 167270.3900000010035 ], [ 597842.68, 167287.1400000010035 ], [ 597833.55, 167229.4 ], [ 597725.7, 167138.300000001006993 ], [ 597747.6, 167115.9 ], [ 597716.2, 167120.9 ], [ 597748.3, 167110.300000001006993 ], [ 597753.3, 167115.9 ], [ 597747.2, 167143.1 ], [ 597858.1, 167246.800000001006993 ], [ 597862.5, 167185.300000001006993 ], [ 597802.7, 167125.300000001006993 ], [ 597806.5, 167083.4 ], [ 597839.8, 167093.6 ], [ 597814.2, 167113.5 ], [ 597882.1, 167194.699999998993007 ], [ 597913.1, 167178.6 ], [ 597907.6, 167174.6 ], [ 597944.5, 167162.4 ], [ 597915.0, 167157.199999998993007 ], [ 597904.6, 167137.1 ], [ 597900.5, 167112.300000001006993 ], [ 597918.4, 167154.800000001006993 ], [ 597911.6, 167113.5 ], [ 597950.0, 167162.800000001006993 ], [ 597976.2, 167164.300000001006993 ], [ 597951.1, 167127.199999998993007 ], [ 597938.2, 167135.0 ], [ 597926.4, 167114.1 ], [ 597891.5, 167062.0 ], [ 597930.7, 167073.300000001006993 ], [ 597936.018599999952, 167115.769200000999263 ], [ 597937.4, 167126.800000001006993 ], [ 597957.8, 167090.9 ], [ 597974.9, 167159.4 ], [ 598034.0, 167133.9 ], [ 598018.9, 167102.0 ], [ 597985.7, 167110.1 ], [ 597998.5, 167069.4 ], [ 597956.8, 167039.1 ], [ 597985.3, 167043.300000001006993 ], [ 598053.8, 167152.0 ], [ 597951.2, 167172.300000001006993 ], [ 597893.9, 167200.4 ], [ 597901.6, 167224.300000001006993 ], [ 597872.5, 167204.9 ], [ 597877.0, 167258.1 ], [ 597943.3, 167265.0 ], [ 597956.4, 167223.199999998993007 ], [ 597956.2, 167261.6 ], [ 597986.99, 167262.210000001010485 ], [ 598012.37, 167221.939999999012798 ], [ 598014.82, 167254.35 ], [ 598099.01, 167256.74 ], [ 598103.28, 167209.220000000990694 ], [ 598062.9, 167188.699999998993007 ], [ 598156.62, 167177.68 ], [ 598110.8, 167195.310000000987202 ], [ 598111.5, 167242.720000000990694 ], [ 598175.48, 167248.35 ], [ 598174.35, 167208.36 ], [ 598199.18, 167244.26 ], [ 598237.87, 167223.48 ], [ 598203.8, 167192.76 ], [ 598228.25, 167176.16 ], [ 598190.82, 167162.949999998993007 ], [ 598217.48, 167146.199999998993007 ], [ 598232.2, 167176.779999999009306 ], [ 598249.22, 167224.060000000987202 ], [ 598275.11, 167149.86 ], [ 598277.69, 167206.6 ], [ 598314.86, 167194.84 ], [ 598295.81, 167167.74 ], [ 598335.68, 167185.710000001010485 ], [ 598320.4, 167127.939999999012798 ], [ 598342.34, 167170.11 ], [ 598364.62, 167160.57 ], [ 598374.15, 167105.439999999012798 ], [ 598408.18, 167120.5 ], [ 598411.49, 167077.92 ], [ 598436.39, 167090.949999998993007 ], [ 598422.63, 167064.199999998993007 ], [ 598439.2, 167076.34 ], [ 598553.6, 166926.1 ], [ 598544.3, 166857.0 ], [ 598254.5, 167076.6 ], [ 598173.3, 167103.9 ], [ 598140.7, 167106.300000001006993 ], [ 598114.6, 167058.9 ], [ 598094.7, 167074.6 ], [ 598046.9, 167091.5 ], [ 598044.3, 167027.1 ], [ 598070.9, 167075.6 ], [ 598116.0, 167055.9 ], [ 598124.9, 167057.9 ], [ 598170.1695, 167098.8014 ], [ 598221.9, 167074.5 ], [ 598199.2, 166998.0 ], [ 598160.1, 166990.300000001006993 ], [ 598202.4, 166995.699999998993007 ], [ 598242.2, 167058.9 ], [ 598309.4, 167027.1 ], [ 598345.0485, 166965.4136 ], [ 598295.4, 166949.4 ], [ 598327.6, 166935.9 ], [ 598353.4, 166971.4 ], [ 598353.0, 166978.9 ], [ 598411.5, 166925.5 ], [ 598386.8, 166896.4 ], [ 598417.3, 166924.300000001006993 ], [ 598439.4, 166904.300000001006993 ], [ 598421.6, 166877.6 ], [ 598448.3, 166901.800000001006993 ], [ 598457.1, 166867.300000001006993 ], [ 598467.0, 166888.0 ], [ 598504.9, 166835.800000001006993 ], [ 598541.0, 166839.5 ], [ 598557.8, 166807.300000001006993 ], [ 598535.0, 166791.1 ], [ 598573.72, 166771.02 ], [ 598547.33, 166743.720000000990694 ], [ 598567.05, 166758.09 ], [ 598583.73, 166729.039999998989515 ], [ 598542.86, 166706.59 ], [ 598515.96, 166630.220000000990694 ], [ 598250.0, 166616.779999999009306 ], [ 598079.4, 166573.539999998989515 ], [ 597837.13, 166596.449999998993007 ], [ 597763.83, 166557.25 ], [ 597606.63, 166577.35 ], [ 597535.2, 166623.1400000010035 ], [ 597562.16, 166662.16 ], [ 596543.54, 166979.85 ], [ 596551.01, 167038.93 ], [ 596444.97, 167113.61 ], [ 596372.19, 167095.33 ], [ 595604.17, 167170.42 ], [ 595467.08, 167285.77 ], [ 595419.19, 167429.48 ], [ 595312.44, 167371.01 ], [ 595310.68, 167239.35 ], [ 595282.5, 167229.4 ], [ 595318.13, 167227.75 ], [ 595344.59, 167258.380000000994187 ], [ 595378.6, 167230.48 ], [ 595336.03, 167215.36 ], [ 595385.3, 167215.300000001006993 ], [ 595401.13, 167158.51 ], [ 595310.0, 167216.4 ], [ 595279.4, 167190.199999998993007 ], [ 595320.9, 167176.0 ], [ 595262.5, 167142.4 ], [ 595251.1, 167191.0 ], [ 595107.19, 167145.42 ], [ 595073.16, 167155.460000001010485 ], [ 595089.85, 167173.949999998993007 ], [ 594923.16, 167201.32 ], [ 595005.4, 167162.470000000990694 ], [ 594929.86, 167143.42 ], [ 594920.389, 167169.433 ], [ 594932.36, 167163.02 ], [ 594962.96, 167169.720000000990694 ], [ 594922.36, 167178.42 ], [ 594916.86, 167173.32 ], [ 594912.36, 167158.32 ], [ 594913.96, 167140.119999999005813 ], [ 594996.56, 167141.92 ], [ 594929.06, 167100.119999999005813 ], [ 594980.86, 167107.52 ], [ 595018.27, 167156.5 ], [ 595032.26, 167091.42 ], [ 594945.05, 167055.630000000994187 ], [ 594900.91, 167087.220000000990694 ], [ 594895.48, 167042.949999998993007 ], [ 594843.02, 167035.369999999005813 ], [ 594819.26, 167063.02 ], [ 594887.96, 167047.52 ], [ 594886.36, 167086.119999999005813 ], [ 594859.06, 167079.92 ], [ 594872.06, 167115.02 ], [ 594847.86, 167089.52 ], [ 594814.46, 167134.619999999005813 ], [ 594889.96, 167152.720000000990694 ], [ 594901.06, 167177.619999999005813 ], [ 594885.56, 167153.720000000990694 ], [ 594860.56, 167169.82 ], [ 594882.86, 167176.52 ], [ 594897.46, 167183.220000000990694 ], [ 594894.66, 167198.82 ], [ 594890.06, 167204.82 ], [ 594785.31, 167235.119999999005813 ], [ 594664.32, 167218.11 ], [ 594661.1498, 167195.7533 ], [ 594593.51, 167216.3900000010035 ], [ 594502.03, 167182.529999999009306 ], [ 594431.02, 167201.439999999012798 ], [ 594412.95, 167323.4 ], [ 594342.74, 167409.91 ], [ 594385.27, 167403.92 ], [ 594330.26, 167435.43 ], [ 594363.02, 167460.6400000010035 ], [ 594317.63, 167430.24 ], [ 594323.69, 167472.1400000010035 ], [ 594127.04, 167507.32 ], [ 594090.27, 167404.52 ], [ 593816.93, 167184.59 ], [ 593770.82, 167163.01 ], [ 593634.04, 167186.699999998993007 ], [ 593615.05, 167050.92 ], [ 593475.08, 166840.380000000994187 ], [ 593434.23, 166888.369999999005813 ], [ 593358.24, 166876.57 ], [ 593402.68, 166898.0 ], [ 593320.61, 166898.210000001010485 ], [ 593309.39, 166873.92 ], [ 593309.21, 166899.66 ], [ 593017.07, 166927.789999998989515 ], [ 592775.69, 167182.9 ], [ 592786.9, 167163.8900000010035 ], [ 592679.39, 167050.0 ], [ 592580.04, 167113.61 ], [ 592537.24, 167215.27 ], [ 592506.41, 167586.11 ], [ 592570.04, 167793.27 ], [ 592643.98, 167803.33 ], [ 592560.74, 167821.970000000990694 ], [ 592559.1, 167883.119999999005813 ], [ 592800.49, 167980.98 ], [ 592887.41, 168095.300000001006993 ], [ 592531.08, 168817.380000000994187 ], [ 592478.28, 168816.26 ], [ 592374.55, 168941.58 ], [ 592289.56, 168938.289999998989515 ], [ 592305.24, 168996.85 ], [ 592342.14, 168961.800000001006993 ], [ 592350.28, 169018.220000000990694 ], [ 592428.22, 169094.187999999005115 ], [ 592402.14, 169121.99 ], [ 592254.267, 169091.395 ], [ 592172.99, 169043.539999998989515 ], [ 592240.19, 169028.26 ], [ 592151.22, 169013.73 ], [ 591904.11, 169062.699999998993007 ], [ 591810.58, 169116.220000000990694 ], [ 591722.61, 169221.32 ], [ 591693.31, 169226.59 ], [ 591725.93, 169197.1400000010035 ], [ 591681.25, 169221.869999999005813 ], [ 591583.01, 169342.86 ], [ 591521.21, 169344.16 ], [ 591516.772, 169375.7939 ], [ 591516.6663, 169385.4475 ], [ 591513.39, 169684.77 ], [ 591461.7, 169778.23 ], [ 591382.62, 169786.789999998989515 ], [ 591312.52, 169724.949999998993007 ], [ 591135.98, 169831.25 ], [ 590847.05, 170086.539999998989515 ], [ 590834.33, 170175.4 ], [ 590703.18, 170187.439999999012798 ], [ 590687.52, 170209.24 ], [ 590729.61, 170224.75 ], [ 590674.03, 170224.58 ], [ 590678.27, 170257.32 ], [ 590601.02, 170223.23 ], [ 590574.33, 170286.76 ], [ 590511.29, 170276.439999999012798 ], [ 590548.5, 170275.039999998989515 ], [ 590542.36, 170247.09 ], [ 590302.46, 170291.880000000994187 ], [ 590180.52, 170347.85 ], [ 590079.87, 170444.67 ], [ 589889.81, 170839.800000001006993 ], [ 589827.31, 171151.720000000990694 ], [ 589731.38, 171360.98 ], [ 589746.14, 171406.16 ], [ 589723.29, 171394.61 ], [ 589657.33, 171469.16 ], [ 589526.52, 171697.710000001010485 ], [ 589355.77, 171892.42 ], [ 589378.43, 171909.970000000990694 ], [ 589453.86, 171850.58 ], [ 589502.61, 171797.710000001010485 ], [ 589477.41, 171784.49 ], [ 589459.81, 171817.35 ], [ 589466.73, 171782.09 ], [ 589569.39, 171701.560000000987202 ], [ 589605.6, 171731.279999999009306 ], [ 589645.99, 171715.66 ], [ 589655.43, 171652.61 ], [ 589702.38, 171607.59 ], [ 589731.45, 171618.720000000990694 ], [ 589745.85, 171553.83 ], [ 589897.4, 171407.68 ], [ 590023.36, 171330.84 ], [ 590128.93, 171311.1400000010035 ], [ 590285.34, 171358.130000000994187 ], [ 590677.25, 171570.25 ], [ 590802.2, 171930.199999998993007 ], [ 590784.15, 172029.449999998993007 ], [ 590871.65, 172046.949999998993007 ], [ 590820.09, 172087.58 ], [ 590840.51, 172129.050000001006993 ], [ 590919.58, 172118.630000000994187 ], [ 590860.98, 172158.42 ], [ 590883.54, 172194.43 ], [ 591070.5, 172158.85 ], [ 591105.45, 172059.35 ], [ 591111.85, 172163.25 ], [ 591000.0, 172216.1 ], [ 590865.94, 172227.07 ], [ 590748.55, 172099.6 ], [ 590774.7, 172016.6 ], [ 590702.4, 172019.699999998993007 ], [ 590651.45, 172120.5 ], [ 590635.2, 172257.550000001006993 ], [ 590323.71, 172725.36 ], [ 590272.37, 173034.130000000994187 ], [ 590329.6864, 173629.5809 ], [ 590329.707199999946, 173629.796599999012 ], [ 590329.7659, 173630.4067 ], [ 590380.04, 173837.36 ], [ 590356.65, 173877.369999999005813 ], [ 590420.71, 173960.6400000010035 ], [ 590797.5, 174846.199999998993007 ], [ 590906.5, 174851.85 ], [ 590907.55, 174877.4 ], [ 590821.2, 174907.1 ], [ 590806.95, 175126.9 ], [ 590763.15, 175159.35 ], [ 590741.96, 175331.960000001010485 ], [ 590768.23, 175319.689999999012798 ], [ 590771.1, 175370.050000001006993 ], [ 590781.1, 175319.9 ], [ 590853.8, 175328.699999998993007 ], [ 590833.2, 175387.800000001006993 ], [ 590865.65, 175394.449999998993007 ], [ 590806.82, 175411.41 ], [ 590800.55, 175467.65 ], [ 590757.4, 175406.4 ], [ 590746.65, 175559.1 ], [ 590712.6, 175586.35 ], [ 590770.05, 175647.050000001006993 ], [ 590857.4, 175663.449999998993007 ], [ 590943.0, 175633.85 ], [ 590997.75, 175597.75 ], [ 591000.52, 175553.710000001010485 ], [ 591254.86, 175415.51 ], [ 591510.95, 175326.25 ], [ 591769.3, 175278.300000001006993 ], [ 592068.2, 175101.300000001006993 ], [ 592297.15, 175018.75 ], [ 592571.15, 174953.949999998993007 ], [ 592611.85, 174998.24 ], [ 592795.95, 174912.9 ], [ 593016.2, 174911.5 ], [ 593250.95, 174963.050000001006993 ], [ 593456.985, 174936.033 ], [ 593500.68, 174945.18 ], [ 593501.126, 174975.366 ], [ 593632.35, 174939.189999999012798 ], [ 593853.377, 174945.868000001006294 ], [ 594112.408, 174836.9989 ], [ 595231.5, 174038.800000001006993 ], [ 595859.25, 173641.199999998993007 ], [ 596462.777, 173398.524 ], [ 596925.453, 173414.981000000989297 ], [ 597034.071, 173370.682 ], [ 597310.949299999978, 173335.4343 ], [ 597316.35, 173334.869000000995584 ], [ 597580.706, 173307.196 ], [ 597667.447, 173341.596999998990213 ], [ 597960.815, 173236.53900000100839 ], [ 598200.114, 173244.631999998993706 ], [ 598429.546, 173187.431 ], [ 598978.25, 173147.482999998988817 ], [ 599480.126, 172988.254000001004897 ], [ 599747.114, 172999.843 ], [ 599955.06, 173074.892000001011183 ], [ 600000.007699999958, 173073.113299999007722 ], [ 600645.781, 173047.558 ], [ 600928.006, 172967.77 ], [ 601227.841, 172814.259 ], [ 601601.396, 172712.822000001004199 ], [ 601742.88, 172638.901000001002103 ], [ 601839.548, 172638.686000001005596 ], [ 602015.643, 172393.831 ], [ 602057.351, 172218.387 ], [ 602315.868, 171919.232000001007691 ], [ 602493.66, 171635.3900000010035 ], [ 602495.86, 171584.09 ], [ 603101.9, 171011.4 ], [ 603553.99, 170686.36 ], [ 603820.49, 170449.86 ], [ 604517.5, 169737.199999998993007 ], [ 604600.0, 169477.300000001006993 ], [ 604710.9, 169333.1 ], [ 604924.0, 168932.1 ], [ 605045.6, 168633.1 ], [ 605321.8, 168234.0 ], [ 605480.46, 167945.119999999005813 ], [ 605347.6, 167675.82 ], [ 605158.54, 167526.59 ], [ 605104.32, 167267.73 ], [ 605056.72, 167221.41 ], [ 604953.46, 167280.289999998989515 ], [ 604904.0, 167360.699999998993007 ], [ 604913.6, 167392.9 ], [ 604917.4, 167345.800000001006993 ], [ 604947.6, 167373.300000001006993 ], [ 604968.1, 167336.800000001006993 ], [ 604957.6, 167428.1 ], [ 605063.1, 167407.199999998993007 ], [ 604935.4, 167444.300000001006993 ], [ 604964.1, 167517.699999998993007 ], [ 605014.0, 167481.699999998993007 ], [ 604981.4, 167512.9 ], [ 604987.8, 167577.6 ], [ 605064.7, 167565.9 ], [ 605017.2, 167608.5 ], [ 604973.8, 167584.0 ], [ 604993.1, 167677.1 ], [ 604969.0, 167727.4 ], [ 605117.6, 167701.9 ], [ 604962.0, 167744.300000001006993 ], [ 605031.2, 167792.9 ], [ 605077.7, 167754.800000001006993 ], [ 605135.9089, 167749.119799999986 ], [ 605156.3, 167779.300000001006993 ], [ 605178.4, 167848.6 ], [ 605223.2, 167839.0 ], [ 605191.4, 167870.800000001006993 ], [ 605168.9, 167845.5 ], [ 605158.1, 167822.1 ], [ 605151.3, 167774.9 ], [ 605129.4, 167754.699999998993007 ], [ 605082.3, 167822.6 ], [ 605104.3, 167859.699999998993007 ], [ 605077.9, 167833.5 ], [ 605078.6, 167825.1 ], [ 605100.3, 167768.4 ], [ 605069.8, 167763.199999998993007 ], [ 605040.4, 167793.699999998993007 ], [ 605018.5, 167802.6 ], [ 604954.3745, 167956.125 ], [ 604985.8, 167991.810000000987202 ], [ 605036.6, 168012.699999998993007 ], [ 605038.8, 168034.9 ], [ 605082.4684, 168076.7216 ], [ 605152.9571, 168057.2469 ], [ 605093.1, 168083.1 ], [ 605076.1, 168076.699999998993007 ], [ 605026.8, 168043.199999998993007 ], [ 605035.7, 168020.199999998993007 ], [ 605008.3, 168008.4 ], [ 604962.8, 167993.300000001006993 ], [ 604951.3, 167955.800000001006993 ], [ 604952.5, 167947.5 ], [ 605017.0, 167796.199999998993007 ], [ 605015.8, 167788.6 ], [ 604961.2, 167761.0 ], [ 604955.8, 167747.300000001006993 ], [ 604958.8, 167731.9 ], [ 604775.3, 167825.699999998993007 ], [ 604780.2, 167889.199999998993007 ], [ 604853.5, 167973.4 ], [ 604775.1, 167887.4 ], [ 604772.8, 167823.4 ], [ 604952.6, 167727.199999998993007 ], [ 604983.6, 167676.199999998993007 ], [ 604935.5, 167562.6 ], [ 604897.8, 167570.9 ], [ 604899.5, 167634.1 ], [ 604880.0, 167580.300000001006993 ], [ 604847.5, 167639.199999998993007 ], [ 604836.8, 167540.800000001006993 ], [ 604833.4, 167599.4 ], [ 604811.5, 167593.1 ], [ 604833.8, 167622.5 ], [ 604795.5, 167588.9 ], [ 604778.5, 167647.199999998993007 ], [ 604758.6, 167614.5 ], [ 604742.85, 167859.1 ], [ 604753.6, 167581.0 ], [ 604717.2, 167581.4 ], [ 604674.2, 167698.300000001006993 ], [ 604695.8, 167556.5 ], [ 604655.5, 167546.0 ], [ 604654.0, 167569.6 ], [ 604638.1, 167539.1 ], [ 604583.0, 167563.9 ], [ 604565.8, 167541.300000001006993 ], [ 604544.3, 167595.300000001006993 ], [ 604538.4, 167500.699999998993007 ], [ 604424.3, 167416.9 ], [ 604384.0, 167468.6 ], [ 604370.3, 167489.300000001006993 ], [ 604364.0, 167496.699999998993007 ], [ 604312.5, 167536.6 ], [ 604231.0, 167557.199999998993007 ], [ 604351.8, 167504.1 ], [ 604374.4, 167477.199999998993007 ], [ 604415.3, 167401.800000001006993 ], [ 604327.5, 167446.9 ], [ 604375.3, 167397.0 ], [ 604304.6, 167369.0 ], [ 604351.1, 167360.4 ], [ 604259.1, 167286.300000001006993 ], [ 604216.3, 167323.699999998993007 ], [ 604211.4841, 167322.541200000996469 ], [ 604251.8, 167283.800000001006993 ], [ 604219.9432, 167253.242699999012984 ], [ 604156.4, 167186.6 ], [ 604098.8, 167210.199999998993007 ], [ 604152.5, 167180.4 ], [ 604125.6, 167151.4 ], [ 604087.8, 167176.9 ], [ 604119.8, 167150.1 ], [ 604093.1, 167102.300000001006993 ], [ 604024.8, 167077.199999998993007 ], [ 604003.0, 167122.0 ], [ 604015.0, 167073.6 ], [ 603959.5, 167072.1 ], [ 603985.5, 167052.9 ], [ 603802.8, 166908.1 ], [ 603840.2, 166932.199999998993007 ], [ 603903.5, 166913.300000001006993 ], [ 603823.2, 166801.800000001006993 ], [ 603758.9, 166839.699999998993007 ], [ 603799.9, 166806.300000001006993 ], [ 603785.6, 166770.199999998993007 ], [ 603717.9, 166799.5 ], [ 603774.3, 166764.6 ], [ 603745.6, 166744.699999998993007 ], [ 603811.7, 166754.9 ], [ 603825.1, 166661.9 ], [ 603739.8, 166592.5 ], [ 603642.4, 166697.9 ], [ 603734.2, 166590.0 ], [ 603639.6, 166671.300000001006993 ], [ 603666.1, 166634.9 ], [ 603603.1, 166624.0 ], [ 603683.8, 166623.1 ], [ 603725.7, 166565.0 ], [ 603610.2, 166466.9 ], [ 603558.0, 166576.300000001006993 ], [ 603606.9, 166444.300000001006993 ], [ 603532.3, 166443.1 ], [ 603574.3, 166424.6 ], [ 603461.0, 166350.800000001006993 ], [ 603442.4, 166401.699999998993007 ], [ 603490.6, 166478.6 ], [ 603458.4, 166498.6 ], [ 603145.8, 166171.1 ], [ 603055.0, 166145.0 ], [ 602869.53, 165993.630000000994187 ], [ 602685.41, 165885.34 ], [ 602644.84, 165891.619999999005813 ], [ 602622.52, 165851.300000001006993 ], [ 602575.39, 165835.300000001006993 ], [ 602546.97, 165875.51 ], [ 602555.73, 165826.91 ], [ 602439.25, 165807.66 ], [ 602431.28, 165841.5 ], [ 602377.28, 165795.23 ], [ 602372.87, 165890.199999998993007 ], [ 602348.56, 165785.800000001006993 ], [ 602167.92, 165752.220000000990694 ], [ 602155.23, 165804.6400000010035 ], [ 602160.08, 165748.810000000987202 ], [ 601948.23, 165703.539999998989515 ], [ 601843.02, 165697.0 ], [ 601924.6, 165743.300000001006993 ], [ 601796.39, 165693.09 ], [ 601804.3, 165753.1 ], [ 601761.11, 165693.76 ], [ 601553.8, 165723.36 ], [ 601402.96, 165763.939999999012798 ], [ 601420.9, 165829.1 ], [ 601388.98, 165762.09 ], [ 601354.53, 165760.869999999005813 ], [ 601330.4, 165783.0 ], [ 601347.0, 165804.5 ], [ 601326.8, 165787.4 ], [ 601258.4, 165844.0 ], [ 601338.44, 165766.310000000987202 ], [ 601307.37, 165764.060000000987202 ], [ 601221.8, 165842.6 ], [ 601231.9, 165884.5 ], [ 601216.6, 165849.699999998993007 ], [ 601178.3, 165891.300000001006993 ], [ 601144.3, 165928.5 ], [ 601117.8, 165949.1 ], [ 601084.3, 165977.0 ], [ 601075.4, 165980.699999998993007 ], [ 601006.4, 165935.6 ], [ 601079.070599999977, 165976.983799999987 ], [ 601076.6, 165934.5 ], [ 601099.2, 165954.9 ], [ 601138.5, 165928.800000001006993 ], [ 601167.262499999953, 165895.4735 ], [ 601275.19, 165770.42 ], [ 600697.17, 166023.710000001010485 ], [ 600585.0, 166124.0 ], [ 600669.7, 166225.9 ], [ 600747.5, 166222.699999998993007 ], [ 600765.1, 166188.9 ], [ 600768.4, 166218.5 ], [ 600882.1, 166121.800000001006993 ], [ 600937.6, 166112.300000001006993 ], [ 600750.8, 166239.0 ], [ 600801.6, 166273.0 ], [ 600740.1, 166250.800000001006993 ], [ 600723.3, 166297.4 ], [ 600690.4, 166302.199999998993007 ], [ 600746.2, 166347.699999998993007 ], [ 600673.8, 166310.1 ], [ 600670.3, 166235.199999998993007 ], [ 600577.0, 166178.9 ], [ 600588.3, 166224.9 ], [ 600546.6, 166187.199999998993007 ], [ 600545.3, 166248.9 ], [ 600541.4, 166187.0 ], [ 600469.5, 166193.9 ], [ 600454.4, 166242.1 ], [ 600485.0, 166242.199999998993007 ], [ 600461.0, 166251.800000001006993 ], [ 600508.0, 166360.6 ], [ 600575.6, 166381.5 ], [ 600627.6, 166348.4 ], [ 600628.3, 166310.699999998993007 ], [ 600639.5, 166353.300000001006993 ], [ 600571.2, 166389.699999998993007 ], [ 600631.8, 166447.4 ], [ 600634.9679, 166454.145500001002802 ], [ 600572.3, 166399.5 ], [ 600467.25, 166452.15 ] ] ], [ [ [ 587817.47, 170473.619999999005813 ], [ 587779.27, 170462.119999999005813 ], [ 587767.87, 170517.52 ], [ 587817.47, 170473.619999999005813 ] ] ], [ [ [ 581656.497199999983, 170723.10040000101435 ], [ 581693.402099999948, 170662.097799999989 ], [ 581864.8994, 170666.896400000987342 ], [ 581961.1027, 170599.595699998986674 ], [ 581967.500899999985, 170559.497199998993892 ], [ 581885.800599999959, 170580.4012 ], [ 581807.200399999972, 170559.497199998993892 ], [ 581826.403199999942, 170599.595699998986674 ], [ 581800.802299999981, 170634.895599999989 ], [ 581733.3989, 170638.104699999006698 ], [ 581706.1984, 170588.3989 ], [ 581616.4015, 170620.399800001003314 ], [ 581584.303399999975, 170599.595699998986674 ], [ 581501.0036, 170654.100099998991936 ], [ 581483.3014, 170703.7959 ], [ 581509.0013, 170716.6022 ], [ 581472.0964, 170769.596999998990213 ], [ 581523.3972, 170753.501700001012068 ], [ 581656.497199999983, 170723.10040000101435 ] ] ], [ [ [ 580733.2977, 170793.800100001011742 ], [ 580769.897499999963, 170737.396299999003531 ], [ 580831.496399999945, 170760.399700000998564 ], [ 580826.302, 170732.197699999000179 ], [ 580859.7027, 170721.8007 ], [ 580910.8963, 170753.1018 ], [ 581035.0999, 170734.2971 ], [ 581152.0973, 170756.2009 ], [ 581016.4001, 170716.502199999988 ], [ 580997.6014, 170649.701400001009461 ], [ 580949.4997, 170618.4003 ], [ 580901.497, 170621.499399999011075 ], [ 580862.8029, 170687.300599999988 ], [ 580714.499, 170638.204700000991579 ], [ 580610.1, 170699.797 ], [ 580650.7976, 170788.601600001013139 ], [ 580687.397499999963, 170797.9989 ], [ 580648.7034, 170809.4956 ], [ 580676.9015, 170813.704399998998269 ], [ 580733.2977, 170793.800100001011742 ] ] ], [ [ [ 586672.998499999987, 171595.3007 ], [ 586857.2014, 171522.8014 ], [ 587111.998499999987, 171577.9956 ], [ 587167.999, 171541.596100001013838 ], [ 587201.300799999968, 171560.7006 ], [ 587249.1964, 171508.295600001001731 ], [ 587201.6966, 171422.9 ], [ 587243.2022, 171345.902100000996143 ], [ 587247.704, 171243.10150000100839 ], [ 587218.203199999989, 170800.8981 ], [ 587301.6737, 170493.6559 ], [ 587582.3051, 170015.334000000992091 ], [ 587592.709799999953, 169956.77 ], [ 587540.3887, 169858.965299998992123 ], [ 587345.65, 169844.1 ], [ 587218.28, 169905.380000000994187 ], [ 587036.0685, 169906.756899998988956 ], [ 586992.69, 169923.33 ], [ 587000.92, 169945.15 ], [ 586974.0723, 169928.2313 ], [ 586968.721299999976, 170013.8476 ], [ 586929.8981, 170067.198100000998238 ], [ 586867.2027, 169972.495200000994373 ], [ 586784.100699999952, 169979.0033 ], [ 586555.902099999948, 170104.997300001006806 ], [ 586542.899699999951, 170176.79670000099577 ], [ 586282.298, 170123.202099999005441 ], [ 586027.7977, 170018.002199999988 ], [ 586012.503099999973, 169985.8014 ], [ 585997.1014, 170016.002800001006108 ], [ 586036.100499999942, 170033.797700001014164 ], [ 586011.2994, 170125.2015 ], [ 585900.7001, 170300.3014 ], [ 585914.5023, 170325.804099998989841 ], [ 585956.403799999971, 170270.899800001003314 ], [ 586079.098499999964, 170322.494999999005813 ], [ 586093.9973, 170417.3979 ], [ 586013.5997, 170450.8983 ], [ 586016.9967, 170483.698899998998968 ], [ 585896.6023, 170574.402899998996872 ], [ 585930.299899999984, 170652.2006 ], [ 585913.6036, 170714.2029 ], [ 585874.2994, 170682.301999999006512 ], [ 585807.902, 170732.897500001010485 ], [ 585781.0973, 170894.4013 ], [ 585825.6041, 170899.799799998989329 ], [ 585811.604, 170841.896299999003531 ], [ 585894.203, 170918.4044 ], [ 585889.7012, 170945.796599999012 ], [ 585693.600699999952, 170935.0997 ], [ 585679.9963, 170864.799799998989329 ], [ 585721.098, 170824.5013 ], [ 585686.6996, 170807.296299999987 ], [ 585559.503, 170798.6987 ], [ 585513.8996, 170844.5956 ], [ 585483.6979, 170957.6032 ], [ 585498.703899999964, 171019.695499999012 ], [ 585612.7001, 171173.3015 ], [ 585783.9995, 171195.495100000989623 ], [ 585927.496599999955, 171292.897299998992821 ], [ 586024.3018, 171064.3027 ], [ 586098.4002, 171093.904200001008576 ], [ 586078.9006, 171025.803699999989 ], [ 586178.6988, 170994.4027 ], [ 586185.3031, 170914.695499999012 ], [ 586232.9019, 170920.104 ], [ 586267.803199999966, 170874.9969 ], [ 586346.6013, 170886.8035 ], [ 586439.5973, 170965.401000001002103 ], [ 586448.6999, 171026.803400000993861 ], [ 586260.3002, 171061.003599999006838 ], [ 586139.7986, 171137.7017 ], [ 586168.7965, 171169.8025 ], [ 586417.401599999983, 171212.8002 ], [ 586654.9006, 171186.5977 ], [ 586682.801899999962, 171305.603599999012658 ], [ 586652.996, 171324.2983 ], [ 586622.7036, 171512.204500001011183 ], [ 586632.9028, 171592.3015 ], [ 586672.998499999987, 171595.3007 ] ] ], [ [ [ 582082.997699999949, 170726.299399999989 ], [ 582023.6003, 170618.8002 ], [ 581951.497199999983, 170642.9033 ], [ 581909.802, 170713.403100001014536 ], [ 582050.899699999951, 170747.103499999007909 ], [ 582082.997699999949, 170726.299399999989 ] ] ], [ [ [ 582164.698, 170860.900900000997353 ], [ 582121.403199999942, 170774.3957 ], [ 581925.7974, 170759.899800001003314 ], [ 581818.3972, 170690.999500000994885 ], [ 581715.8039, 170683.001800000987714 ], [ 581683.6977, 170735.8967 ], [ 581552.2961, 170763.0989 ], [ 581512.200399999972, 170799.998299998987932 ], [ 581880.903, 170851.303699999989 ], [ 581953.0968, 170843.2959 ], [ 581975.4986, 170775.995200000994373 ], [ 582054.0988, 170803.1974 ], [ 582012.4035, 170819.3028 ], [ 582164.698, 170860.900900000997353 ] ] ], [ [ [ 587957.56, 171336.039999998989515 ], [ 588031.12, 171283.09 ], [ 587986.06, 171270.539999998989515 ], [ 587979.76, 171295.84 ], [ 587936.96, 171199.74 ], [ 587886.76, 171296.84 ], [ 587947.86, 171323.939999999012798 ], [ 587871.56, 171300.039999998989515 ], [ 587841.56, 171341.34 ], [ 587858.46, 171361.1400000010035 ], [ 587876.36, 171335.24 ], [ 587885.16, 171335.939999999012798 ], [ 587894.41, 171374.24 ], [ 587957.56, 171336.039999998989515 ] ] ], [ [ [ 587795.36, 171364.039999998989515 ], [ 587764.96, 171358.84 ], [ 587744.96, 171429.84 ], [ 587787.66, 171441.039999998989515 ], [ 587811.46, 171418.939999999012798 ], [ 587779.56, 171384.1400000010035 ], [ 587783.26, 171369.439999999012798 ], [ 587795.36, 171364.039999998989515 ] ] ], [ [ [ 590023.146799999988, 172096.7304 ], [ 590021.75, 172109.550000001006993 ], [ 589992.915599999949, 172191.842 ], [ 589972.9026, 172249.663699998985976 ], [ 589958.3, 172291.1 ], [ 589872.9, 172467.6 ], [ 589913.9, 172421.1 ], [ 589893.09, 172475.27 ], [ 589983.28, 172424.449999998993007 ], [ 590001.39, 172351.699999998993007 ], [ 589960.1, 172356.1 ], [ 589955.2, 172331.5 ], [ 590004.79, 172210.310000000987202 ], [ 589959.4, 172325.699999998993007 ], [ 589965.3, 172354.1 ], [ 590003.75, 172339.41 ], [ 590003.22, 172260.98 ], [ 590061.14, 172189.33 ], [ 590040.49, 172130.039999998989515 ], [ 590015.2909, 172173.042599999986 ], [ 590040.15, 172080.25 ], [ 590032.81, 172131.470000000990694 ], [ 590040.05, 172127.16 ], [ 590069.02, 172141.529999999009306 ], [ 590081.64, 171980.83 ], [ 590032.02, 171993.83 ], [ 590013.12, 171967.119999999005813 ], [ 589989.97, 172000.34 ], [ 590022.65, 172040.07 ], [ 589986.02, 172011.869999999005813 ], [ 589905.2, 172057.800000001006993 ], [ 589978.1, 172027.699999998993007 ], [ 590026.1, 172086.9 ], [ 590023.146799999988, 172096.7304 ] ] ], [ [ [ 590023.146799999988, 172096.7304 ], [ 589995.4, 172051.9 ], [ 589989.9, 172076.5 ], [ 589968.0, 172043.0 ], [ 589897.5, 172088.699999998993007 ], [ 589977.2, 172102.6 ], [ 589970.8, 172074.9 ], [ 589983.0, 172106.199999998993007 ], [ 589898.2, 172123.199999998993007 ], [ 589897.0, 172098.800000001006993 ], [ 589862.6, 172115.0 ], [ 589880.4, 172097.699999998993007 ], [ 589813.9, 172140.0 ], [ 589858.2, 172177.1 ], [ 589812.3, 172196.6 ], [ 589809.8, 172143.699999998993007 ], [ 589720.5, 172198.1 ], [ 589740.9, 172217.800000001006993 ], [ 589702.9, 172245.800000001006993 ], [ 589734.6, 172219.300000001006993 ], [ 589715.0, 172205.4 ], [ 589635.6, 172253.1 ], [ 589651.5, 172219.9 ], [ 589550.333, 172235.6711 ], [ 589548.6, 172265.300000001006993 ], [ 589501.0, 172246.699999998993007 ], [ 589506.8, 172310.699999998993007 ], [ 589550.8, 172295.0 ], [ 589507.3, 172328.4 ], [ 589497.8, 172304.9 ], [ 589494.4, 172387.4 ], [ 589515.7, 172377.199999998993007 ], [ 589609.0, 172463.0 ], [ 589621.4, 172407.1 ], [ 589572.0, 172418.199999998993007 ], [ 589625.3, 172366.800000001006993 ], [ 589624.0, 172471.800000001006993 ], [ 589684.0, 172496.6 ], [ 589693.8, 172469.699999998993007 ], [ 589716.9, 172499.699999998993007 ], [ 589772.2, 172475.6 ], [ 589770.4, 172468.300000001006993 ], [ 589812.1, 172412.800000001006993 ], [ 589724.6, 172412.5 ], [ 589802.6417, 172385.4713 ], [ 589773.7, 172362.4 ], [ 589757.6, 172367.300000001006993 ], [ 589727.7, 172325.300000001006993 ], [ 589768.3466, 172358.0129 ], [ 589824.4, 172329.9 ], [ 589820.7, 172372.0 ], [ 589853.4, 172323.699999998993007 ], [ 589828.0, 172308.699999998993007 ], [ 589829.0, 172293.9 ], [ 589883.6, 172288.5 ], [ 589800.6, 172254.4 ], [ 589769.1, 172201.300000001006993 ], [ 589811.0, 172216.800000001006993 ], [ 589801.9, 172249.699999998993007 ], [ 589849.9, 172234.4 ], [ 589851.0, 172270.699999998993007 ], [ 589899.2, 172283.5 ], [ 589893.0, 172331.800000001006993 ], [ 589920.4, 172276.300000001006993 ], [ 589953.5037, 172267.300899999012472 ], [ 589961.6, 172265.1 ], [ 589939.4, 172260.300000001006993 ], [ 589936.4, 172231.0 ], [ 589951.4, 172228.699999998993007 ], [ 589937.1, 172221.9 ], [ 589923.2, 172227.800000001006993 ], [ 589918.4, 172242.0 ], [ 589897.7, 172240.1 ], [ 589918.2, 172236.5 ], [ 589894.9, 172205.199999998993007 ], [ 589946.2, 172213.0 ], [ 589955.3, 172227.0 ], [ 589941.3, 172256.4 ], [ 589965.9, 172254.199999998993007 ], [ 589989.2, 172186.800000001006993 ], [ 589926.1, 172172.4 ], [ 589991.6, 172178.199999998993007 ], [ 589964.3, 172157.5 ], [ 589965.2, 172135.9 ], [ 590000.0, 172158.0 ], [ 590023.146799999988, 172096.7304 ] ] ], [ [ [ 583213.0988, 172714.700300000986317 ], [ 583303.299699999974, 172612.8994 ], [ 583575.2961, 172442.698100000998238 ], [ 583531.5972, 172409.297700001014164 ], [ 583527.3016, 172323.502199999988 ], [ 583553.496099999989, 172304.5977 ], [ 583547.600899999961, 172150.401799999002833 ], [ 583582.6012, 172128.597999999008607 ], [ 583527.3016, 172063.096799999009818 ], [ 583565.0969, 171910.400499999989 ], [ 583486.603899999987, 171951.0988 ], [ 583495.3025, 172093.698000000993488 ], [ 583448.7014, 172095.0976 ], [ 583470.6003, 172141.70429999899352 ], [ 583445.799099999946, 172259.500600000988925 ], [ 583442.8969, 172224.6006 ], [ 583384.703199999989, 172272.596799999009818 ], [ 583335.2988, 172253.70219999901 ], [ 583284.402099999948, 172337.9981 ], [ 583240.703199999989, 172354.0035 ], [ 583181.0997, 172367.0998 ], [ 583120.003799999948, 172327.801000000996282 ], [ 583090.8987, 172348.195199999987 ], [ 583128.7023, 172378.696399999986 ], [ 583070.599399999948, 172354.0035 ], [ 582948.3993, 172396.201400001009461 ], [ 583028.401199999964, 172522.695199999987 ], [ 582967.297, 172594.004799999005627 ], [ 582983.3007, 172660.8957 ], [ 582955.6962, 172716.1998 ], [ 583029.802799999947, 172713.3007 ], [ 583037.0997, 172745.3015 ], [ 583213.0988, 172714.700300000986317 ] ] ], [ [ [ 586338.85, 172793.65 ], [ 586491.2, 172716.1 ], [ 586602.1, 172752.1 ], [ 586748.7, 172737.300000001006993 ], [ 586956.603899999987, 172636.1028 ], [ 586947.0, 172345.16 ], [ 586929.73, 172285.98 ], [ 586886.9, 172266.0 ], [ 586990.37, 172210.789999998989515 ], [ 586928.4364, 172127.21099999899161 ], [ 586890.2, 172145.199999998993007 ], [ 586904.7, 172118.1 ], [ 586925.0, 172119.5 ], [ 586942.3, 172142.5 ], [ 586976.17, 172166.23 ], [ 586986.68, 172145.550000001006993 ], [ 586989.52, 172078.18 ], [ 586922.8, 172064.699999998993007 ], [ 586899.6, 172010.800000001006993 ], [ 586931.4, 172064.6 ], [ 587004.39, 172065.550000001006993 ], [ 586989.02, 171990.01 ], [ 587013.45, 171994.210000001010485 ], [ 587026.81, 171869.029999999009306 ], [ 587000.0, 171806.449999998993007 ], [ 586930.91, 171814.310000000987202 ], [ 586891.0, 171937.57 ], [ 586925.07, 171903.810000000987202 ], [ 586927.94, 171939.560000000987202 ], [ 586825.4231, 171995.511499999003718 ], [ 586766.92, 172105.550000001006993 ], [ 586772.4986, 172167.2622 ], [ 586730.693699999945, 172170.0492 ], [ 586627.1106, 172273.632300000987016 ], [ 586591.8087, 172233.6855 ], [ 586475.8014, 172322.4026 ], [ 586183.1017, 172315.704500001011183 ], [ 586134.2992, 172192.299799998989329 ], [ 586194.6036, 171809.999199999001576 ], [ 585928.6014, 171660.602 ], [ 585817.6971, 171689.203799999988 ], [ 585791.098499999964, 171778.198299999989 ], [ 585813.203499999945, 171854.196599999006139 ], [ 585771.4011, 171902.002900001010858 ], [ 585795.699299999978, 171955.6975 ], [ 585748.199499999988, 172000.604699999006698 ], [ 585755.603499999968, 172091.398700001009274 ], [ 585813.5004, 172111.6029 ], [ 585688.497, 172163.597999999008607 ], [ 585758.703699999955, 172171.895599999989 ], [ 585703.7009, 172211.1044 ], [ 585653.9007, 172372.3982 ], [ 585600.7036, 172373.398 ], [ 585606.5988, 172429.102 ], [ 585288.298199999961, 172258.2009 ], [ 585247.6006, 172260.9002 ], [ 585238.902, 172348.595100000995444 ], [ 585163.797799999942, 172360.601600001013139 ], [ 585133.8022, 172315.204600000986829 ], [ 585175.4975, 172218.9022 ], [ 585174.1041, 172180.5032 ], [ 585133.596099999966, 172158.799399999989 ], [ 585156.303, 172107.404100001003826 ], [ 585059.9018, 172090.9988 ], [ 585023.301899999962, 172195.298900001012953 ], [ 585050.2963, 172337.598200000997167 ], [ 585141.6021, 172490.004599999986 ], [ 585223.3024, 172498.702099999005441 ], [ 585266.2014, 172554.1962 ], [ 585246.396799999988, 172615.0988 ], [ 585331.799099999946, 172692.29670000099577 ], [ 585360.6981, 172778.102099999989 ], [ 585428.454799999949, 172793.2667 ], [ 585482.67, 172737.36 ], [ 585529.5, 172741.1 ], [ 585517.7, 172726.9 ], [ 585539.5, 172713.199999998993007 ], [ 585530.75, 172685.84 ], [ 585571.9, 172713.33 ], [ 585572.68, 172749.3900000010035 ], [ 585524.5, 172729.9 ], [ 585551.5, 172758.960000001010485 ], [ 585649.73, 172760.93 ], [ 585647.856, 172753.000700000993675 ], [ 585700.58, 172766.880000000994187 ], [ 585679.83, 172730.58 ], [ 585725.35, 172769.300000001006993 ], [ 585910.3, 172761.810000000987202 ], [ 585962.3, 172722.92 ], [ 586154.78, 172737.66 ], [ 586338.85, 172793.65 ] ] ], [ [ [ 589391.5, 172362.199999998993007 ], [ 589403.811499999953, 172312.292599999986 ], [ 589379.6, 172346.6 ], [ 589369.0, 172345.4 ], [ 589355.7, 172333.300000001006993 ], [ 589354.0, 172324.800000001006993 ], [ 589369.0, 172304.0 ], [ 589372.8, 172344.300000001006993 ], [ 589400.7, 172307.0 ], [ 589421.0, 172325.800000001006993 ], [ 589417.1, 172335.0 ], [ 589463.4, 172316.1 ], [ 589471.5, 172253.800000001006993 ], [ 589453.1, 172238.1 ], [ 589410.3, 172233.6 ], [ 589423.1, 172266.1 ], [ 589449.5, 172248.9 ], [ 589441.1, 172279.1 ], [ 589446.1, 172253.5 ], [ 589424.4, 172270.9 ], [ 589419.0, 172265.5 ], [ 589401.1, 172228.199999998993007 ], [ 589372.4, 172255.4 ], [ 589397.0, 172255.9 ], [ 589407.0, 172279.6 ], [ 589373.1, 172277.0 ], [ 589353.4, 172302.300000001006993 ], [ 589323.4, 172286.300000001006993 ], [ 589298.6, 172290.5 ], [ 589265.9, 172334.300000001006993 ], [ 589389.5, 172411.800000001006993 ], [ 589417.6, 172374.5 ], [ 589391.5, 172362.199999998993007 ] ] ], [ [ [ 582013.39, 173007.68 ], [ 581975.21, 172963.9 ], [ 581991.75, 173047.61 ], [ 581988.2, 173062.210000001010485 ], [ 581995.24, 173065.119999999005813 ], [ 582018.32, 173061.51 ], [ 581993.2563, 173053.027899998996872 ], [ 582013.39, 173007.68 ] ] ], [ [ [ 582535.76, 173090.77 ], [ 582554.85, 173021.9 ], [ 582519.69, 173035.789999998989515 ], [ 582535.76, 173090.77 ] ] ], [ [ [ 582316.22, 173154.23 ], [ 582383.66, 173122.699999998993007 ], [ 582322.51, 173083.470000000990694 ], [ 582322.14, 173096.77 ], [ 582311.07, 173110.33 ], [ 582302.13, 173111.789999998989515 ], [ 582286.9, 173107.9 ], [ 582330.8, 173133.9 ], [ 582271.16, 173126.32 ], [ 582316.22, 173154.23 ] ] ], [ [ [ 583516.82, 173690.4 ], [ 583556.01, 173660.210000001010485 ], [ 583545.43, 173633.16 ], [ 583516.61, 173670.0 ], [ 583468.06, 173641.310000000987202 ], [ 583516.82, 173690.4 ] ] ], [ [ [ 583508.4039, 173145.297 ], [ 583553.496099999989, 173076.896600000996841 ], [ 583447.299699999974, 173075.497 ], [ 583448.7014, 173028.9003 ], [ 583403.600899999961, 172998.3991 ], [ 583374.603, 173023.102 ], [ 583316.4011, 173009.9957 ], [ 583282.9015, 173059.501599998999154 ], [ 583229.102399999974, 173040.497 ], [ 583181.0997, 173088.5033 ], [ 583152.002899999963, 173060.9012 ], [ 583182.6003, 173236.900800000992604 ], [ 583198.604, 173143.7974 ], [ 583275.703499999945, 173148.1962 ], [ 583297.5035, 173247.097899999003857 ], [ 583383.3016, 173344.5 ], [ 583476.396599999978, 173305.301200001005782 ], [ 583508.4039, 173145.297 ] ] ], [ [ [ 582908.97, 173354.86 ], [ 582955.49, 173301.869999999005813 ], [ 582928.35, 173326.51 ], [ 582916.45, 173300.24 ], [ 582909.48, 173344.9 ], [ 582868.03, 173368.869999999005813 ], [ 582889.12, 173389.24 ], [ 582862.88, 173417.68 ], [ 582888.92, 173440.33 ], [ 582910.41, 173421.01 ], [ 582908.97, 173354.86 ] ] ], [ [ [ 583680.56, 173764.199999998993007 ], [ 583605.56, 173741.310000000987202 ], [ 583585.91, 173772.74 ], [ 583628.38, 173783.439999999012798 ], [ 583680.56, 173764.199999998993007 ] ] ], [ [ [ 582948.75, 173920.15 ], [ 582853.46, 173914.199999998993007 ], [ 582786.05, 174000.0 ], [ 582819.98, 174009.0 ], [ 582934.04, 173975.699999998993007 ], [ 582948.75, 173920.15 ] ] ], [ [ [ 583421.22, 173840.369999999005813 ], [ 583378.47, 173806.460000001010485 ], [ 583341.9, 173824.1 ], [ 583372.34, 173797.74 ], [ 583311.6, 173808.9 ], [ 583298.63, 173773.99 ], [ 583281.05, 173857.960000001010485 ], [ 583315.02, 173892.6 ], [ 583327.23, 173875.199999998993007 ], [ 583421.22, 173840.369999999005813 ] ] ], [ [ [ 583646.03, 173869.65 ], [ 583527.91, 173856.279999999009306 ], [ 583502.68, 173894.02 ], [ 583539.72, 173907.93 ], [ 583646.03, 173869.65 ] ] ], [ [ [ 589868.6, 172453.199999998993007 ], [ 589910.1, 172373.0 ], [ 589871.1, 172369.699999998993007 ], [ 589874.6, 172390.800000001006993 ], [ 589861.8, 172354.4 ], [ 589911.7, 172367.4 ], [ 589919.9912, 172350.5791 ], [ 589953.4, 172282.800000001006993 ], [ 589895.2, 172340.9 ], [ 589864.1, 172337.5 ], [ 589865.0, 172292.800000001006993 ], [ 589832.6661, 172298.633899999986 ], [ 589855.1, 172314.4 ], [ 589859.2, 172330.6 ], [ 589830.3, 172383.0 ], [ 589796.9, 172356.4 ], [ 589818.7, 172395.9 ], [ 589807.9, 172410.699999998993007 ], [ 589836.2, 172404.199999998993007 ], [ 589775.8981, 172469.225099998991936 ], [ 589801.6, 172486.0 ], [ 589868.6, 172453.199999998993007 ] ] ], [ [ [ 588541.6, 172342.9 ], [ 588493.3, 172325.6 ], [ 588517.5, 172360.1 ], [ 588541.6, 172342.9 ] ] ], [ [ [ 581841.83, 172720.07 ], [ 581855.06, 172683.689999999012798 ], [ 581827.08, 172714.15 ], [ 581830.84, 172683.3900000010035 ], [ 581773.63, 172688.34 ], [ 581800.31, 172723.41 ], [ 581841.83, 172720.07 ] ] ], [ [ [ 582558.18, 172697.130000000994187 ], [ 582487.0, 172641.970000000990694 ], [ 582468.14, 172656.99 ], [ 582494.23, 172683.68 ], [ 582427.79, 172682.08 ], [ 582517.97, 172716.85 ], [ 582558.18, 172697.130000000994187 ] ] ], [ [ [ 581934.06, 172803.810000000987202 ], [ 581873.29, 172720.8900000010035 ], [ 581912.16, 172816.52 ], [ 581934.06, 172803.810000000987202 ] ] ], [ [ [ 589477.6, 172718.1 ], [ 589485.7, 172717.800000001006993 ], [ 589491.9, 172723.300000001006993 ], [ 589508.7, 172734.199999998993007 ], [ 589560.8, 172628.1 ], [ 589413.0, 172572.6 ], [ 589435.8, 172669.800000001006993 ], [ 589416.1, 172644.5 ], [ 589350.6, 172652.1 ], [ 589336.8, 172699.9 ], [ 589449.6, 172747.6 ], [ 589477.6, 172718.1 ] ] ], [ [ [ 589585.4, 172814.800000001006993 ], [ 589525.6, 172758.300000001006993 ], [ 589616.2, 172795.9 ], [ 589628.279, 172764.782600000995444 ], [ 589627.5, 172749.4 ], [ 589571.1, 172725.199999998993007 ], [ 589593.3, 172720.300000001006993 ], [ 589575.1, 172684.699999998993007 ], [ 589560.2, 172699.6 ], [ 589586.6907, 172659.505000000994187 ], [ 589626.0, 172642.300000001006993 ], [ 589568.3, 172627.9 ], [ 589505.7, 172742.800000001006993 ], [ 589484.0964, 172721.463099999004044 ], [ 589481.3845, 172718.3802 ], [ 589486.1, 172745.6 ], [ 589457.6, 172748.0 ], [ 589517.5, 172805.0 ], [ 589585.4, 172814.800000001006993 ] ] ], [ [ [ 588342.7, 172479.5 ], [ 588364.2, 172451.6 ], [ 588471.2, 172473.800000001006993 ], [ 588390.7, 172403.800000001006993 ], [ 588249.4, 172454.9 ], [ 588314.0, 172450.199999998993007 ], [ 588342.7, 172479.5 ] ] ], [ [ [ 588651.4, 172409.9 ], [ 588654.9, 172373.4 ], [ 588542.8, 172378.300000001006993 ], [ 588543.8, 172344.9 ], [ 588499.4, 172401.9 ], [ 588558.1, 172413.199999998993007 ], [ 588651.4, 172409.9 ] ] ], [ [ [ 588882.6, 172544.1 ], [ 588868.8, 172518.1 ], [ 588817.9, 172540.5 ], [ 588882.6, 172544.1 ] ] ], [ [ [ 588831.7, 172516.199999998993007 ], [ 588722.3, 172506.199999998993007 ], [ 588803.5, 172565.0 ], [ 588811.1, 172566.0 ], [ 588810.3, 172545.300000001006993 ], [ 588834.4, 172523.300000001006993 ], [ 588831.7, 172516.199999998993007 ] ] ], [ [ [ 588709.0, 172492.0 ], [ 588656.9, 172473.5 ], [ 588584.6, 172480.6 ], [ 588679.0, 172510.199999998993007 ], [ 588709.0, 172492.0 ] ] ], [ [ [ 588535.6, 172507.6 ], [ 588481.8, 172477.5 ], [ 588486.3, 172507.4 ], [ 588535.6, 172507.6 ] ] ], [ [ [ 589033.9, 172585.300000001006993 ], [ 588997.1, 172546.0 ], [ 588993.2, 172538.699999998993007 ], [ 588988.9, 172506.6 ], [ 588947.7, 172516.199999998993007 ], [ 588964.0, 172554.9 ], [ 588943.7, 172514.0 ], [ 588875.9, 172522.800000001006993 ], [ 588905.1, 172573.9 ], [ 588922.2, 172548.199999998993007 ], [ 588936.2, 172571.800000001006993 ], [ 589033.9, 172585.300000001006993 ] ] ], [ [ [ 589193.5, 172580.699999998993007 ], [ 589224.4, 172561.699999998993007 ], [ 589252.1, 172540.199999998993007 ], [ 589229.8, 172537.800000001006993 ], [ 589211.2, 172555.300000001006993 ], [ 589203.8, 172558.4 ], [ 589196.2, 172536.0 ], [ 589168.4, 172549.5 ], [ 589196.6, 172527.4 ], [ 589210.9, 172551.699999998993007 ], [ 589234.2, 172520.800000001006993 ], [ 589230.2, 172508.300000001006993 ], [ 589245.3, 172516.699999998993007 ], [ 589254.0, 172534.0 ], [ 589279.6, 172544.9 ], [ 589397.1, 172642.1 ], [ 589380.8, 172585.9 ], [ 589403.0, 172555.6 ], [ 589333.0, 172553.199999998993007 ], [ 589426.0, 172530.9 ], [ 589343.1, 172457.1 ], [ 589307.5, 172470.199999998993007 ], [ 589329.8, 172449.6 ], [ 589289.967599999974, 172428.841600001003826 ], [ 589291.7, 172425.800000001006993 ], [ 589217.3, 172407.699999998993007 ], [ 589223.2, 172450.5 ], [ 589204.7, 172409.300000001006993 ], [ 589151.5, 172424.300000001006993 ], [ 589162.0, 172497.5 ], [ 589148.1, 172429.199999998993007 ], [ 589039.3, 172479.699999998993007 ], [ 589057.1, 172504.4 ], [ 589000.0, 172498.1 ], [ 588997.448899999959, 172519.146299999003531 ], [ 588998.8, 172544.800000001006993 ], [ 589035.2, 172558.1 ], [ 589040.7, 172572.9 ], [ 589083.8, 172595.199999998993007 ], [ 589101.4, 172573.9 ], [ 589086.0, 172606.4 ], [ 589232.5, 172674.1 ], [ 589239.6, 172611.4 ], [ 589193.5, 172580.699999998993007 ] ] ], [ [ [ 589295.9, 172715.199999998993007 ], [ 589290.8, 172683.5 ], [ 589332.3, 172683.6 ], [ 589350.3, 172633.800000001006993 ], [ 589286.5, 172604.5 ], [ 589294.3, 172583.1 ], [ 589267.3, 172611.300000001006993 ], [ 589290.1, 172571.5 ], [ 589244.7, 172553.300000001006993 ], [ 589245.1, 172614.199999998993007 ], [ 589237.0, 172700.6 ], [ 589295.9, 172715.199999998993007 ] ] ], [ [ [ 589705.2, 172836.800000001006993 ], [ 589569.8, 172832.199999998993007 ], [ 589705.75, 172832.68 ], [ 589772.4, 172889.6 ], [ 589717.4074, 172825.2377 ], [ 589653.9, 172810.800000001006993 ], [ 589712.7, 172815.199999998993007 ], [ 589723.4, 172826.6 ], [ 589735.9, 172785.6 ], [ 589736.0, 172835.300000001006993 ], [ 589784.0, 172858.800000001006993 ], [ 589881.5, 172634.199999998993007 ], [ 589739.6, 172649.1 ], [ 589727.0, 172680.4 ], [ 589732.7, 172650.800000001006993 ], [ 589636.2, 172649.5 ], [ 589663.3, 172672.699999998993007 ], [ 589642.3, 172691.5 ], [ 589635.4, 172655.5 ], [ 589594.6, 172662.9 ], [ 589583.8, 172696.199999998993007 ], [ 589634.2, 172750.9 ], [ 589633.6, 172767.9 ], [ 589635.1, 172775.300000001006993 ], [ 589670.3, 172756.9 ], [ 589626.0, 172813.4 ], [ 589587.3, 172820.0 ], [ 589518.7, 172815.6 ], [ 589745.0, 172925.4 ], [ 589767.8, 172902.699999998993007 ], [ 589705.2, 172836.800000001006993 ] ] ], [ [ [ 584148.86, 174133.050000001006993 ], [ 584109.68, 174040.99 ], [ 584078.84, 174081.380000000994187 ], [ 584098.94, 174152.66 ], [ 584059.6, 174176.36 ], [ 584093.55, 174197.65 ], [ 584148.86, 174133.050000001006993 ] ] ], [ [ [ 585693.72, 174224.83 ], [ 585640.55, 174164.08 ], [ 585708.88, 174280.73 ], [ 585731.54, 174273.289999998989515 ], [ 585693.72, 174224.83 ] ] ], [ [ [ 583510.1, 174351.800000001006993 ], [ 583538.3, 174315.699999998993007 ], [ 583499.4, 174326.800000001006993 ], [ 583534.5, 174289.6 ], [ 583501.1, 174282.9 ], [ 583488.9, 174290.6 ], [ 583476.7, 174316.800000001006993 ], [ 583450.9, 174298.6 ], [ 583443.5, 174258.1 ], [ 583488.7, 174214.1 ], [ 583382.1, 174216.9 ], [ 583487.8, 174369.300000001006993 ], [ 583540.2, 174376.0 ], [ 583510.1, 174351.800000001006993 ] ] ], [ [ [ 583590.9, 174394.6 ], [ 583596.1, 174302.0 ], [ 583637.2, 174257.0 ], [ 583446.73, 174191.529999999009306 ], [ 583516.86, 174220.3900000010035 ], [ 583452.1, 174259.6 ], [ 583458.3, 174291.1 ], [ 583471.9, 174298.300000001006993 ], [ 583490.0, 174279.699999998993007 ], [ 583510.2, 174276.800000001006993 ], [ 583537.3, 174280.9 ], [ 583563.4, 174324.4 ], [ 583527.3, 174357.6 ], [ 583575.4, 174354.4 ], [ 583563.8, 174391.699999998993007 ], [ 583544.7, 174362.0 ], [ 583538.4, 174435.4 ], [ 583582.7, 174465.300000001006993 ], [ 583590.9, 174394.6 ] ] ], [ [ [ 585487.94, 174794.34 ], [ 585448.04, 174760.41 ], [ 585434.52, 174868.32 ], [ 585487.94, 174794.34 ] ] ], [ [ [ 585870.38, 174395.43 ], [ 585730.23, 174281.86 ], [ 585729.51, 174400.66 ], [ 585769.39, 174390.65 ], [ 585751.05, 174414.35 ], [ 585870.38, 174395.43 ] ] ], [ [ [ 585733.45, 174425.720000000990694 ], [ 585715.92, 174410.52 ], [ 585665.31, 174459.439999999012798 ], [ 585733.45, 174425.720000000990694 ] ] ], [ [ [ 583355.59, 174408.119999999005813 ], [ 583448.72, 174391.52 ], [ 583375.45, 174384.199999998993007 ], [ 583327.24, 174297.57 ], [ 583306.98, 174318.92 ], [ 583357.69, 174376.92 ], [ 583356.26, 174385.76 ], [ 583346.5, 174398.24 ], [ 583318.34, 174398.11 ], [ 583342.1, 174377.189999999012798 ], [ 583311.11, 174345.189999999012798 ], [ 583278.3, 174350.130000000994187 ], [ 583327.74, 174452.130000000994187 ], [ 583385.46, 174481.8900000010035 ], [ 583355.59, 174408.119999999005813 ] ] ], [ [ [ 583234.36, 174448.189999999012798 ], [ 583201.92, 174438.07 ], [ 583228.83, 174546.5 ], [ 583234.36, 174448.189999999012798 ] ] ], [ [ [ 585692.38, 174829.289999998989515 ], [ 585816.17, 174649.4 ], [ 585783.27, 174622.199999998993007 ], [ 585761.97, 174668.9 ], [ 585717.44, 174647.52 ], [ 585686.69, 174704.86 ], [ 585650.53, 174846.57 ], [ 585692.38, 174829.289999998989515 ] ] ], [ [ [ 584965.0011, 175407.799399999989 ], [ 585013.803599999985, 175329.7017 ], [ 584943.5969, 175333.200699999987 ], [ 585025.998099999968, 175313.296399999002 ], [ 585032.701299999957, 175227.301000000996282 ], [ 584956.797299999977, 175258.801999999006512 ], [ 585021.603499999968, 175225.3016 ], [ 585007.603299999959, 175118.202299998985836 ], [ 585034.5977, 174997.196900000999449 ], [ 585000.1003, 175017.0012 ], [ 584910.699099999969, 174996.997 ], [ 584884.9993, 175040.9044 ], [ 584741.2961, 174996.497099998989142 ], [ 584711.498499999987, 175026.39849999899161 ], [ 584750.3987, 175044.4034 ], [ 584767.902899999986, 175127.0997 ], [ 584747.9993, 175203.9977 ], [ 584738.303199999966, 175164.8989 ], [ 584720.7, 175201.498400001000846 ], [ 584632.8983, 175172.096799999009818 ], [ 584668.797299999977, 175234.199100000987528 ], [ 584734.403199999942, 175258.0023 ], [ 584763.3022, 175430.3029 ], [ 584833.599599999958, 175457.195199999987 ], [ 584965.0011, 175407.799399999989 ] ] ], [ [ [ 584053.2, 175056.800000001006993 ], [ 584072.4, 175002.6 ], [ 584059.2, 175058.4 ], [ 584082.6, 175076.9 ], [ 584134.1, 175060.5 ], [ 584114.4, 175052.300000001006993 ], [ 584142.3, 175017.199999998993007 ], [ 584108.9, 175029.6 ], [ 584115.43, 175008.060000000987202 ], [ 584208.14, 175027.699999998993007 ], [ 584237.04, 175086.61 ], [ 584248.94, 175011.49 ], [ 584210.72, 175007.26 ], [ 584229.47, 175037.76 ], [ 584195.33, 174998.58 ], [ 584099.8, 175000.0 ], [ 584154.61, 174993.75 ], [ 584106.85, 174966.800000001006993 ], [ 584167.0, 174992.199999998993007 ], [ 584100.67, 174950.18 ], [ 584091.42, 174994.949999998993007 ], [ 584059.77, 174992.210000001010485 ], [ 584021.7, 175010.1 ], [ 584057.7, 174995.4 ], [ 584040.2, 175062.6 ], [ 584062.9, 175106.9 ], [ 584106.0, 175099.6 ], [ 584057.3, 175082.300000001006993 ], [ 584053.2, 175056.800000001006993 ] ] ], [ [ [ 583318.1, 175171.699999998993007 ], [ 583309.14, 175045.199999998993007 ], [ 583377.37, 175009.43 ], [ 583324.7, 175022.9 ], [ 583292.95, 174983.24 ], [ 583284.5, 175015.9 ], [ 583274.32, 174957.779999999009306 ], [ 583249.7, 175002.800000001006993 ], [ 583218.0, 174969.6 ], [ 583191.6, 175040.300000001006993 ], [ 583227.0, 175029.6 ], [ 583194.4, 175056.5 ], [ 583239.8, 175049.300000001006993 ], [ 583203.9, 175087.9 ], [ 583265.2, 175078.0 ], [ 583246.1, 175110.800000001006993 ], [ 583296.2, 175126.5 ], [ 583270.1, 175166.9 ], [ 583318.1, 175171.699999998993007 ] ] ], [ [ [ 582828.9747, 174573.888800001004711 ], [ 582823.5881, 174547.522600000986131 ], [ 582847.6862, 174557.728800001001218 ], [ 582870.650299999979, 174505.846999998990213 ], [ 582853.356299999985, 174455.9497 ], [ 582886.2432, 174426.465 ], [ 582847.6862, 174403.5009 ], [ 582859.0265, 174363.5263 ], [ 582806.577599999961, 174255.51 ], [ 582755.5463, 174281.309199999989 ], [ 582693.360699999961, 174231.3189 ], [ 582622.014399999985, 174331.77349999899161 ], [ 582640.4423, 174358.13969999901 ], [ 582647.8135, 174413.423599998990539 ], [ 582705.082, 174529.3781 ], [ 582711.8862, 174587.497099998989142 ], [ 582754.412299999967, 174623.219000001001405 ], [ 582828.9747, 174573.888800001004711 ] ] ], [ [ [ 584042.79, 174176.4 ], [ 584013.62, 174163.16 ], [ 583960.9, 174233.199999998993007 ], [ 583998.75, 174323.51 ], [ 583927.79, 174391.99 ], [ 583966.65, 174452.289999998989515 ], [ 583942.01, 174520.65 ], [ 583965.09, 174600.48 ], [ 583928.73, 174618.25 ], [ 583945.1, 174721.199999998993007 ], [ 583986.22, 174618.68 ], [ 583960.98, 174383.220000000990694 ], [ 584028.71, 174305.039999998989515 ], [ 583983.74, 174253.630000000994187 ], [ 583990.46, 174207.76 ], [ 584042.79, 174176.4 ] ] ], [ [ [ 582978.44, 174552.77 ], [ 583081.59, 174483.82 ], [ 583061.21, 174537.289999998989515 ], [ 583113.8, 174539.02 ], [ 583125.5, 174503.09 ], [ 583073.0, 174448.4 ], [ 583062.6052, 174489.647299998992821 ], [ 583027.49, 174480.619999999005813 ], [ 582939.28, 174551.66 ], [ 582953.67, 174607.130000000994187 ], [ 582978.44, 174552.77 ] ] ], [ [ [ 583448.05, 174488.449999998993007 ], [ 583460.43, 174464.560000000987202 ], [ 583431.44, 174469.42 ], [ 583453.97, 174542.1400000010035 ], [ 583538.03, 174596.560000000987202 ], [ 583549.31, 174666.27 ], [ 583587.69, 174654.09 ], [ 583581.38, 174602.58 ], [ 583498.7, 174553.1 ], [ 583485.65, 174498.57 ], [ 583448.05, 174488.449999998993007 ] ] ], [ [ [ 585051.068, 174770.806 ], [ 585110.93, 174663.48 ], [ 585188.6, 174678.800000001006993 ], [ 585234.1, 174645.0 ], [ 585269.3, 174689.699999998993007 ], [ 585296.8, 174672.699999998993007 ], [ 585227.5, 174628.1 ], [ 585265.5, 174594.0 ], [ 585316.8, 174600.199999998993007 ], [ 585309.1, 174634.699999998993007 ], [ 585330.4, 174613.800000001006993 ], [ 585333.97, 174511.82 ], [ 585295.26, 174471.24 ], [ 585231.67, 174526.24 ], [ 585204.74, 174515.67 ], [ 585190.8, 174596.0 ], [ 585149.0, 174605.699999998993007 ], [ 585152.5, 174636.199999998993007 ], [ 585120.3, 174626.800000001006993 ], [ 585125.6, 174633.300000001006993 ], [ 585133.3, 174637.300000001006993 ], [ 585137.0, 174644.0 ], [ 585133.9, 174652.4 ], [ 585084.9, 174659.199999998993007 ], [ 585131.2, 174639.9 ], [ 585125.4732, 174636.53790000101435 ], [ 585071.55, 174604.880000000994187 ], [ 585063.49, 174535.18 ], [ 585026.38, 174540.130000000994187 ], [ 585068.76, 174676.02 ], [ 584984.57, 174709.9 ], [ 585015.7, 174774.199999998993007 ], [ 585051.068, 174770.806 ] ] ], [ [ [ 583135.67, 174638.68 ], [ 583162.0, 174601.960000001010485 ], [ 583033.45, 174647.85 ], [ 583100.77, 174635.85 ], [ 583139.08, 174667.949999998993007 ], [ 583135.67, 174638.68 ] ] ], [ [ [ 583325.41, 174674.5 ], [ 583361.27, 174606.52 ], [ 583310.8, 174579.060000000987202 ], [ 583286.6, 174594.130000000994187 ], [ 583329.52, 174612.189999999012798 ], [ 583330.35, 174649.699999998993007 ], [ 583273.33, 174643.119999999005813 ], [ 583282.58, 174612.300000001006993 ], [ 583236.25, 174646.91 ], [ 583325.41, 174674.5 ] ] ], [ [ [ 584577.2029, 174793.895099999004742 ], [ 584643.996099999989, 174792.195599998987745 ], [ 584660.403799999971, 174821.597200001007877 ], [ 584716.8, 174786.0973 ], [ 584752.3033, 174798.2039 ], [ 584770.500099999947, 174751.397299998992821 ], [ 584678.600699999952, 174699.4022 ], [ 584650.897299999953, 174730.6032 ], [ 584555.6008, 174718.496699999989 ], [ 584474.9971, 174588.503900001000147 ], [ 584532.2014, 174540.797599999001 ], [ 584648.3001, 174514.904999999009306 ], [ 584742.796699999948, 174546.8958 ], [ 584734.0982, 174635.3005 ], [ 584765.297499999986, 174598.900900000997353 ], [ 584860.6021, 174582.395599999989 ], [ 584838.1014, 174532.199999998993007 ], [ 584757.497699999949, 174550.404799999989 ], [ 584709.0002, 174502.6985 ], [ 584709.0002, 174442.095799998991424 ], [ 584608.4022, 174463.6996 ], [ 584566.7976, 174406.495999998995103 ], [ 584520.8974, 174412.6042 ], [ 584527.7985, 174462.899800001003314 ], [ 584412.598499999964, 174466.298900001012953 ], [ 584380.500499999966, 174423.901000001002103 ], [ 584293.9026, 174448.1041 ], [ 584282.5986, 174491.501700001012068 ], [ 584340.7016, 174490.6019 ], [ 584403.9, 174607.598399999988 ], [ 584323.2963, 174653.495300000999123 ], [ 584354.503799999948, 174671.700099998997757 ], [ 584442.8991, 174723.695199999987 ], [ 584530.4039, 174849.3992 ], [ 584545.2038, 174822.4969 ], [ 584577.2029, 174793.895099999004742 ] ] ], [ [ [ 582994.57, 174710.199999998993007 ], [ 583136.96, 174689.01 ], [ 583111.64, 174654.16 ], [ 583048.55, 174696.65 ], [ 583074.73, 174647.539999998989515 ], [ 582994.57, 174710.199999998993007 ] ] ], [ [ [ 584019.3945, 174923.354900000995258 ], [ 583922.610699999961, 174826.8924 ], [ 584039.144699999946, 174889.4889 ], [ 583990.9797, 174816.4296 ], [ 583947.144199999981, 174804.704 ], [ 584009.921, 174764.2959 ], [ 584033.1918, 174758.5233 ], [ 584029.4035, 174794.602 ], [ 584086.047, 174781.7941 ], [ 584076.8469, 174832.1238 ], [ 584057.7253, 174794.782400000985945 ], [ 584022.5486, 174814.0845 ], [ 584067.692, 174852.9592 ], [ 584089.3392, 174837.625800000998424 ], [ 584230.271399999969, 174908.204700000991579 ], [ 584271.987399999984, 174900.3125 ], [ 584178.859399999958, 174776.5176 ], [ 584246.7323, 174751.262499998993007 ], [ 584286.283599999966, 174791.715700000990182 ], [ 584338.778, 174754.9155 ], [ 584374.6763, 174768.8057 ], [ 584321.1644, 174723.223999998997897 ], [ 584339.8676, 174685.5867 ], [ 584328.322399999946, 174678.197799999004928 ], [ 584263.4385, 174577.062100000999635 ], [ 584212.178, 174560.206199999986 ], [ 584228.110299999942, 174606.1559 ], [ 584198.0352, 174685.355799999000737 ], [ 584110.0032, 174642.350099998991936 ], [ 584121.837, 174698.921399999002 ], [ 584092.396799999988, 174735.288699998985976 ], [ 583960.2046, 174709.023399998986861 ], [ 583936.537, 174733.5569 ], [ 583924.126, 174704.982599999988 ], [ 583918.9307, 174777.7172 ], [ 583825.8766, 174790.012800000986317 ], [ 583793.665599999949, 174753.818700000992976 ], [ 583797.302299999981, 174785.336999999010004 ], [ 583723.0844, 174826.464 ], [ 583785.447, 174870.152899998996872 ], [ 583781.571299999952, 174823.9976 ], [ 583860.845699999947, 174795.458900000987342 ], [ 583834.4209, 174841.6142 ], [ 583806.2345, 174826.816299998987233 ], [ 583835.1256, 174895.5208 ], [ 583909.115, 174866.277299999987 ], [ 583990.855699999956, 174914.546599999012 ], [ 583995.436, 174947.3134 ], [ 584019.3945, 174923.354900000995258 ] ] ], [ [ [ 583324.6, 174839.470000000990694 ], [ 583283.39, 174758.789999998989515 ], [ 583310.8, 174876.779999999009306 ], [ 583324.6, 174839.470000000990694 ] ] ], [ [ [ 583347.33, 174785.9 ], [ 583302.23, 174744.810000000987202 ], [ 583345.83, 174807.73 ], [ 583340.93, 174876.11 ], [ 583378.1, 174904.460000001010485 ], [ 583370.71, 174876.949999998993007 ], [ 583347.33, 174785.9 ] ] ], [ [ [ 585341.9, 174866.0 ], [ 585325.8, 174829.9 ], [ 585248.4, 174855.6 ], [ 585341.9, 174866.0 ] ] ], [ [ [ 585214.6, 174853.48 ], [ 585036.12, 174775.939999999012798 ], [ 585022.2, 174834.9 ], [ 585059.9, 174827.6 ], [ 585021.7, 174858.4 ], [ 585072.9, 174886.1 ], [ 585214.6, 174853.48 ] ] ], [ [ [ 585012.43, 174977.6400000010035 ], [ 584957.3, 174905.0 ], [ 585016.82, 174964.130000000994187 ], [ 585062.17, 174939.67 ], [ 584983.1, 174879.85 ], [ 584971.95, 174782.99 ], [ 584923.85, 174872.25 ], [ 584938.43, 174912.11 ], [ 584891.15, 174884.99 ], [ 584868.05, 174899.3900000010035 ], [ 584911.34, 174926.68 ], [ 584866.76, 174920.77 ], [ 584973.5465, 174997.138800001004711 ], [ 585012.43, 174977.6400000010035 ] ] ], [ [ [ 583596.844399999944, 175012.811599999986 ], [ 583631.961, 174938.664100001013139 ], [ 583665.7865, 174929.6293 ], [ 583698.0391, 174978.9278 ], [ 583712.4886, 174954.25 ], [ 583675.4719, 174921.616900001012255 ], [ 583626.1163, 174908.4662 ], [ 583578.5466, 174961.3936 ], [ 583635.0457, 174880.541300001001218 ], [ 583620.9438, 174781.584100000996841 ], [ 583592.1672, 174734.162099999987 ], [ 583556.4937, 174806.6982 ], [ 583480.152499999967, 174794.3314 ], [ 583492.7571, 174754.852700001007179 ], [ 583451.613699999987, 174687.786599999002647 ], [ 583477.060799999977, 174604.072799999004928 ], [ 583441.625099999947, 174600.7433 ], [ 583423.0749, 174688.9757 ], [ 583459.033799999976, 174771.3101 ], [ 583433.158599999966, 174817.352700001007179 ], [ 583473.4934, 174876.9036 ], [ 583435.441699999967, 174932.6494 ], [ 583389.5894, 174907.9157 ], [ 583426.880099999951, 174943.208699998998782 ], [ 583386.2123, 174975.7905 ], [ 583459.6959, 175021.1404 ], [ 583449.1403, 175037.862299998989329 ], [ 583421.743099999963, 175051.941500001004897 ], [ 583468.0133, 175054.5242 ], [ 583553.341099999961, 175070.739 ], [ 583561.6212, 175075.7314 ], [ 583568.5618, 175106.051000000996282 ], [ 583600.586099999957, 175104.9551 ], [ 583654.8732, 175079.085000001010485 ], [ 583596.844399999944, 175012.811599999986 ] ] ], [ [ [ 583747.6, 174946.0 ], [ 583759.0, 174904.9 ], [ 583727.8, 174911.199999998993007 ], [ 583756.8, 174877.699999998993007 ], [ 583724.4, 174899.0 ], [ 583747.8, 174870.4 ], [ 583667.4, 174855.5 ], [ 583744.7, 174992.5 ], [ 583747.6, 174946.0 ] ] ], [ [ [ 583824.9, 174976.300000001006993 ], [ 583802.8, 174956.4 ], [ 583829.0, 174969.699999998993007 ], [ 583842.8, 174946.9 ], [ 583809.7, 174930.5 ], [ 583845.9, 174937.800000001006993 ], [ 583795.6, 174881.699999998993007 ], [ 583786.1, 174971.9 ], [ 583824.9, 174976.300000001006993 ] ] ], [ [ [ 583399.25, 174939.720000000990694 ], [ 583341.36, 174906.529999999009306 ], [ 583364.37, 174949.93 ], [ 583318.07, 174991.470000000990694 ], [ 583339.7, 175009.199999998993007 ], [ 583399.25, 174939.720000000990694 ] ] ] ] } }
]
}
